"1","algorithms","algorithms","0","bioinformatics","8287"
"2","internet","internet","0","bioinformatics","426"
"3","genes","genes","0","bioinformatics","922"
"4","information science","information science","0","bioinformatics","102"
"5","dna sequence","dna sequence","0","bioinformatics","4094"
"6","data base","data base","0","bioinformatics","731"
"7","genetic database","genetic database","0","bioinformatics","0"
"8","computer simulation","computer simulation","0","bioinformatics","7784"
"9","artificial intelligence","artificial intelligence","0","bioinformatics","1110"
"10","data mining","data mining","0","bioinformatics","72"
"11","biocommunications","biocommunications","0","bioinformatics","1"
"12","cluster analysis","cluster analysis","0","bioinformatics","319"
"13","information retrieval","information retrieval","0","bioinformatics","628"
"14","protein database","protein database","0","bioinformatics","6"
"15","computer interface","##29254","1","bioinformatics","96"
"16","user-computer interface","##29254","1","bioinformatics","96"
"17","molecular cloning","molecular cloning","0","bioinformatics","5955"
"18","information storage and retrieval","information storage and retrieval","0","bioinformatics","42"
"19","data sets","data sets","0","bioinformatics","0"
"20","automation","automation","0","bioinformatics","842"
"21","classification","classification","0","bioinformatics","1511"
"22","forecasting","forecasting","0","bioinformatics","736"
"23","genetic algorithm","##29021","1","bioinformatics","475"
"24","quality control","quality control","0","bioinformatics","1226"
"25","database systems","database systems","0","bioinformatics","1747"
"26","neural networks","##29022","1","bioinformatics","2639"
"27","database management systems","database management systems","0","bioinformatics","39"
"28","learning systems","learning systems","0","bioinformatics","1301"
"29","probability","probability","0","bioinformatics","1889"
"30","research","research","0","bioinformatics","1005"
"31","optimization","optimization","0","bioinformatics","3065"
"32","arabidopsis","##31135","1","bioinformatics","657"
"33","semantics","##29518","1","bioinformatics","371"
"34","mathematical models","mathematical models","0","bioinformatics","7364"
"35","international conferences","international conferences","0","bioinformatics","1"
"36","support vector machines","##29298","1","bioinformatics","3"
"37","pattern recognition","pattern recognition","0","bioinformatics","1707"
"38","feature extraction","feature extraction","0","bioinformatics","958"
"39","computer graphics","computer graphics","0","bioinformatics","854"
"40","machine learning","##29015","1","bioinformatics","50"
"41","information technology","information technology","0","bioinformatics","1035"
"42","clustering algorithms","##29184","1","bioinformatics","34"
"43","simulation","simulation","0","bioinformatics","795"
"44","online system","##29012","1","bioinformatics","512"
"45","pattern recognition, automated","pattern recognition, automated","0","bioinformatics","38"
"46","computer networks","computer networks","0","bioinformatics","1140"
"47","computer science","computer science","0","bioinformatics","309"
"48","data processing","data processing","0","bioinformatics","795"
"49","ontology","##29013","1","bioinformatics","25"
"50","support vector machine","##29298","1","bioinformatics","3"
"51","technology","technology","0","bioinformatics","493"
"52","problem solving","problem solving","0","bioinformatics","1750"
"53","classification (of information)","classification (of information)","0","bioinformatics","202"
"54","reliability","reliability","0","bioinformatics","891"
"55","trees (mathematics)","##31109","1","bioinformatics","378"
"56","tools","tools","0","bioinformatics","29"
"57","data reduction","data reduction","0","bioinformatics","401"
"58","three dimensional","three dimensional","0","bioinformatics","761"
"59","correlation analysis","##31154","1","bioinformatics","18"
"60","computer system","##29295","1","bioinformatics","696"
"61","energy consumption","##30589","1","electric load forecasting","51"
"62","neural networks","##29022","1","electric load forecasting","2639"
"63","wireless sensor networks","##29304","1","electric load forecasting","1"
"64","sensor networks","##29277","1","electric load forecasting","4"
"65","forecasting","forecasting","0","electric load forecasting","736"
"66","wireless telecommunication systems","wireless telecommunication systems","0","electric load forecasting","10"
"67","algorithms","algorithms","0","electric load forecasting","8287"
"68","optimization","optimization","0","electric load forecasting","3065"
"69","energy efficiency","energy efficiency","0","electric load forecasting","34"
"70","mathematical models","mathematical models","0","electric load forecasting","7364"
"71","computer simulation","computer simulation","0","electric load forecasting","7784"
"72","sensors","sensors","0","electric load forecasting","780"
"73","telecommunication equipment","telecommunication equipment","0","electric load forecasting","40"
"74","energy utilization","energy utilization","0","electric load forecasting","51"
"75","short term load forecasting","##29932","1","electric load forecasting","1"
"76","sensor nodes","##29279","1","electric load forecasting","0"
"77","simulation result","simulation result","0","electric load forecasting","1"
"78","routing algorithms","##29002","1","electric load forecasting","32"
"79","routing protocols","##29054","1","electric load forecasting","8"
"80","genetic algorithms","##29021","1","electric load forecasting","475"
"81","clustering algorithms","##29184","1","electric load forecasting","34"
"82","energy policy","energy policy","0","electric load forecasting","11"
"83","energy conservation","energy conservation","0","electric load forecasting","42"
"84","support vector machines","##29298","1","electric load forecasting","3"
"85","ad hoc networks","##29089","1","electric load forecasting","3"
"86","artificial neural network","##29687","1","electric load forecasting","501"
"87","wireless networks","##29280","1","electric load forecasting","35"
"88","regression analysis","regression analysis","0","electric load forecasting","2078"
"89","artificial intelligence","artificial intelligence","0","electric load forecasting","1110"
"90","energy management","energy management","0","electric load forecasting","11"
"91","power load","power load","0","electric load forecasting","0"
"92","backpropagation","##29866","1","electric load forecasting","389"
"93","network lifetime","network lifetime","0","electric load forecasting","0"
"94","hybrid sensors","hybrid sensors","0","electric load forecasting","0"
"95","computer networks","computer networks","0","electric load forecasting","1140"
"96","international conferences","international conferences","0","electric load forecasting","1"
"97","particle swarm optimization (pso)","particle swarm optimization (pso)","0","electric load forecasting","0"
"98","intelligent systems","intelligent systems","0","electric load forecasting","16"
"99","network protocols","network protocols","0","electric load forecasting","1252"
"100","learning algorithms","##29192","1","electric load forecasting","626"
"101","computer science","computer science","0","electric load forecasting","309"
"102","forecasting models","##31118","1","electric load forecasting","1"
"103","short-term load forecasting","##29932","1","electric load forecasting","1"
"104","simulation results","simulation results","0","electric load forecasting","13"
"105","fuzzy sets","##29287","1","electric load forecasting","1137"
"106","scheduling algorithms","##29263","1","electric load forecasting","18"
"107","fuzzy systems","##29293","1","electric load forecasting","47"
"108","costs","costs","0","electric load forecasting","447"
"109","wireless sensor network","##29304","1","electric load forecasting","1"
"110","learning systems","learning systems","0","electric load forecasting","1301"
"111","scheduling","scheduling","0","electric load forecasting","556"
"112","mobile computing","mobile computing","0","electric load forecasting","34"
"113","telecommunication networks","telecommunication networks","0","electric load forecasting","497"
"114","information technology","information technology","0","electric load forecasting","1035"
"115","vectors","vectors","0","electric load forecasting","1358"
"116","boolean functions","boolean functions","0","electric load forecasting","248"
"117","real time systems","##29005","1","electric load forecasting","1282"
"118","energy consumptions","##30589","1","electric load forecasting","51"
"119","fuzzy logic","##29288","1","electric load forecasting","130"
"120","intelligent control","intelligent control","0","electric load forecasting","197"
"121","multi agent systems","##29008","1","intelligent agents","28"
"122","artificial intelligence","artificial intelligence","0","intelligent agents","1110"
"123","computer simulation","computer simulation","0","intelligent agents","7784"
"124","mathematical models","mathematical models","0","intelligent agents","7364"
"125","algorithms","algorithms","0","intelligent agents","8287"
"126","learning systems","learning systems","0","intelligent agents","1301"
"127","autonomous agents","autonomous agents","0","intelligent agents","12"
"128","agents","##29164","1","intelligent agents","87"
"129","problem solving","problem solving","0","intelligent agents","1750"
"130","user interfaces","##29004","1","intelligent agents","1282"
"131","software agents","##29206","1","intelligent agents","13"
"132","semantics","##29518","1","intelligent agents","371"
"133","decision making","decision making","0","intelligent agents","962"
"134","multi-agent systems","##29008","1","intelligent agents","28"
"135","electronic commerce","electronic commerce","0","intelligent agents","25"
"136","virtual reality","virtual reality","0","intelligent agents","458"
"137","intelligent systems","intelligent systems","0","intelligent agents","16"
"138","neural networks","##29022","1","intelligent agents","2639"
"139","knowledge based systems","##29006","1","intelligent agents","846"
"140","intelligent virtual agents","intelligent virtual agents","0","intelligent agents","0"
"141","distributed computer systems","distributed computer systems","0","intelligent agents","936"
"142","world wide web","world wide web","0","intelligent agents","297"
"143","ontology","##29013","1","intelligent agents","25"
"144","internet","internet","0","intelligent agents","426"
"145","optimization","optimization","0","intelligent agents","3065"
"146","mobile agents","##29096","1","intelligent agents","7"
"147","multi-agent system","##29008","1","intelligent agents","28"
"148","human computer interaction","##29000","1","intelligent agents","609"
"149","information technology","information technology","0","intelligent agents","1035"
"150","computer architecture","computer architecture","0","intelligent agents","1515"
"151","data mining","data mining","0","intelligent agents","72"
"152","computer software","computer software","0","intelligent agents","2850"
"153","multi-agent","multi-agent","0","intelligent agents","0"
"154","information retrieval","information retrieval","0","intelligent agents","628"
"155","game theory","game theory","0","intelligent agents","121"
"156","software engineering","software engineering","0","intelligent agents","976"
"157","intelligent agent","##29018","1","intelligent agents","28"
"158","reinforcement learning","reinforcement learning","0","intelligent agents","37"
"159","learning algorithms","##29192","1","intelligent agents","626"
"160","decision support systems","##29291","1","intelligent agents","425"
"161","robotics","robotics","0","intelligent agents","546"
"162","computer science","computer science","0","intelligent agents","309"
"163","information systems","##29011","1","intelligent agents","380"
"164","information management","information management","0","intelligent agents","389"
"165","sensors","sensors","0","intelligent agents","780"
"166","database systems","database systems","0","intelligent agents","1747"
"167","network protocols","network protocols","0","intelligent agents","1252"
"168","cognitive systems","cognitive systems","0","intelligent agents","166"
"169","agent based","##29190","1","intelligent agents","0"
"170","web services","##28995","1","intelligent agents","3"
"171","semantic web","##31848","1","intelligent agents","1"
"172","behavioral research","behavioral research","0","intelligent agents","110"
"173","international conferences","international conferences","0","intelligent agents","1"
"174","automation","automation","0","intelligent agents","842"
"175","fuzzy sets","##29287","1","intelligent agents","1137"
"176","real time systems","##29005","1","intelligent agents","1282"
"177","computational methods","computational methods","0","intelligent agents","1375"
"178","multi agent system (mas)","##29008","1","intelligent agents","28"
"179","computer networks","computer networks","0","intelligent agents","1140"
"180","communication","communication","0","intelligent agents","239"
"181","multiobjective optimization","##31879","1","multi-objective optimization","5"
"182","evolutionary algorithms","##29148","1","multi-objective optimization","21"
"183","genetic algorithms","##29021","1","multi-objective optimization","475"
"184","algorithms","algorithms","0","multi-objective optimization","8287"
"185","multi objective optimizations (moo)","##31879","1","multi-objective optimization","5"
"186","multi-objective optimization problem","##31879","1","multi-objective optimization","5"
"187","optimization","optimization","0","multi-objective optimization","3065"
"188","genetic algorithm","##29021","1","multi-objective optimization","475"
"189","pareto principle","pareto principle","0","multi-objective optimization","0"
"190","particle swarm optimization (pso)","particle swarm optimization (pso)","0","multi-objective optimization","0"
"191","nsga-ii","nsga-ii","0","multi-objective optimization","0"
"192","problem solving","problem solving","0","multi-objective optimization","1750"
"193","objective functions","##29593","1","multi-objective optimization","43"
"194","design","design","0","multi-objective optimization","439"
"195","pareto optimal solutions","##31087","1","multi-objective optimization","0"
"196","computer simulation","computer simulation","0","multi-objective optimization","7784"
"197","pareto front","pareto front","0","multi-objective optimization","0"
"198","particle swarm optimization","##29857","1","multi-objective optimization","0"
"199","evolutionary algorithm","##29148","1","multi-objective optimization","21"
"200","mathematical models","mathematical models","0","multi-objective optimization","7364"
"201","multi-objective genetic algorithm","##29536","1","multi-objective optimization","0"
"202","artificial intelligence","artificial intelligence","0","multi-objective optimization","1110"
"203","nondominated solutions","nondominated solutions","0","multi-objective optimization","0"
"204","decision making","decision making","0","multi-objective optimization","962"
"205","scheduling","scheduling","0","multi-objective optimization","556"
"206","multi-objective problem","multi-objective problem","0","multi-objective optimization","0"
"207","optimal solutions","optimal solutions","0","multi-objective optimization","2"
"208","convergence of numerical methods","convergence of numerical methods","0","multi-objective optimization","640"
"209","constrained optimization","constrained optimization","0","multi-objective optimization","18"
"210","multi objective particle swarm optimization","multi objective particle swarm optimization","0","multi-objective optimization","0"
"211","differential evolution","##29854","1","multi-objective optimization","0"
"212","neural networks","##29022","1","multi-objective optimization","2639"
"213","mathematical operators","mathematical operators","0","multi-objective optimization","336"
"214","multi-objective optimization models","multi-objective optimization models","0","multi-objective optimization","0"
"215","non-dominated sorting genetic algorithms","non-dominated sorting genetic algorithms","0","multi-objective optimization","0"
"216","scheduling algorithms","##29263","1","multi-objective optimization","18"
"217","benchmarking","benchmarking","0","multi-objective optimization","19"
"218","particle swarm","##29857","1","multi-objective optimization","0"
"219","heuristic algorithms","##29281","1","multi-objective optimization","25"
"220","heuristic methods","heuristic methods","0","multi-objective optimization","499"
"221","single objective optimization","single objective optimization","0","multi-objective optimization","0"
"222","computational complexity","computational complexity","0","multi-objective optimization","1791"
"223","integer programming","integer programming","0","multi-objective optimization","95"
"224","multiple objectives","multiple objectives","0","multi-objective optimization","1"
"225","simulation result","simulation result","0","multi-objective optimization","1"
"226","multi objective algorithm","multi objective algorithm","0","multi-objective optimization","0"
"227","fuzzy sets","##29287","1","multi-objective optimization","1137"
"228","evolutionary multiobjective optimization","##29455","1","multi-objective optimization","0"
"229","pareto-optimal front","pareto-optimal front","0","multi-objective optimization","0"
"230","intelligent systems","intelligent systems","0","multi-objective optimization","16"
"231","costs","costs","0","multi-objective optimization","447"
"232","evolutionary computation","##29400","1","multi-objective optimization","10"
"233","decision makers","##29916","1","multi-objective optimization","7"
"234","learning algorithms","##29192","1","multi-objective optimization","626"
"235","combinatorial optimization","##31831","1","multi-objective optimization","42"
"236","pareto solution","pareto solution","0","multi-objective optimization","0"
"237","pareto dominance","pareto dominance","0","multi-objective optimization","0"
"238","crowding distance","crowding distance","0","multi-objective optimization","0"
"239","pareto-optimal","##31113","1","multi-objective optimization","1"
"240","pareto-optimal sets","pareto-optimal sets","0","multi-objective optimization","0"
"241","java programming language","java programming language","0","type systems","13"
"242","semantics","##29518","1","type systems","371"
"243","linguistics","linguistics","0","type systems","340"
"244","computer programming languages","computer programming languages","0","type systems","596"
"245","object oriented programming","##29183","1","type systems","877"
"246","computer software","computer software","0","type systems","2850"
"247","query languages","query languages","0","type systems","425"
"248","calculations","calculations","0","type systems","1242"
"249","functional programming","functional programming","0","type systems","20"
"250","program compilers","program compilers","0","type systems","339"
"251","type inferences","##30313","1","type systems","2"
"252","type system","##29716","1","type systems","4"
"253","programming language","programming language","0","type systems","3"
"254","algorithms","algorithms","0","type systems","8287"
"255","typechecking","typechecking","0","type systems","1"
"256","operational semantics","operational semantics","0","type systems","14"
"257","computer programming","computer programming","0","type systems","387"
"258","abstracting","abstracting","0","type systems","29"
"259","differentiation (calculus)","differentiation (calculus)","0","type systems","84"
"260","computer systems programming","computer systems programming","0","type systems","230"
"261","runtimes","runtimes","0","type systems","0"
"262","computer science","computer science","0","type systems","309"
"263","inference engines","inference engines","0","type systems","207"
"264","dependent types","dependent types","0","type systems","1"
"265","security of data","security of data","0","type systems","395"
"266","static analysis","static analysis","0","type systems","11"
"267","software engineering","software engineering","0","type systems","976"
"268","data structures","data structures","0","type systems","1678"
"269","haskell","haskell","0","type systems","1"
"270","type inference","##30313","1","type systems","2"
"271","artificial intelligence","artificial intelligence","0","type systems","1110"
"272","subtypings","subtypings","0","type systems","0"
"273","functional languages","functional languages","0","type systems","10"
"274","codes (symbols)","codes (symbols)","0","type systems","651"
"275","type safety","type safety","0","type systems","1"
"276","object-oriented languages","object-oriented languages","0","type systems","2"
"277","xml","xml","0","type systems","0"
"278","model checking","##29186","1","type systems","24"
"279","theorem proving","theorem proving","0","type systems","401"
"280","embedded systems","##29262","1","type systems","43"
"281","java","java","0","type systems","10"
"282","syntactics","syntactics","0","type systems","8"
"283","specifications","##29196","1","type systems","382"
"284","access control","access control","0","type systems","35"
"285","formal logic","formal logic","0","type systems","455"
"286","security systems","security systems","0","type systems","34"
"287","formal methods","##29204","1","type systems","29"
"288","design","design","0","type systems","439"
"289","optimization","optimization","0","type systems","3065"
"290","high level languages","high level languages","0","type systems","110"
"291","information theory","information theory","0","type systems","323"
"292","cryptography","cryptography","0","type systems","204"
"293","international conferences","international conferences","0","type systems","1"
"294","concurrency control","concurrency control","0","type systems","153"
"295","programming theory","programming theory","0","type systems","212"
"296","logic programming","logic programming","0","type systems","258"
"297","automata theory","automata theory","0","type systems","111"
"298","algebra","algebra","0","type systems","328"
"299","problem solving","problem solving","0","type systems","1750"
"300","translation (languages)","translation (languages)","0","type systems","15"
"301","adaptive control","##31881","1","adaptive control systems","319"
"302","computer simulation","computer simulation","0","adaptive control systems","7784"
"303","neural networks","##29022","1","adaptive control systems","2639"
"304","algorithms","algorithms","0","adaptive control systems","8287"
"305","fuzzy control","fuzzy control","0","adaptive control systems","473"
"306","mathematical models","mathematical models","0","adaptive control systems","7364"
"307","control theory","control theory","0","adaptive control systems","353"
"308","parameter estimation","parameter estimation","0","adaptive control systems","1388"
"309","adaptive algorithms","##29816","1","adaptive control systems","379"
"310","robustness (control systems)","robustness (control systems)","0","adaptive control systems","426"
"311","nonlinear control systems","nonlinear control systems","0","adaptive control systems","233"
"312","robotics","robotics","0","adaptive control systems","546"
"313","simulation result","simulation result","0","adaptive control systems","1"
"314","optimization","optimization","0","adaptive control systems","3065"
"315","adaptive controllers","##31881","1","adaptive control systems","319"
"316","fuzzy sets","##29287","1","adaptive control systems","1137"
"317","closed loop control systems","closed loop control systems","0","adaptive control systems","184"
"318","intelligent control","intelligent control","0","adaptive control systems","197"
"319","fuzzy logic","##29288","1","adaptive control systems","130"
"320","learning systems","learning systems","0","adaptive control systems","1301"
"321","lyapunov methods","lyapunov methods","0","adaptive control systems","137"
"322","robust control","robust control","0","adaptive control systems","11"
"323","control system synthesis","control system synthesis","0","adaptive control systems","313"
"324","sliding mode control","##30977","1","adaptive control systems","13"
"325","manipulators","##29181","1","adaptive control systems","405"
"326","backstepping","backstepping","0","adaptive control systems","1"
"327","learning algorithms","##29192","1","adaptive control systems","626"
"328","control system analysis","control system analysis","0","adaptive control systems","146"
"329","real time systems","##29005","1","adaptive control systems","1282"
"330","artificial intelligence","artificial intelligence","0","adaptive control systems","1110"
"331","uncertain systems","##30670","1","adaptive control systems","7"
"332","robots","##29077","1","adaptive control systems","259"
"333","convergence of numerical methods","convergence of numerical methods","0","adaptive control systems","640"
"334","control systems","control systems","0","adaptive control systems","345"
"335","fuzzy systems","##29293","1","adaptive control systems","47"
"336","control schemes","control schemes","0","adaptive control systems","4"
"337","control system stability","control system stability","0","adaptive control systems","0"
"338","tracking errors","tracking errors","0","adaptive control systems","6"
"339","sensors","sensors","0","adaptive control systems","780"
"340","two term control systems","two term control systems","0","adaptive control systems","44"
"341","external disturbances","external disturbances","0","adaptive control systems","2"
"342","lyapunov functions","##30946","1","adaptive control systems","10"
"343","discrete time control systems","discrete time control systems","0","adaptive control systems","149"
"344","process control","process control","0","adaptive control systems","345"
"345","delay control systems","delay control systems","0","adaptive control systems","25"
"346","signal processing","signal processing","0","adaptive control systems","1070"
"347","state feedback","state feedback","0","adaptive control systems","4"
"348","neural network","##29022","1","adaptive control systems","2639"
"349","approximation theory","approximation theory","0","adaptive control systems","1251"
"350","motion control","motion control","0","adaptive control systems","242"
"351","control equipment","control equipment","0","adaptive control systems","154"
"352","linear control systems","linear control systems","0","adaptive control systems","142"
"353","time varying control systems","time varying control systems","0","adaptive control systems","46"
"354","asymptotic stability","asymptotic stability","0","adaptive control systems","141"
"355","problem solving","problem solving","0","adaptive control systems","1750"
"356","synchronization","synchronization","0","adaptive control systems","471"
"357","intelligent systems","intelligent systems","0","adaptive control systems","16"
"358","chaotic systems","##29179","1","adaptive control systems","11"
"359","mobile robots","##29159","1","adaptive control systems","319"
"360","design","design","0","adaptive control systems","439"
"361","neural networks","##29022","1","artificial neural network","2639"
"362","neural networks (computer)","##29022","1","artificial neural network","2639"
"363","algorithms","algorithms","0","artificial neural network","8287"
"364","computer simulation","computer simulation","0","artificial neural network","7784"
"365","artificial intelligence","artificial intelligence","0","artificial neural network","1110"
"366","artificial neural networks","##29687","1","artificial neural network","501"
"367","backpropagation","##29866","1","artificial neural network","389"
"368","mathematical models","mathematical models","0","artificial neural network","7364"
"369","forecasting","forecasting","0","artificial neural network","736"
"370","neural network","##29022","1","artificial neural network","2639"
"371","regression analysis","regression analysis","0","artificial neural network","2078"
"372","optimization","optimization","0","artificial neural network","3065"
"373","learning systems","learning systems","0","artificial neural network","1301"
"374","signal processing","signal processing","0","artificial neural network","1070"
"375","pattern recognition","pattern recognition","0","artificial neural network","1707"
"376","pattern recognition, automated","pattern recognition, automated","0","artificial neural network","38"
"377","classification","classification","0","artificial neural network","1511"
"378","simulation","simulation","0","artificial neural network","795"
"379","learning algorithms","##29192","1","artificial neural network","626"
"380","automated pattern recognition","automated pattern recognition","0","artificial neural network","13"
"381","probability","probability","0","artificial neural network","1889"
"382","principal component analysis","principal component analysis","0","artificial neural network","122"
"383","genetic algorithm","##29021","1","artificial neural network","475"
"384","support vector machine","##29298","1","artificial neural network","3"
"385","image processing","image processing","0","artificial neural network","1923"
"386","feature extraction","feature extraction","0","artificial neural network","958"
"387","machine learning","##29015","1","artificial neural network","50"
"388","genetic algorithms","##29021","1","artificial neural network","475"
"389","cluster analysis","cluster analysis","0","artificial neural network","319"
"390","fuzzy logic","##29288","1","artificial neural network","130"
"391","signal processing, computer-assisted","signal processing, computer-assisted","0","artificial neural network","237"
"392","support vector machines","##29298","1","artificial neural network","3"
"393","image analysis","image analysis","0","artificial neural network","1731"
"394","robotics","robotics","0","artificial neural network","546"
"395","problem solving","problem solving","0","artificial neural network","1750"
"396","learning algorithm","##29192","1","artificial neural network","626"
"397","data sets","data sets","0","artificial neural network","0"
"398","recurrent neural networks","##30683","1","artificial neural network","52"
"399","automation","automation","0","artificial neural network","842"
"400","feedforward neural networks","##29199","1","artificial neural network","254"
"401","bayes theorem","bayes theorem","0","artificial neural network","95"
"402","data base","data base","0","artificial neural network","731"
"403","quality control","quality control","0","artificial neural network","1226"
"404","data mining","data mining","0","artificial neural network","72"
"405","estimation","estimation","0","artificial neural network","959"
"406","decision making","decision making","0","artificial neural network","962"
"407","information retrieval","information retrieval","0","artificial neural network","628"
"408","classification (of information)","classification (of information)","0","artificial neural network","202"
"409","fuzzy sets","##29287","1","artificial neural network","1137"
"410","data processing","data processing","0","artificial neural network","795"
"411","computer assisted diagnosis","computer assisted diagnosis","0","artificial neural network","98"
"412","bioinformatics","bioinformatics","0","artificial neural network","6"
"413","backpropagation algorithms","##29866","1","artificial neural network","389"
"414","vectors","vectors","0","artificial neural network","1358"
"415","multilayer neural networks","multilayer neural networks","0","artificial neural network","8"
"416","image classification","image classification","0","artificial neural network","69"
"417","fuzzy neural networks","##30664","1","artificial neural network","33"
"418","correlation analysis","##31154","1","artificial neural network","18"
"419","ann","ann","0","artificial neural network","0"
"420","correlation coefficient","##31154","1","artificial neural network","18"
"421","inference engines","inference engines","0","bayesian networks","207"
"422","algorithms","algorithms","0","bayesian networks","8287"
"423","distributed parameter networks","distributed parameter networks","0","bayesian networks","11"
"424","intelligent networks","intelligent networks","0","bayesian networks","106"
"425","bayesian","##29900","1","bayesian networks","21"
"426","artificial intelligence","artificial intelligence","0","bayesian networks","1110"
"427","bayesian inference","bayesian inference","0","bayesian networks","14"
"428","learning systems","learning systems","0","bayesian networks","1301"
"429","bayesian approaches","##29662","1","bayesian networks","13"
"430","mathematical models","mathematical models","0","bayesian networks","7364"
"431","probability","probability","0","bayesian networks","1889"
"432","bayesian network","##29016","1","bayesian networks","43"
"433","speech recognition","speech recognition","0","bayesian networks","845"
"434","estimation","estimation","0","bayesian networks","959"
"435","computer simulation","computer simulation","0","bayesian networks","7784"
"436","markov processes","##29290","1","bayesian networks","631"
"437","signal processing","signal processing","0","bayesian networks","1070"
"438","neural networks","##29022","1","bayesian networks","2639"
"439","parameter estimation","parameter estimation","0","bayesian networks","1388"
"440","learning algorithms","##29192","1","bayesian networks","626"
"441","probability distributions","##29294","1","bayesian networks","17"
"442","bayes theorem","bayes theorem","0","bayesian networks","95"
"443","optimization","optimization","0","bayesian networks","3065"
"444","data sets","data sets","0","bayesian networks","0"
"445","bayesian methods","##29900","1","bayesian networks","21"
"446","bayesian estimations","##29565","1","bayesian networks","14"
"447","forecasting","forecasting","0","bayesian networks","736"
"448","feature extraction","feature extraction","0","bayesian networks","958"
"449","decision making","decision making","0","bayesian networks","962"
"450","image segmentation","image segmentation","0","bayesian networks","818"
"451","knowledge based systems","##29006","1","bayesian networks","846"
"452","speech analysis","speech analysis","0","bayesian networks","495"
"453","bayesian model","bayesian model","0","bayesian networks","3"
"454","data mining","data mining","0","bayesian networks","72"
"455","bayesian analysis","bayesian analysis","0","bayesian networks","12"
"456","classification (of information)","classification (of information)","0","bayesian networks","202"
"457","problem solving","problem solving","0","bayesian networks","1750"
"458","sensors","sensors","0","bayesian networks","780"
"459","classifiers","##29191","1","bayesian networks","22"
"460","bayesian estimation","##29565","1","bayesian networks","14"
"461","image processing","image processing","0","bayesian networks","1923"
"462","regression analysis","regression analysis","0","bayesian networks","2078"
"463","computer vision","computer vision","0","bayesian networks","931"
"464","hidden markov models","##29842","1","bayesian networks","145"
"465","dynamic bayesian network","##29339","1","bayesian networks","0"
"466","semantics","##29518","1","bayesian networks","371"
"467","dynamic bayesian networks","##29339","1","bayesian networks","0"
"468","bayesian frameworks","##29785","1","bayesian networks","10"
"469","pattern recognition","pattern recognition","0","bayesian networks","1707"
"470","posterior distributions","posterior distributions","0","bayesian networks","0"
"471","decision theory","decision theory","0","bayesian networks","348"
"472","probability density function","probability density function","0","bayesian networks","314"
"473","graphic methods","graphic methods","0","bayesian networks","112"
"474","information fusion","information fusion","0","bayesian networks","18"
"475","decision support systems","##29291","1","bayesian networks","425"
"476","classification","classification","0","bayesian networks","1511"
"477","gaussian distribution","gaussian distribution","0","bayesian networks","13"
"478","data processing","data processing","0","bayesian networks","795"
"479","computational complexity","computational complexity","0","bayesian networks","1791"
"480","statistical methods","statistical methods","0","bayesian networks","1163"
"541","three dimensional","three dimensional","0","three dimensional computer graphics","761"
"542","algorithms","algorithms","0","three dimensional computer graphics","8287"
"543","virtual reality","virtual reality","0","three dimensional computer graphics","458"
"544","visualization","visualization","0","three dimensional computer graphics","395"
"545","computer simulation","computer simulation","0","three dimensional computer graphics","7784"
"546","computer vision","computer vision","0","three dimensional computer graphics","931"
"547","animation","animation","0","three dimensional computer graphics","256"
"548","image reconstruction","image reconstruction","0","three dimensional computer graphics","840"
"549","interactive computer graphics","interactive computer graphics","0","three dimensional computer graphics","296"
"550","computational geometry","computational geometry","0","three dimensional computer graphics","678"
"551","mathematical models","mathematical models","0","three dimensional computer graphics","7364"
"552","image analysis","image analysis","0","three dimensional computer graphics","1731"
"553","image processing","image processing","0","three dimensional computer graphics","1923"
"554","cameras","cameras","0","three dimensional computer graphics","314"
"555","3d models","##30699","1","three dimensional computer graphics","2"
"556","computer aided design","##29007","1","three dimensional computer graphics","1033"
"557","user interfaces","##29004","1","three dimensional computer graphics","1282"
"558","feature extraction","feature extraction","0","three dimensional computer graphics","958"
"559","image segmentation","image segmentation","0","three dimensional computer graphics","818"
"560","3d visualization","3d visualization","0","three dimensional computer graphics","3"
"561","image quality","image quality","0","three dimensional computer graphics","840"
"562","object recognition","object recognition","0","three dimensional computer graphics","558"
"563","computer software","computer software","0","three dimensional computer graphics","2850"
"564","optimization","optimization","0","three dimensional computer graphics","3065"
"565","human computer interaction","##29000","1","three dimensional computer graphics","609"
"566","real time systems","##29005","1","three dimensional computer graphics","1282"
"567","data visualization","data visualization","0","three dimensional computer graphics","20"
"568","medical imaging","medical imaging","0","three dimensional computer graphics","428"
"569","computer graphics","computer graphics","0","three dimensional computer graphics","854"
"570","robotics","robotics","0","three dimensional computer graphics","546"
"571","data structures","data structures","0","three dimensional computer graphics","1678"
"572","geometry","geometry","0","three dimensional computer graphics","708"
"573","3d reconstruction","##29152","1","three dimensional computer graphics","21"
"574","graphical user interfaces","##29266","1","three dimensional computer graphics","567"
"575","face recognition","face recognition","0","three dimensional computer graphics","75"
"576","computerized tomography","computerized tomography","0","three dimensional computer graphics","168"
"577","artificial intelligence","artificial intelligence","0","three dimensional computer graphics","1110"
"578","finite element method","finite element method","0","three dimensional computer graphics","817"
"579","imaging systems","imaging systems","0","three dimensional computer graphics","421"
"580","computational methods","computational methods","0","three dimensional computer graphics","1375"
"581","3-d modeling","##30699","1","three dimensional computer graphics","2"
"582","sensors","sensors","0","three dimensional computer graphics","780"
"583","3d simulations","##29309","1","three dimensional computer graphics","0"
"584","database systems","database systems","0","three dimensional computer graphics","1747"
"585","display devices","display devices","0","three dimensional computer graphics","156"
"586","image coding","image coding","0","three dimensional computer graphics","1071"
"587","three dimensional imaging","three dimensional imaging","0","three dimensional computer graphics","205"
"588","stereo vision","stereo vision","0","three dimensional computer graphics","155"
"589","problem solving","problem solving","0","three dimensional computer graphics","1750"
"590","design","design","0","three dimensional computer graphics","439"
"591","signal processing","signal processing","0","three dimensional computer graphics","1070"
"592","image enhancement","image enhancement","0","three dimensional computer graphics","498"
"593","computational complexity","computational complexity","0","three dimensional computer graphics","1791"
"594","topology","topology","0","three dimensional computer graphics","346"
"595","data processing","data processing","0","three dimensional computer graphics","795"
"596","iterative methods","iterative methods","0","three dimensional computer graphics","941"
"597","augmented reality","augmented reality","0","three dimensional computer graphics","9"
"598","two dimensional","two dimensional","0","three dimensional computer graphics","176"
"599","multimedia systems","multimedia systems","0","three dimensional computer graphics","120"
"600","motion estimation","motion estimation","0","three dimensional computer graphics","127"
"601","fault tolerant computer systems","fault tolerant computer systems","0","computer system recovery","375"
"602","algorithms","algorithms","0","computer system recovery","8287"
"603","distributed computer systems","distributed computer systems","0","computer system recovery","936"
"604","network protocols","network protocols","0","computer system recovery","1252"
"605","computer simulation","computer simulation","0","computer system recovery","7784"
"606","mathematical models","mathematical models","0","computer system recovery","7364"
"607","computer software","computer software","0","computer system recovery","2850"
"608","data communication systems","data communication systems","0","computer system recovery","1261"
"609","computer networks","computer networks","0","computer system recovery","1140"
"610","reliability","reliability","0","computer system recovery","891"
"611","computer architecture","computer architecture","0","computer system recovery","1515"
"612","real time systems","##29005","1","computer system recovery","1282"
"613","parallel processing systems","parallel processing systems","0","computer system recovery","1321"
"614","optimization","optimization","0","computer system recovery","3065"
"615","fault tolerance","##30717","1","computer system recovery","95"
"616","computational complexity","computational complexity","0","computer system recovery","1791"
"617","software engineering","software engineering","0","computer system recovery","976"
"618","problem solving","problem solving","0","computer system recovery","1750"
"619","data storage equipment","data storage equipment","0","computer system recovery","591"
"620","security of data","security of data","0","computer system recovery","395"
"621","internet","internet","0","computer system recovery","426"
"622","computer operating systems","computer operating systems","0","computer system recovery","416"
"623","systems analysis","systems analysis","0","computer system recovery","928"
"624","wireless telecommunication systems","wireless telecommunication systems","0","computer system recovery","10"
"625","database systems","database systems","0","computer system recovery","1747"
"626","performance","performance","0","computer system recovery","2532"
"627","data structures","data structures","0","computer system recovery","1678"
"628","probability","probability","0","computer system recovery","1889"
"629","computer systems programming","computer systems programming","0","computer system recovery","230"
"630","computer hardware","computer hardware","0","computer system recovery","834"
"631","communication channels (information theory)","communication channels (information theory)","0","computer system recovery","1163"
"632","synchronization","synchronization","0","computer system recovery","471"
"633","computational methods","computational methods","0","computer system recovery","1375"
"634","telecommunication networks","telecommunication networks","0","computer system recovery","497"
"635","data processing","data processing","0","computer system recovery","795"
"636","graph theory","graph theory","0","computer system recovery","761"
"637","wireless sensor networks","##29304","1","computer system recovery","1"
"638","storage allocation (computer)","storage allocation (computer)","0","computer system recovery","288"
"639","petri nets","##29122","1","computer system recovery","217"
"640","telecommunication traffic","telecommunication traffic","0","computer system recovery","842"
"641","quality of service","quality of service","0","computer system recovery","129"
"642","resource allocation","resource allocation","0","computer system recovery","482"
"643","object oriented programming","##29183","1","computer system recovery","877"
"644","wireless networks","##29280","1","computer system recovery","35"
"645","multiprocessing systems","multiprocessing systems","0","computer system recovery","336"
"646","sensor networks","##29277","1","computer system recovery","4"
"647","scheduling","scheduling","0","computer system recovery","556"
"648","information technology","information technology","0","computer system recovery","1035"
"649","codes (symbols)","codes (symbols)","0","computer system recovery","651"
"650","dilatometers","dilatometers","0","computer system recovery","2"
"651","program processors","program processors","0","computer system recovery","259"
"652","routers","##29205","1","computer system recovery","11"
"653","error recovery","error recovery","0","computer system recovery","10"
"654","computer science","computer science","0","computer system recovery","309"
"655","program debugging","program debugging","0","computer system recovery","187"
"656","concurrency control","concurrency control","0","computer system recovery","153"
"657","constraint theory","constraint theory","0","computer system recovery","1077"
"658","interfaces (computer)","interfaces (computer)","0","computer system recovery","427"
"659","interconnection networks","##29166","1","computer system recovery","371"
"660","ad hoc networks","##29089","1","computer system recovery","3"
"661","information systems","##29011","1","information visualization","380"
"662","visualization","visualization","0","information visualization","395"
"663","information analysis","information analysis","0","information visualization","90"
"664","data visualization","data visualization","0","information visualization","20"
"665","information science","information science","0","information visualization","102"
"666","user interfaces","##29004","1","information visualization","1282"
"667","human computer interaction","##29000","1","information visualization","609"
"668","information retrieval","information retrieval","0","information visualization","628"
"669","computer graphics","computer graphics","0","information visualization","854"
"670","visual analytics","visual analytics","0","information visualization","0"
"671","algorithms","algorithms","0","information visualization","8287"
"672","human engineering","human engineering","0","information visualization","178"
"673","graphical user interfaces","##29266","1","information visualization","567"
"674","data mining","data mining","0","information visualization","72"
"675","information management","information management","0","information visualization","389"
"676","design","design","0","information visualization","439"
"677","data reduction","data reduction","0","information visualization","401"
"678","world wide web","world wide web","0","information visualization","297"
"679","knowledge management","knowledge management","0","information visualization","5"
"680","semantics","##29518","1","information visualization","371"
"681","virtual reality","virtual reality","0","information visualization","458"
"682","visualization technique","##31845","1","information visualization","3"
"683","three dimensional computer graphics","three dimensional computer graphics","0","information visualization","466"
"684","data sets","data sets","0","information visualization","0"
"685","data structures","data structures","0","information visualization","1678"
"686","three dimensional","three dimensional","0","information visualization","761"
"687","graph theory","graph theory","0","information visualization","761"
"688","research","research","0","information visualization","1005"
"689","database systems","database systems","0","information visualization","1747"
"690","search engines","##29189","1","information visualization","12"
"691","computer software","computer software","0","information visualization","2850"
"692","interactive computer graphics","interactive computer graphics","0","information visualization","296"
"693","visualization tools","##31845","1","information visualization","3"
"694","visual representations","visual representations","0","information visualization","4"
"695","computer simulation","computer simulation","0","information visualization","7784"
"696","internet","internet","0","information visualization","426"
"697","interactive visualizations","##29450","1","information visualization","12"
"698","animation","animation","0","information visualization","256"
"699","artificial intelligence","artificial intelligence","0","information visualization","1110"
"700","user-computer interface","##29254","1","information visualization","96"
"701","decision making","decision making","0","information visualization","962"
"702","decision support systems","##29291","1","information visualization","425"
"703","visual analysis","visual analysis","0","information visualization","6"
"704","graph drawing","graph drawing","0","information visualization","10"
"705","computer interface","##29254","1","information visualization","96"
"706","drawing (graphics)","drawing (graphics)","0","information visualization","64"
"707","problem solving","problem solving","0","information visualization","1750"
"708","digital libraries","##29150","1","information visualization","36"
"709","interactive computer systems","interactive computer systems","0","information visualization","507"
"710","display devices","display devices","0","information visualization","156"
"711","computer science","computer science","0","information visualization","309"
"712","learning systems","learning systems","0","information visualization","1301"
"713","data processing","data processing","0","information visualization","795"
"714","parallel coordinates","parallel coordinates","0","information visualization","0"
"715","clustering","clustering","0","information visualization","84"
"716","metadata","metadata","0","information visualization","21"
"717","tools","tools","0","information visualization","29"
"718","mathematical models","mathematical models","0","information visualization","7364"
"719","social networks","##29010","1","information visualization","12"
"720","trees (mathematics)","##31109","1","information visualization","378"
"721","computer simulation","computer simulation","0","lyapunov methods","7784"
"722","mathematical models","mathematical models","0","lyapunov methods","7364"
"723","neural networks","##29022","1","lyapunov methods","2639"
"724","differential equations","differential equations","0","lyapunov methods","363"
"725","algorithms","algorithms","0","lyapunov methods","8287"
"726","lyapunov functions","##30946","1","lyapunov methods","10"
"727","matrix algebra","matrix algebra","0","lyapunov methods","1266"
"728","lyapunov exponent","##29968","1","lyapunov methods","15"
"729","adaptive control systems","##31881","1","lyapunov methods","319"
"730","asymptotic stability","asymptotic stability","0","lyapunov methods","141"
"731","nonlinear control systems","nonlinear control systems","0","lyapunov methods","233"
"732","fuzzy control","fuzzy control","0","lyapunov methods","473"
"733","robustness (control systems)","robustness (control systems)","0","lyapunov methods","426"
"734","chaotic systems","##29179","1","lyapunov methods","11"
"735","cryptography","cryptography","0","lyapunov methods","204"
"736","closed loop control systems","closed loop control systems","0","lyapunov methods","184"
"737","convergence of numerical methods","convergence of numerical methods","0","lyapunov methods","640"
"738","control system synthesis","control system synthesis","0","lyapunov methods","313"
"739","optimization","optimization","0","lyapunov methods","3065"
"740","uncertain systems","##30670","1","lyapunov methods","7"
"741","parameter estimation","parameter estimation","0","lyapunov methods","1388"
"742","functions","functions","0","lyapunov methods","956"
"743","block ciphers","##29034","1","lyapunov methods","4"
"744","linear matrix inequalities","##30592","1","lyapunov methods","8"
"745","theorem proving","theorem proving","0","lyapunov methods","401"
"746","problem solving","problem solving","0","lyapunov methods","1750"
"747","fuzzy sets","##29287","1","lyapunov methods","1137"
"748","control theory","control theory","0","lyapunov methods","353"
"749","discrete time control systems","discrete time control systems","0","lyapunov methods","149"
"750","vectors","vectors","0","lyapunov methods","1358"
"751","lyapunov exponents","##29968","1","lyapunov methods","15"
"752","control system analysis","control system analysis","0","lyapunov methods","146"
"753","manipulators","##29181","1","lyapunov methods","405"
"754","security of data","security of data","0","lyapunov methods","395"
"755","approximation theory","approximation theory","0","lyapunov methods","1251"
"756","linear control systems","linear control systems","0","lyapunov methods","142"
"757","synchronization","synchronization","0","lyapunov methods","471"
"758","adaptive control","##31881","1","lyapunov methods","319"
"759","robotics","robotics","0","lyapunov methods","546"
"760","state feedback","state feedback","0","lyapunov methods","4"
"761","lyapunov method","lyapunov method","0","lyapunov methods","0"
"762","sliding mode control","##30977","1","lyapunov methods","13"
"763","delay control systems","delay control systems","0","lyapunov methods","25"
"764","artificial neural network","##29687","1","lyapunov methods","501"
"765","lyapunov","lyapunov","0","lyapunov methods","0"
"766","linear systems","linear systems","0","lyapunov methods","15"
"767","learning systems","learning systems","0","lyapunov methods","1301"
"768","telecommunication networks","telecommunication networks","0","lyapunov methods","497"
"769","signal processing","signal processing","0","lyapunov methods","1070"
"770","perturbation techniques","perturbation techniques","0","lyapunov methods","210"
"771","time varying control systems","time varying control systems","0","lyapunov methods","46"
"772","largest lyapunov exponent","largest lyapunov exponent","0","lyapunov methods","2"
"773","mobile robots","##29159","1","lyapunov methods","319"
"774","eigenvalues and eigenfunctions","eigenvalues and eigenfunctions","0","lyapunov methods","367"
"775","lyapunov function","##30946","1","lyapunov methods","10"
"776","optimal control systems","optimal control systems","0","lyapunov methods","202"
"777","control equipment","control equipment","0","lyapunov methods","154"
"778","differential cryptanalysis","differential cryptanalysis","0","lyapunov methods","4"
"779","stability criteria","stability criteria","0","lyapunov methods","13"
"780","linear matrix inequality","##30592","1","lyapunov methods","8"
"781","algorithms","algorithms","0","spurious signal noise","8287"
"782","computer simulation","computer simulation","0","spurious signal noise","7784"
"783","mathematical models","mathematical models","0","spurious signal noise","7364"
"784","signal processing","signal processing","0","spurious signal noise","1070"
"785","communication channels (information theory)","communication channels (information theory)","0","spurious signal noise","1163"
"786","signal to noise ratio","##29824","1","spurious signal noise","631"
"787","signal interference","signal interference","0","spurious signal noise","209"
"788","signal filtering and prediction","signal filtering and prediction","0","spurious signal noise","680"
"789","optimization","optimization","0","spurious signal noise","3065"
"790","parameter estimation","parameter estimation","0","spurious signal noise","1388"
"791","matrix algebra","matrix algebra","0","spurious signal noise","1266"
"792","signal detection","signal detection","0","spurious signal noise","521"
"793","statistical methods","statistical methods","0","spurious signal noise","1163"
"794","estimation","estimation","0","spurious signal noise","959"
"795","vectors","vectors","0","spurious signal noise","1358"
"796","probability","probability","0","spurious signal noise","1889"
"797","error analysis","error analysis","0","spurious signal noise","484"
"798","image reconstruction","image reconstruction","0","spurious signal noise","840"
"799","random processes","random processes","0","spurious signal noise","866"
"800","image analysis","image analysis","0","spurious signal noise","1731"
"801","image processing","image processing","0","spurious signal noise","1923"
"802","computational complexity","computational complexity","0","spurious signal noise","1791"
"803","bandwidth","bandwidth","0","spurious signal noise","786"
"804","neural networks","##29022","1","spurious signal noise","2639"
"805","digital filters","##30641","1","spurious signal noise","740"
"806","approximation theory","approximation theory","0","spurious signal noise","1251"
"807","image quality","image quality","0","spurious signal noise","840"
"808","signal receivers","signal receivers","0","spurious signal noise","243"
"809","wavelet transforms","##29091","1","spurious signal noise","501"
"810","adaptive filtering","adaptive filtering","0","spurious signal noise","307"
"811","iterative methods","iterative methods","0","spurious signal noise","941"
"812","white noise","white noise","0","spurious signal noise","307"
"813","bit error rate","bit error rate","0","spurious signal noise","355"
"814","least squares approximations","least squares approximations","0","spurious signal noise","446"
"815","digital signal processing","digital signal processing","0","spurious signal noise","745"
"816","correlation methods","correlation methods","0","spurious signal noise","512"
"817","wireless telecommunication systems","wireless telecommunication systems","0","spurious signal noise","10"
"818","interference suppression","interference suppression","0","spurious signal noise","240"
"819","probability density function","probability density function","0","spurious signal noise","314"
"820","performance","performance","0","spurious signal noise","2532"
"821","problem solving","problem solving","0","spurious signal noise","1750"
"822","adaptive algorithms","##29816","1","spurious signal noise","379"
"823","feature extraction","feature extraction","0","spurious signal noise","958"
"824","fourier transforms","##29696","1","spurious signal noise","515"
"825","sensors","sensors","0","spurious signal noise","780"
"826","image enhancement","image enhancement","0","spurious signal noise","498"
"827","maximum likelihood estimation","maximum likelihood estimation","0","spurious signal noise","52"
"828","code division multiple access","code division multiple access","0","spurious signal noise","111"
"829","computational methods","computational methods","0","spurious signal noise","1375"
"830","markov processes","##29290","1","spurious signal noise","631"
"831","mathematical transformations","mathematical transformations","0","spurious signal noise","943"
"832","image segmentation","image segmentation","0","spurious signal noise","818"
"833","convergence of numerical methods","convergence of numerical methods","0","spurious signal noise","640"
"834","fading (radio)","fading (radio)","0","spurious signal noise","260"
"835","functions","functions","0","spurious signal noise","956"
"836","signal to interference plus noise ratio","signal to interference plus noise ratio","0","spurious signal noise","5"
"837","signal encoding","signal encoding","0","spurious signal noise","191"
"838","image coding","image coding","0","spurious signal noise","1071"
"839","frequency domain analysis","frequency domain analysis","0","spurious signal noise","345"
"840","robustness (control systems)","robustness (control systems)","0","spurious signal noise","426"
"841","algorithms","algorithms","0","bioinformatics","8287"
"842","internet","internet","0","bioinformatics","426"
"843","genes","genes","0","bioinformatics","922"
"844","information science","information science","0","bioinformatics","102"
"845","dna sequence","dna sequence","0","bioinformatics","4094"
"846","data base","data base","0","bioinformatics","731"
"847","genetic database","genetic database","0","bioinformatics","0"
"848","computer simulation","computer simulation","0","bioinformatics","7784"
"849","artificial intelligence","artificial intelligence","0","bioinformatics","1110"
"850","data mining","data mining","0","bioinformatics","72"
"851","biocommunications","biocommunications","0","bioinformatics","1"
"852","cluster analysis","cluster analysis","0","bioinformatics","319"
"853","information retrieval","information retrieval","0","bioinformatics","628"
"854","protein database","protein database","0","bioinformatics","6"
"855","computer interface","##29254","1","bioinformatics","96"
"856","user-computer interface","##29254","1","bioinformatics","96"
"857","molecular cloning","molecular cloning","0","bioinformatics","5955"
"858","information storage and retrieval","information storage and retrieval","0","bioinformatics","42"
"859","data sets","data sets","0","bioinformatics","0"
"860","automation","automation","0","bioinformatics","842"
"861","classification","classification","0","bioinformatics","1511"
"862","forecasting","forecasting","0","bioinformatics","736"
"863","genetic algorithm","##29021","1","bioinformatics","475"
"864","quality control","quality control","0","bioinformatics","1226"
"865","database systems","database systems","0","bioinformatics","1747"
"866","neural networks","##29022","1","bioinformatics","2639"
"867","database management systems","database management systems","0","bioinformatics","39"
"868","learning systems","learning systems","0","bioinformatics","1301"
"869","probability","probability","0","bioinformatics","1889"
"870","research","research","0","bioinformatics","1005"
"871","optimization","optimization","0","bioinformatics","3065"
"872","arabidopsis","##31135","1","bioinformatics","657"
"873","semantics","##29518","1","bioinformatics","371"
"874","mathematical models","mathematical models","0","bioinformatics","7364"
"875","international conferences","international conferences","0","bioinformatics","1"
"876","support vector machines","##29298","1","bioinformatics","3"
"877","pattern recognition","pattern recognition","0","bioinformatics","1707"
"878","feature extraction","feature extraction","0","bioinformatics","958"
"879","computer graphics","computer graphics","0","bioinformatics","854"
"880","machine learning","##29015","1","bioinformatics","50"
"881","information technology","information technology","0","bioinformatics","1035"
"882","clustering algorithms","##29184","1","bioinformatics","34"
"883","simulation","simulation","0","bioinformatics","795"
"884","online system","##29012","1","bioinformatics","512"
"885","pattern recognition, automated","pattern recognition, automated","0","bioinformatics","38"
"886","computer networks","computer networks","0","bioinformatics","1140"
"887","computer science","computer science","0","bioinformatics","309"
"888","data processing","data processing","0","bioinformatics","795"
"889","ontology","##29013","1","bioinformatics","25"
"890","support vector machine","##29298","1","bioinformatics","3"
"891","technology","technology","0","bioinformatics","493"
"892","problem solving","problem solving","0","bioinformatics","1750"
"893","classification (of information)","classification (of information)","0","bioinformatics","202"
"894","reliability","reliability","0","bioinformatics","891"
"895","trees (mathematics)","##31109","1","bioinformatics","378"
"896","tools","tools","0","bioinformatics","29"
"897","data reduction","data reduction","0","bioinformatics","401"
"898","three dimensional","three dimensional","0","bioinformatics","761"
"899","correlation analysis","##31154","1","bioinformatics","18"
"900","computer system","##29295","1","bioinformatics","696"
"901","energy consumption","##30589","1","electric load forecasting","51"
"902","neural networks","##29022","1","electric load forecasting","2639"
"903","wireless sensor networks","##29304","1","electric load forecasting","1"
"904","sensor networks","##29277","1","electric load forecasting","4"
"905","forecasting","forecasting","0","electric load forecasting","736"
"906","wireless telecommunication systems","wireless telecommunication systems","0","electric load forecasting","10"
"907","algorithms","algorithms","0","electric load forecasting","8287"
"908","optimization","optimization","0","electric load forecasting","3065"
"909","energy efficiency","energy efficiency","0","electric load forecasting","34"
"910","mathematical models","mathematical models","0","electric load forecasting","7364"
"911","computer simulation","computer simulation","0","electric load forecasting","7784"
"912","sensors","sensors","0","electric load forecasting","780"
"913","telecommunication equipment","telecommunication equipment","0","electric load forecasting","40"
"914","energy utilization","energy utilization","0","electric load forecasting","51"
"915","short term load forecasting","##29932","1","electric load forecasting","1"
"916","sensor nodes","##29279","1","electric load forecasting","0"
"917","simulation result","simulation result","0","electric load forecasting","1"
"918","routing algorithms","##29002","1","electric load forecasting","32"
"919","routing protocols","##29054","1","electric load forecasting","8"
"920","genetic algorithms","##29021","1","electric load forecasting","475"
"921","clustering algorithms","##29184","1","electric load forecasting","34"
"922","energy policy","energy policy","0","electric load forecasting","11"
"923","energy conservation","energy conservation","0","electric load forecasting","42"
"924","support vector machines","##29298","1","electric load forecasting","3"
"925","ad hoc networks","##29089","1","electric load forecasting","3"
"926","artificial neural network","##29687","1","electric load forecasting","501"
"927","wireless networks","##29280","1","electric load forecasting","35"
"928","regression analysis","regression analysis","0","electric load forecasting","2078"
"929","artificial intelligence","artificial intelligence","0","electric load forecasting","1110"
"930","energy management","energy management","0","electric load forecasting","11"
"931","power load","power load","0","electric load forecasting","0"
"932","backpropagation","##29866","1","electric load forecasting","389"
"933","network lifetime","network lifetime","0","electric load forecasting","0"
"934","hybrid sensors","hybrid sensors","0","electric load forecasting","0"
"935","computer networks","computer networks","0","electric load forecasting","1140"
"936","international conferences","international conferences","0","electric load forecasting","1"
"937","particle swarm optimization (pso)","particle swarm optimization (pso)","0","electric load forecasting","0"
"938","intelligent systems","intelligent systems","0","electric load forecasting","16"
"939","network protocols","network protocols","0","electric load forecasting","1252"
"940","learning algorithms","##29192","1","electric load forecasting","626"
"941","computer science","computer science","0","electric load forecasting","309"
"942","forecasting models","##31118","1","electric load forecasting","1"
"943","short-term load forecasting","##29932","1","electric load forecasting","1"
"944","simulation results","simulation results","0","electric load forecasting","13"
"945","fuzzy sets","##29287","1","electric load forecasting","1137"
"946","scheduling algorithms","##29263","1","electric load forecasting","18"
"947","fuzzy systems","##29293","1","electric load forecasting","47"
"948","costs","costs","0","electric load forecasting","447"
"949","wireless sensor network","##29304","1","electric load forecasting","1"
"950","learning systems","learning systems","0","electric load forecasting","1301"
"951","scheduling","scheduling","0","electric load forecasting","556"
"952","mobile computing","mobile computing","0","electric load forecasting","34"
"953","telecommunication networks","telecommunication networks","0","electric load forecasting","497"
"954","information technology","information technology","0","electric load forecasting","1035"
"955","vectors","vectors","0","electric load forecasting","1358"
"956","boolean functions","boolean functions","0","electric load forecasting","248"
"957","real time systems","##29005","1","electric load forecasting","1282"
"958","energy consumptions","##30589","1","electric load forecasting","51"
"959","fuzzy logic","##29288","1","electric load forecasting","130"
"960","intelligent control","intelligent control","0","electric load forecasting","197"
"961","multi agent systems","##29008","1","intelligent agents","28"
"962","artificial intelligence","artificial intelligence","0","intelligent agents","1110"
"963","computer simulation","computer simulation","0","intelligent agents","7784"
"964","mathematical models","mathematical models","0","intelligent agents","7364"
"965","algorithms","algorithms","0","intelligent agents","8287"
"966","learning systems","learning systems","0","intelligent agents","1301"
"967","autonomous agents","autonomous agents","0","intelligent agents","12"
"968","agents","##29164","1","intelligent agents","87"
"969","problem solving","problem solving","0","intelligent agents","1750"
"970","user interfaces","##29004","1","intelligent agents","1282"
"971","software agents","##29206","1","intelligent agents","13"
"972","semantics","##29518","1","intelligent agents","371"
"973","decision making","decision making","0","intelligent agents","962"
"974","multi-agent systems","##29008","1","intelligent agents","28"
"975","electronic commerce","electronic commerce","0","intelligent agents","25"
"976","virtual reality","virtual reality","0","intelligent agents","458"
"977","intelligent systems","intelligent systems","0","intelligent agents","16"
"978","neural networks","##29022","1","intelligent agents","2639"
"979","knowledge based systems","##29006","1","intelligent agents","846"
"980","intelligent virtual agents","intelligent virtual agents","0","intelligent agents","0"
"981","distributed computer systems","distributed computer systems","0","intelligent agents","936"
"982","world wide web","world wide web","0","intelligent agents","297"
"983","ontology","##29013","1","intelligent agents","25"
"984","internet","internet","0","intelligent agents","426"
"985","optimization","optimization","0","intelligent agents","3065"
"986","mobile agents","##29096","1","intelligent agents","7"
"987","multi-agent system","##29008","1","intelligent agents","28"
"988","human computer interaction","##29000","1","intelligent agents","609"
"989","information technology","information technology","0","intelligent agents","1035"
"990","computer architecture","computer architecture","0","intelligent agents","1515"
"991","data mining","data mining","0","intelligent agents","72"
"992","computer software","computer software","0","intelligent agents","2850"
"993","multi-agent","multi-agent","0","intelligent agents","0"
"994","information retrieval","information retrieval","0","intelligent agents","628"
"995","game theory","game theory","0","intelligent agents","121"
"996","software engineering","software engineering","0","intelligent agents","976"
"997","intelligent agent","##29018","1","intelligent agents","28"
"998","reinforcement learning","reinforcement learning","0","intelligent agents","37"
"999","learning algorithms","##29192","1","intelligent agents","626"
"1000","decision support systems","##29291","1","intelligent agents","425"
"1001","robotics","robotics","0","intelligent agents","546"
"1002","computer science","computer science","0","intelligent agents","309"
"1003","information systems","##29011","1","intelligent agents","380"
"1004","information management","information management","0","intelligent agents","389"
"1005","sensors","sensors","0","intelligent agents","780"
"1006","database systems","database systems","0","intelligent agents","1747"
"1007","network protocols","network protocols","0","intelligent agents","1252"
"1008","cognitive systems","cognitive systems","0","intelligent agents","166"
"1009","agent based","##29190","1","intelligent agents","0"
"1010","web services","##28995","1","intelligent agents","3"
"1011","semantic web","##31848","1","intelligent agents","1"
"1012","behavioral research","behavioral research","0","intelligent agents","110"
"1013","international conferences","international conferences","0","intelligent agents","1"
"1014","automation","automation","0","intelligent agents","842"
"1015","fuzzy sets","##29287","1","intelligent agents","1137"
"1016","real time systems","##29005","1","intelligent agents","1282"
"1017","computational methods","computational methods","0","intelligent agents","1375"
"1018","multi agent system (mas)","##29008","1","intelligent agents","28"
"1019","computer networks","computer networks","0","intelligent agents","1140"
"1020","communication","communication","0","intelligent agents","239"
"1021","multiobjective optimization","##31879","1","multi-objective optimization","5"
"1022","evolutionary algorithms","##29148","1","multi-objective optimization","21"
"1023","genetic algorithms","##29021","1","multi-objective optimization","475"
"1024","algorithms","algorithms","0","multi-objective optimization","8287"
"1025","multi objective optimizations (moo)","##31879","1","multi-objective optimization","5"
"1026","multi-objective optimization problem","##31879","1","multi-objective optimization","5"
"1027","optimization","optimization","0","multi-objective optimization","3065"
"1028","genetic algorithm","##29021","1","multi-objective optimization","475"
"1029","pareto principle","pareto principle","0","multi-objective optimization","0"
"1030","particle swarm optimization (pso)","particle swarm optimization (pso)","0","multi-objective optimization","0"
"1031","nsga-ii","nsga-ii","0","multi-objective optimization","0"
"1032","problem solving","problem solving","0","multi-objective optimization","1750"
"1033","objective functions","##29593","1","multi-objective optimization","43"
"1034","design","design","0","multi-objective optimization","439"
"1035","pareto optimal solutions","##31087","1","multi-objective optimization","0"
"1036","computer simulation","computer simulation","0","multi-objective optimization","7784"
"1037","pareto front","pareto front","0","multi-objective optimization","0"
"1038","particle swarm optimization","##29857","1","multi-objective optimization","0"
"1039","evolutionary algorithm","##29148","1","multi-objective optimization","21"
"1040","mathematical models","mathematical models","0","multi-objective optimization","7364"
"1041","multi-objective genetic algorithm","##29536","1","multi-objective optimization","0"
"1042","artificial intelligence","artificial intelligence","0","multi-objective optimization","1110"
"1043","nondominated solutions","nondominated solutions","0","multi-objective optimization","0"
"1044","decision making","decision making","0","multi-objective optimization","962"
"1045","scheduling","scheduling","0","multi-objective optimization","556"
"1046","multi-objective problem","multi-objective problem","0","multi-objective optimization","0"
"1047","optimal solutions","optimal solutions","0","multi-objective optimization","2"
"1048","convergence of numerical methods","convergence of numerical methods","0","multi-objective optimization","640"
"1049","constrained optimization","constrained optimization","0","multi-objective optimization","18"
"1050","multi objective particle swarm optimization","multi objective particle swarm optimization","0","multi-objective optimization","0"
"1051","differential evolution","##29854","1","multi-objective optimization","0"
"1052","neural networks","##29022","1","multi-objective optimization","2639"
"1053","mathematical operators","mathematical operators","0","multi-objective optimization","336"
"1054","multi-objective optimization models","multi-objective optimization models","0","multi-objective optimization","0"
"1055","non-dominated sorting genetic algorithms","non-dominated sorting genetic algorithms","0","multi-objective optimization","0"
"1056","scheduling algorithms","##29263","1","multi-objective optimization","18"
"1057","benchmarking","benchmarking","0","multi-objective optimization","19"
"1058","particle swarm","##29857","1","multi-objective optimization","0"
"1059","heuristic algorithms","##29281","1","multi-objective optimization","25"
"1060","heuristic methods","heuristic methods","0","multi-objective optimization","499"
"1061","single objective optimization","single objective optimization","0","multi-objective optimization","0"
"1062","computational complexity","computational complexity","0","multi-objective optimization","1791"
"1063","integer programming","integer programming","0","multi-objective optimization","95"
"1064","multiple objectives","multiple objectives","0","multi-objective optimization","1"
"1065","simulation result","simulation result","0","multi-objective optimization","1"
"1066","multi objective algorithm","multi objective algorithm","0","multi-objective optimization","0"
"1067","fuzzy sets","##29287","1","multi-objective optimization","1137"
"1068","evolutionary multiobjective optimization","##29455","1","multi-objective optimization","0"
"1069","pareto-optimal front","pareto-optimal front","0","multi-objective optimization","0"
"1070","intelligent systems","intelligent systems","0","multi-objective optimization","16"
"1071","costs","costs","0","multi-objective optimization","447"
"1072","evolutionary computation","##29400","1","multi-objective optimization","10"
"1073","decision makers","##29916","1","multi-objective optimization","7"
"1074","learning algorithms","##29192","1","multi-objective optimization","626"
"1075","combinatorial optimization","##31831","1","multi-objective optimization","42"
"1076","pareto solution","pareto solution","0","multi-objective optimization","0"
"1077","pareto dominance","pareto dominance","0","multi-objective optimization","0"
"1078","crowding distance","crowding distance","0","multi-objective optimization","0"
"1079","pareto-optimal","##31113","1","multi-objective optimization","1"
"1080","pareto-optimal sets","pareto-optimal sets","0","multi-objective optimization","0"
"1081","java programming language","java programming language","0","type systems","13"
"1082","semantics","##29518","1","type systems","371"
"1083","linguistics","linguistics","0","type systems","340"
"1084","computer programming languages","computer programming languages","0","type systems","596"
"1085","object oriented programming","##29183","1","type systems","877"
"1086","computer software","computer software","0","type systems","2850"
"1087","query languages","query languages","0","type systems","425"
"1088","calculations","calculations","0","type systems","1242"
"1089","functional programming","functional programming","0","type systems","20"
"1090","program compilers","program compilers","0","type systems","339"
"1091","type inferences","##30313","1","type systems","2"
"1092","type system","##29716","1","type systems","4"
"1093","programming language","programming language","0","type systems","3"
"1094","algorithms","algorithms","0","type systems","8287"
"1095","typechecking","typechecking","0","type systems","1"
"1096","operational semantics","operational semantics","0","type systems","14"
"1097","computer programming","computer programming","0","type systems","387"
"1098","abstracting","abstracting","0","type systems","29"
"1099","differentiation (calculus)","differentiation (calculus)","0","type systems","84"
"1100","computer systems programming","computer systems programming","0","type systems","230"
"1101","runtimes","runtimes","0","type systems","0"
"1102","computer science","computer science","0","type systems","309"
"1103","inference engines","inference engines","0","type systems","207"
"1104","dependent types","dependent types","0","type systems","1"
"1105","security of data","security of data","0","type systems","395"
"1106","static analysis","static analysis","0","type systems","11"
"1107","software engineering","software engineering","0","type systems","976"
"1108","data structures","data structures","0","type systems","1678"
"1109","haskell","haskell","0","type systems","1"
"1110","type inference","##30313","1","type systems","2"
"1111","artificial intelligence","artificial intelligence","0","type systems","1110"
"1112","subtypings","subtypings","0","type systems","0"
"1113","functional languages","functional languages","0","type systems","10"
"1114","codes (symbols)","codes (symbols)","0","type systems","651"
"1115","type safety","type safety","0","type systems","1"
"1116","object-oriented languages","object-oriented languages","0","type systems","2"
"1117","xml","xml","0","type systems","0"
"1118","model checking","##29186","1","type systems","24"
"1119","theorem proving","theorem proving","0","type systems","401"
"1120","embedded systems","##29262","1","type systems","43"
"1121","java","java","0","type systems","10"
"1122","syntactics","syntactics","0","type systems","8"
"1123","specifications","##29196","1","type systems","382"
"1124","access control","access control","0","type systems","35"
"1125","formal logic","formal logic","0","type systems","455"
"1126","security systems","security systems","0","type systems","34"
"1127","formal methods","##29204","1","type systems","29"
"1128","design","design","0","type systems","439"
"1129","optimization","optimization","0","type systems","3065"
"1130","high level languages","high level languages","0","type systems","110"
"1131","information theory","information theory","0","type systems","323"
"1132","cryptography","cryptography","0","type systems","204"
"1133","international conferences","international conferences","0","type systems","1"
"1134","concurrency control","concurrency control","0","type systems","153"
"1135","programming theory","programming theory","0","type systems","212"
"1136","logic programming","logic programming","0","type systems","258"
"1137","automata theory","automata theory","0","type systems","111"
"1138","algebra","algebra","0","type systems","328"
"1139","problem solving","problem solving","0","type systems","1750"
"1140","translation (languages)","translation (languages)","0","type systems","15"
