"1","algorithms","algorithms","0","bioinformatics","7734"
"2","internet","internet","0","bioinformatics","166"
"3","genes","genes","0","bioinformatics","401"
"4","information science","information science","0","bioinformatics","75"
"5","dna sequence","dna sequence","0","bioinformatics","4120"
"6","data base","data base","0","bioinformatics","513"
"7","genetic database","genetic database","0","bioinformatics","0"
"8","computer simulation","computer simulation","0","bioinformatics","7474"
"9","artificial intelligence","artificial intelligence","0","bioinformatics","945"
"10","data mining","data mining","0","bioinformatics","7"
"11","biocommunications","biocommunications","0","bioinformatics","3"
"12","cluster analysis","cluster analysis","0","bioinformatics","268"
"13","information retrieval","information retrieval","0","bioinformatics","438"
"14","protein database","protein database","0","bioinformatics","7"
"15","computer interface","##29254","1","bioinformatics","117"
"16","user-computer interface","##29254","1","bioinformatics","117"
"17","molecular cloning","molecular cloning","0","bioinformatics","5863"
"18","information storage and retrieval","information storage and retrieval","0","bioinformatics","33"
"19","data sets","data sets","0","bioinformatics","0"
"20","automation","automation","0","bioinformatics","1023"
"21","classification","classification","0","bioinformatics","1301"
"22","forecasting","forecasting","0","bioinformatics","670"
"23","genetic algorithm","##29021","1","bioinformatics","364"
"24","quality control","quality control","0","bioinformatics","1060"
"25","database systems","database systems","0","bioinformatics","1389"
"26","neural networks","##29022","1","bioinformatics","2392"
"27","database management systems","database management systems","0","bioinformatics","34"
"28","learning systems","learning systems","0","bioinformatics","1038"
"29","probability","probability","0","bioinformatics","2013"
"30","research","research","0","bioinformatics","773"
"31","optimization","optimization","0","bioinformatics","2832"
"32","arabidopsis","##31135","1","bioinformatics","476"
"33","semantics","##29518","1","bioinformatics","374"
"34","mathematical models","mathematical models","0","bioinformatics","7078"
"35","international conferences","international conferences","0","bioinformatics","0"
"36","support vector machines","##29298","1","bioinformatics","0"
"37","pattern recognition","pattern recognition","0","bioinformatics","986"
"38","feature extraction","feature extraction","0","bioinformatics","605"
"39","computer graphics","computer graphics","0","bioinformatics","927"
"40","machine learning","##29015","1","bioinformatics","46"
"41","information technology","information technology","0","bioinformatics","455"
"42","clustering algorithms","##29184","1","bioinformatics","13"
"43","simulation","simulation","0","bioinformatics","533"
"44","online system","##29012","1","bioinformatics","354"
"45","pattern recognition, automated","pattern recognition, automated","0","bioinformatics","6"
"46","computer networks","computer networks","0","bioinformatics","1141"
"47","computer science","computer science","0","bioinformatics","129"
"48","data processing","data processing","0","bioinformatics","855"
"49","ontology","##29013","1","bioinformatics","10"
"50","support vector machine","##29298","1","bioinformatics","0"
"51","technology","technology","0","bioinformatics","683"
"52","problem solving","problem solving","0","bioinformatics","1610"
"53","classification (of information)","classification (of information)","0","bioinformatics","264"
"54","reliability","reliability","0","bioinformatics","991"
"55","trees (mathematics)","##31109","1","bioinformatics","404"
"56","tools","tools","0","bioinformatics","23"
"57","data reduction","data reduction","0","bioinformatics","435"
"58","three dimensional","three dimensional","0","bioinformatics","941"
"59","correlation analysis","##31154","1","bioinformatics","20"
"60","computer system","##29295","1","bioinformatics","757"
"61","energy consumption","##30589","1","electric load forecasting","63"
"62","neural networks","##29022","1","electric load forecasting","2392"
"63","wireless sensor networks","##29304","1","electric load forecasting","0"
"64","sensor networks","##29277","1","electric load forecasting","0"
"65","forecasting","forecasting","0","electric load forecasting","670"
"66","wireless telecommunication systems","wireless telecommunication systems","0","electric load forecasting","7"
"67","algorithms","algorithms","0","electric load forecasting","7734"
"68","optimization","optimization","0","electric load forecasting","2832"
"69","energy efficiency","energy efficiency","0","electric load forecasting","25"
"70","mathematical models","mathematical models","0","electric load forecasting","7078"
"71","computer simulation","computer simulation","0","electric load forecasting","7474"
"72","sensors","sensors","0","electric load forecasting","669"
"73","telecommunication equipment","telecommunication equipment","0","electric load forecasting","42"
"74","energy utilization","energy utilization","0","electric load forecasting","40"
"75","short term load forecasting","##29932","1","electric load forecasting","3"
"76","sensor nodes","##29279","1","electric load forecasting","0"
"77","simulation result","simulation result","0","electric load forecasting","1"
"78","routing algorithms","##29002","1","electric load forecasting","39"
"79","routing protocols","##29054","1","electric load forecasting","5"
"80","genetic algorithms","##29021","1","electric load forecasting","364"
"81","clustering algorithms","##29184","1","electric load forecasting","13"
"82","energy policy","energy policy","0","electric load forecasting","9"
"83","energy conservation","energy conservation","0","electric load forecasting","50"
"84","support vector machines","##29298","1","electric load forecasting","0"
"85","ad hoc networks","##29089","1","electric load forecasting","3"
"86","artificial neural network","##29687","1","electric load forecasting","214"
"87","wireless networks","##29280","1","electric load forecasting","25"
"88","regression analysis","regression analysis","0","electric load forecasting","2002"
"89","artificial intelligence","artificial intelligence","0","electric load forecasting","945"
"90","energy management","energy management","0","electric load forecasting","42"
"91","power load","power load","0","electric load forecasting","0"
"92","backpropagation","##29866","1","electric load forecasting","439"
"93","network lifetime","network lifetime","0","electric load forecasting","0"
"94","hybrid sensors","hybrid sensors","0","electric load forecasting","0"
"95","computer networks","computer networks","0","electric load forecasting","1141"
"96","international conferences","international conferences","0","electric load forecasting","0"
"97","particle swarm optimization (pso)","particle swarm optimization (pso)","0","electric load forecasting","0"
"98","intelligent systems","intelligent systems","0","electric load forecasting","14"
"99","network protocols","network protocols","0","electric load forecasting","1186"
"100","learning algorithms","##29192","1","electric load forecasting","490"
"101","computer science","computer science","0","electric load forecasting","129"
"102","forecasting models","##31118","1","electric load forecasting","2"
"103","short-term load forecasting","##29932","1","electric load forecasting","3"
"104","simulation results","simulation results","0","electric load forecasting","13"
"105","fuzzy sets","##29287","1","electric load forecasting","996"
"106","scheduling algorithms","##29263","1","electric load forecasting","18"
"107","fuzzy systems","##29293","1","electric load forecasting","20"
"108","costs","costs","0","electric load forecasting","494"
"109","wireless sensor network","##29304","1","electric load forecasting","0"
"110","learning systems","learning systems","0","electric load forecasting","1038"
"111","scheduling","scheduling","0","electric load forecasting","555"
"112","mobile computing","mobile computing","0","electric load forecasting","23"
"113","telecommunication networks","telecommunication networks","0","electric load forecasting","435"
"114","information technology","information technology","0","electric load forecasting","455"
"115","vectors","vectors","0","electric load forecasting","1587"
"116","boolean functions","boolean functions","0","electric load forecasting","228"
"117","real time systems","##29005","1","electric load forecasting","1191"
"118","energy consumptions","##30589","1","electric load forecasting","63"
"119","fuzzy logic","##29288","1","electric load forecasting","70"
"120","intelligent control","intelligent control","0","electric load forecasting","153"
"121","multi agent systems","##29008","1","intelligent agents","13"
"122","artificial intelligence","artificial intelligence","0","intelligent agents","945"
"123","computer simulation","computer simulation","0","intelligent agents","7474"
"124","mathematical models","mathematical models","0","intelligent agents","7078"
"125","algorithms","algorithms","0","intelligent agents","7734"
"126","learning systems","learning systems","0","intelligent agents","1038"
"127","autonomous agents","autonomous agents","0","intelligent agents","13"
"128","agents","##29164","1","intelligent agents","60"
"129","problem solving","problem solving","0","intelligent agents","1610"
"130","user interfaces","##29004","1","intelligent agents","1159"
"131","software agents","##29206","1","intelligent agents","6"
"132","semantics","##29518","1","intelligent agents","374"
"133","decision making","decision making","0","intelligent agents","820"
"134","multi-agent systems","##29008","1","intelligent agents","13"
"135","electronic commerce","electronic commerce","0","intelligent agents","9"
"136","virtual reality","virtual reality","0","intelligent agents","295"
"137","intelligent systems","intelligent systems","0","intelligent agents","14"
"138","neural networks","##29022","1","intelligent agents","2392"
"139","knowledge based systems","##29006","1","intelligent agents","835"
"140","intelligent virtual agents","intelligent virtual agents","0","intelligent agents","0"
"141","distributed computer systems","distributed computer systems","0","intelligent agents","904"
"142","world wide web","world wide web","0","intelligent agents","89"
"143","ontology","##29013","1","intelligent agents","10"
"144","internet","internet","0","intelligent agents","166"
"145","optimization","optimization","0","intelligent agents","2832"
"146","mobile agents","##29096","1","intelligent agents","2"
"147","multi-agent system","##29008","1","intelligent agents","13"
"148","human computer interaction","##29000","1","intelligent agents","262"
"149","information technology","information technology","0","intelligent agents","455"
"150","computer architecture","computer architecture","0","intelligent agents","1545"
"151","data mining","data mining","0","intelligent agents","7"
"152","computer software","computer software","0","intelligent agents","2599"
"153","multi-agent","multi-agent","0","intelligent agents","3"
"154","information retrieval","information retrieval","0","intelligent agents","438"
"155","game theory","game theory","0","intelligent agents","96"
"156","software engineering","software engineering","0","intelligent agents","877"
"157","intelligent agent","##29018","1","intelligent agents","19"
"158","reinforcement learning","reinforcement learning","0","intelligent agents","26"
"159","learning algorithms","##29192","1","intelligent agents","490"
"160","decision support systems","##29291","1","intelligent agents","352"
"161","robotics","robotics","0","intelligent agents","465"
"162","computer science","computer science","0","intelligent agents","129"
"163","information systems","##29011","1","intelligent agents","307"
"164","information management","information management","0","intelligent agents","218"
"165","sensors","sensors","0","intelligent agents","669"
"166","database systems","database systems","0","intelligent agents","1389"
"167","network protocols","network protocols","0","intelligent agents","1186"
"168","cognitive systems","cognitive systems","0","intelligent agents","149"
"169","agent based","##29190","1","intelligent agents","0"
"170","web services","##28995","1","intelligent agents","1"
"171","semantic web","##31848","1","intelligent agents","0"
"172","behavioral research","behavioral research","0","intelligent agents","36"
"173","international conferences","international conferences","0","intelligent agents","0"
"174","automation","automation","0","intelligent agents","1023"
"175","fuzzy sets","##29287","1","intelligent agents","996"
"176","real time systems","##29005","1","intelligent agents","1191"
"177","computational methods","computational methods","0","intelligent agents","1594"
"178","multi agent system (mas)","##29008","1","intelligent agents","13"
"179","computer networks","computer networks","0","intelligent agents","1141"
"180","communication","communication","0","intelligent agents","200"
"181","multiobjective optimization","##31879","1","multi-objective optimization","2"
"182","evolutionary algorithms","##29148","1","multi-objective optimization","7"
"183","genetic algorithms","##29021","1","multi-objective optimization","364"
"184","algorithms","algorithms","0","multi-objective optimization","7734"
"185","multi objective optimizations (moo)","##31879","1","multi-objective optimization","2"
"186","multi-objective optimization problem","##31879","1","multi-objective optimization","2"
"187","optimization","optimization","0","multi-objective optimization","2832"
"188","genetic algorithm","##29021","1","multi-objective optimization","364"
"189","pareto principle","pareto principle","0","multi-objective optimization","2"
"190","particle swarm optimization (pso)","particle swarm optimization (pso)","0","multi-objective optimization","0"
"191","nsga-ii","nsga-ii","0","multi-objective optimization","0"
"192","problem solving","problem solving","0","multi-objective optimization","1610"
"193","objective functions","##29593","1","multi-objective optimization","44"
"194","design","design","0","multi-objective optimization","286"
"195","pareto optimal solutions","##31087","1","multi-objective optimization","3"
"196","computer simulation","computer simulation","0","multi-objective optimization","7474"
"197","pareto front","pareto front","0","multi-objective optimization","0"
"198","particle swarm optimization","##29857","1","multi-objective optimization","1"
"199","evolutionary algorithm","##29148","1","multi-objective optimization","7"
"200","mathematical models","mathematical models","0","multi-objective optimization","7078"
"201","multi-objective genetic algorithm","##29536","1","multi-objective optimization","0"
"202","artificial intelligence","artificial intelligence","0","multi-objective optimization","945"
"203","nondominated solutions","nondominated solutions","0","multi-objective optimization","0"
"204","decision making","decision making","0","multi-objective optimization","820"
"205","scheduling","scheduling","0","multi-objective optimization","555"
"206","multi-objective problem","multi-objective problem","0","multi-objective optimization","0"
"207","optimal solutions","optimal solutions","0","multi-objective optimization","3"
"208","convergence of numerical methods","convergence of numerical methods","0","multi-objective optimization","774"
"209","constrained optimization","constrained optimization","0","multi-objective optimization","12"
"210","multi objective particle swarm optimization","multi objective particle swarm optimization","0","multi-objective optimization","0"
"211","differential evolution","##29854","1","multi-objective optimization","0"
"212","neural networks","##29022","1","multi-objective optimization","2392"
"213","mathematical operators","mathematical operators","0","multi-objective optimization","343"
"214","multi-objective optimization models","multi-objective optimization models","0","multi-objective optimization","0"
"215","non-dominated sorting genetic algorithms","non-dominated sorting genetic algorithms","0","multi-objective optimization","0"
"216","scheduling algorithms","##29263","1","multi-objective optimization","18"
"217","benchmarking","benchmarking","0","multi-objective optimization","33"
"218","particle swarm","##29857","1","multi-objective optimization","1"
"219","heuristic algorithms","##29281","1","multi-objective optimization","16"
"220","heuristic methods","heuristic methods","0","multi-objective optimization","498"
"221","single objective optimization","single objective optimization","0","multi-objective optimization","0"
"222","computational complexity","computational complexity","0","multi-objective optimization","1994"
"223","integer programming","integer programming","0","multi-objective optimization","90"
"224","multiple objectives","multiple objectives","0","multi-objective optimization","0"
"225","simulation result","simulation result","0","multi-objective optimization","1"
"226","multi objective algorithm","multi objective algorithm","0","multi-objective optimization","0"
"227","fuzzy sets","##29287","1","multi-objective optimization","996"
"228","evolutionary multiobjective optimization","##29455","1","multi-objective optimization","0"
"229","pareto-optimal front","pareto-optimal front","0","multi-objective optimization","0"
"230","intelligent systems","intelligent systems","0","multi-objective optimization","14"
"231","costs","costs","0","multi-objective optimization","494"
"232","evolutionary computation","##29400","1","multi-objective optimization","2"
"233","decision makers","##29916","1","multi-objective optimization","3"
"234","learning algorithms","##29192","1","multi-objective optimization","490"
"235","combinatorial optimization","##31831","1","multi-objective optimization","40"
"236","pareto solution","pareto solution","0","multi-objective optimization","0"
"237","pareto dominance","pareto dominance","0","multi-objective optimization","0"
"238","crowding distance","crowding distance","0","multi-objective optimization","0"
"239","pareto-optimal","##31113","1","multi-objective optimization","1"
"240","pareto-optimal sets","pareto-optimal sets","0","multi-objective optimization","0"
"301","adaptive control","##31881","1","adaptive control systems","281"
"302","computer simulation","computer simulation","0","adaptive control systems","7474"
"303","neural networks","##29022","1","adaptive control systems","2392"
"304","algorithms","algorithms","0","adaptive control systems","7734"
"305","fuzzy control","fuzzy control","0","adaptive control systems","369"
"306","mathematical models","mathematical models","0","adaptive control systems","7078"
"307","control theory","control theory","0","adaptive control systems","347"
"308","parameter estimation","parameter estimation","0","adaptive control systems","1240"
"309","adaptive algorithms","##29816","1","adaptive control systems","366"
"310","robustness (control systems)","robustness (control systems)","0","adaptive control systems","503"
"311","nonlinear control systems","nonlinear control systems","0","adaptive control systems","231"
"312","robotics","robotics","0","adaptive control systems","465"
"313","simulation result","simulation result","0","adaptive control systems","1"
"314","optimization","optimization","0","adaptive control systems","2832"
"315","adaptive controllers","##31881","1","adaptive control systems","281"
"316","fuzzy sets","##29287","1","adaptive control systems","996"
"317","closed loop control systems","closed loop control systems","0","adaptive control systems","167"
"318","intelligent control","intelligent control","0","adaptive control systems","153"
"319","fuzzy logic","##29288","1","adaptive control systems","70"
"320","learning systems","learning systems","0","adaptive control systems","1038"
"321","lyapunov methods","lyapunov methods","0","adaptive control systems","140"
"322","robust control","robust control","0","adaptive control systems","23"
"323","control system synthesis","control system synthesis","0","adaptive control systems","377"
"324","sliding mode control","##30977","1","adaptive control systems","18"
"325","manipulators","##29181","1","adaptive control systems","352"
"326","backstepping","backstepping","0","adaptive control systems","1"
"327","learning algorithms","##29192","1","adaptive control systems","490"
"328","control system analysis","control system analysis","0","adaptive control systems","166"
"329","real time systems","##29005","1","adaptive control systems","1191"
"330","artificial intelligence","artificial intelligence","0","adaptive control systems","945"
"331","uncertain systems","##30670","1","adaptive control systems","5"
"332","robots","##29077","1","adaptive control systems","236"
"333","convergence of numerical methods","convergence of numerical methods","0","adaptive control systems","774"
"334","control systems","control systems","0","adaptive control systems","482"
"335","fuzzy systems","##29293","1","adaptive control systems","20"
"336","control schemes","control schemes","0","adaptive control systems","1"
"337","control system stability","control system stability","0","adaptive control systems","0"
"338","tracking errors","tracking errors","0","adaptive control systems","8"
"339","sensors","sensors","0","adaptive control systems","669"
"340","two term control systems","two term control systems","0","adaptive control systems","40"
"341","external disturbances","external disturbances","0","adaptive control systems","3"
"342","lyapunov functions","##30946","1","adaptive control systems","5"
"343","discrete time control systems","discrete time control systems","0","adaptive control systems","193"
"344","process control","process control","0","adaptive control systems","376"
"345","delay control systems","delay control systems","0","adaptive control systems","34"
"346","signal processing","signal processing","0","adaptive control systems","1167"
"347","state feedback","state feedback","0","adaptive control systems","9"
"348","neural network","##29022","1","adaptive control systems","2392"
"349","approximation theory","approximation theory","0","adaptive control systems","1395"
"350","motion control","motion control","0","adaptive control systems","181"
"351","control equipment","control equipment","0","adaptive control systems","185"
"352","linear control systems","linear control systems","0","adaptive control systems","176"
"353","time varying control systems","time varying control systems","0","adaptive control systems","57"
"354","asymptotic stability","asymptotic stability","0","adaptive control systems","138"
"355","problem solving","problem solving","0","adaptive control systems","1610"
"356","synchronization","synchronization","0","adaptive control systems","537"
"357","intelligent systems","intelligent systems","0","adaptive control systems","14"
"358","chaotic systems","##29179","1","adaptive control systems","5"
"359","mobile robots","##29159","1","adaptive control systems","287"
"360","design","design","0","adaptive control systems","286"
"361","neural networks","##29022","1","artificial neural network","2392"
"362","neural networks (computer)","##29022","1","artificial neural network","2392"
"363","algorithms","algorithms","0","artificial neural network","7734"
"364","computer simulation","computer simulation","0","artificial neural network","7474"
"365","artificial intelligence","artificial intelligence","0","artificial neural network","945"
"366","artificial neural networks","##29687","1","artificial neural network","214"
"367","backpropagation","##29866","1","artificial neural network","439"
"368","mathematical models","mathematical models","0","artificial neural network","7078"
"369","forecasting","forecasting","0","artificial neural network","670"
"370","neural network","##29022","1","artificial neural network","2392"
"371","regression analysis","regression analysis","0","artificial neural network","2002"
"372","optimization","optimization","0","artificial neural network","2832"
"373","learning systems","learning systems","0","artificial neural network","1038"
"374","signal processing","signal processing","0","artificial neural network","1167"
"375","pattern recognition","pattern recognition","0","artificial neural network","986"
"376","pattern recognition, automated","pattern recognition, automated","0","artificial neural network","6"
"377","classification","classification","0","artificial neural network","1301"
"378","simulation","simulation","0","artificial neural network","533"
"379","learning algorithms","##29192","1","artificial neural network","490"
"380","automated pattern recognition","automated pattern recognition","0","artificial neural network","6"
"381","probability","probability","0","artificial neural network","2013"
"382","principal component analysis","principal component analysis","0","artificial neural network","104"
"383","genetic algorithm","##29021","1","artificial neural network","364"
"384","support vector machine","##29298","1","artificial neural network","0"
"385","image processing","image processing","0","artificial neural network","1460"
"386","feature extraction","feature extraction","0","artificial neural network","605"
"387","machine learning","##29015","1","artificial neural network","46"
"388","genetic algorithms","##29021","1","artificial neural network","364"
"389","cluster analysis","cluster analysis","0","artificial neural network","268"
"390","fuzzy logic","##29288","1","artificial neural network","70"
"391","signal processing, computer-assisted","signal processing, computer-assisted","0","artificial neural network","326"
"392","support vector machines","##29298","1","artificial neural network","0"
"393","image analysis","image analysis","0","artificial neural network","1340"
"394","robotics","robotics","0","artificial neural network","465"
"395","problem solving","problem solving","0","artificial neural network","1610"
"396","learning algorithm","##29192","1","artificial neural network","490"
"397","data sets","data sets","0","artificial neural network","0"
"398","recurrent neural networks","##30683","1","artificial neural network","48"
"399","automation","automation","0","artificial neural network","1023"
"400","feedforward neural networks","##29199","1","artificial neural network","221"
"401","bayes theorem","bayes theorem","0","artificial neural network","81"
"402","data base","data base","0","artificial neural network","513"
"403","quality control","quality control","0","artificial neural network","1060"
"404","data mining","data mining","0","artificial neural network","7"
"405","estimation","estimation","0","artificial neural network","1159"
"406","decision making","decision making","0","artificial neural network","820"
"407","information retrieval","information retrieval","0","artificial neural network","438"
"408","classification (of information)","classification (of information)","0","artificial neural network","264"
"409","fuzzy sets","##29287","1","artificial neural network","996"
"410","data processing","data processing","0","artificial neural network","855"
"411","computer assisted diagnosis","computer assisted diagnosis","0","artificial neural network","95"
"412","bioinformatics","bioinformatics","0","artificial neural network","4"
"413","backpropagation algorithms","##29866","1","artificial neural network","439"
"414","vectors","vectors","0","artificial neural network","1587"
"415","multilayer neural networks","multilayer neural networks","0","artificial neural network","13"
"416","image classification","image classification","0","artificial neural network","24"
"417","fuzzy neural networks","##30664","1","artificial neural network","27"
"418","correlation analysis","##31154","1","artificial neural network","20"
"419","ann","ann","0","artificial neural network","1"
"420","correlation coefficient","##31154","1","artificial neural network","20"
"421","inference engines","inference engines","0","bayesian networks","252"
"422","algorithms","algorithms","0","bayesian networks","7734"
"423","distributed parameter networks","distributed parameter networks","0","bayesian networks","9"
"424","intelligent networks","intelligent networks","0","bayesian networks","80"
"425","bayesian","##29900","1","bayesian networks","24"
"426","artificial intelligence","artificial intelligence","0","bayesian networks","945"
"427","bayesian inference","bayesian inference","0","bayesian networks","6"
"428","learning systems","learning systems","0","bayesian networks","1038"
"429","bayesian approaches","##29662","1","bayesian networks","13"
"430","mathematical models","mathematical models","0","bayesian networks","7078"
"431","probability","probability","0","bayesian networks","2013"
"432","bayesian network","##29016","1","bayesian networks","15"
"433","speech recognition","speech recognition","0","bayesian networks","381"
"434","estimation","estimation","0","bayesian networks","1159"
"435","computer simulation","computer simulation","0","bayesian networks","7474"
"436","markov processes","##29290","1","bayesian networks","553"
"437","signal processing","signal processing","0","bayesian networks","1167"
"438","neural networks","##29022","1","bayesian networks","2392"
"439","parameter estimation","parameter estimation","0","bayesian networks","1240"
"440","learning algorithms","##29192","1","bayesian networks","490"
"441","probability distributions","##29294","1","bayesian networks","20"
"442","bayes theorem","bayes theorem","0","bayesian networks","81"
"443","optimization","optimization","0","bayesian networks","2832"
"444","data sets","data sets","0","bayesian networks","0"
"445","bayesian methods","##29900","1","bayesian networks","24"
"446","bayesian estimations","##29565","1","bayesian networks","16"
"447","forecasting","forecasting","0","bayesian networks","670"
"448","feature extraction","feature extraction","0","bayesian networks","605"
"449","decision making","decision making","0","bayesian networks","820"
"450","image segmentation","image segmentation","0","bayesian networks","460"
"451","knowledge based systems","##29006","1","bayesian networks","835"
"452","speech analysis","speech analysis","0","bayesian networks","210"
"453","bayesian model","bayesian model","0","bayesian networks","4"
"454","data mining","data mining","0","bayesian networks","7"
"455","bayesian analysis","bayesian analysis","0","bayesian networks","12"
"456","classification (of information)","classification (of information)","0","bayesian networks","264"
"457","problem solving","problem solving","0","bayesian networks","1610"
"458","sensors","sensors","0","bayesian networks","669"
"459","classifiers","##29191","1","bayesian networks","5"
"460","bayesian estimation","##29565","1","bayesian networks","16"
"461","image processing","image processing","0","bayesian networks","1460"
"462","regression analysis","regression analysis","0","bayesian networks","2002"
"463","computer vision","computer vision","0","bayesian networks","711"
"464","hidden markov models","##29842","1","bayesian networks","131"
"465","dynamic bayesian network","##29339","1","bayesian networks","0"
"466","semantics","##29518","1","bayesian networks","374"
"467","dynamic bayesian networks","##29339","1","bayesian networks","0"
"468","bayesian frameworks","##29785","1","bayesian networks","4"
"469","pattern recognition","pattern recognition","0","bayesian networks","986"
"470","posterior distributions","posterior distributions","0","bayesian networks","0"
"471","decision theory","decision theory","0","bayesian networks","324"
"472","probability density function","probability density function","0","bayesian networks","327"
"473","graphic methods","graphic methods","0","bayesian networks","153"
"474","information fusion","information fusion","0","bayesian networks","9"
"475","decision support systems","##29291","1","bayesian networks","352"
"476","classification","classification","0","bayesian networks","1301"
"477","gaussian distribution","gaussian distribution","0","bayesian networks","13"
"478","data processing","data processing","0","bayesian networks","855"
"479","computational complexity","computational complexity","0","bayesian networks","1994"
"480","statistical methods","statistical methods","0","bayesian networks","1128"
"541","three dimensional","three dimensional","0","three dimensional computer graphics","941"
"542","algorithms","algorithms","0","three dimensional computer graphics","7734"
"543","virtual reality","virtual reality","0","three dimensional computer graphics","295"
"544","visualization","visualization","0","three dimensional computer graphics","296"
"545","computer simulation","computer simulation","0","three dimensional computer graphics","7474"
"546","computer vision","computer vision","0","three dimensional computer graphics","711"
"547","animation","animation","0","three dimensional computer graphics","192"
"548","image reconstruction","image reconstruction","0","three dimensional computer graphics","629"
"549","interactive computer graphics","interactive computer graphics","0","three dimensional computer graphics","147"
"550","computational geometry","computational geometry","0","three dimensional computer graphics","491"
"551","mathematical models","mathematical models","0","three dimensional computer graphics","7078"
"552","image analysis","image analysis","0","three dimensional computer graphics","1340"
"553","image processing","image processing","0","three dimensional computer graphics","1460"
"554","cameras","cameras","0","three dimensional computer graphics","248"
"555","3d models","##30699","1","three dimensional computer graphics","3"
"556","computer aided design","##29007","1","three dimensional computer graphics","866"
"557","user interfaces","##29004","1","three dimensional computer graphics","1159"
"558","feature extraction","feature extraction","0","three dimensional computer graphics","605"
"559","image segmentation","image segmentation","0","three dimensional computer graphics","460"
"560","3d visualization","3d visualization","0","three dimensional computer graphics","1"
"561","image quality","image quality","0","three dimensional computer graphics","564"
"562","object recognition","object recognition","0","three dimensional computer graphics","387"
"563","computer software","computer software","0","three dimensional computer graphics","2599"
"564","optimization","optimization","0","three dimensional computer graphics","2832"
"565","human computer interaction","##29000","1","three dimensional computer graphics","262"
"566","real time systems","##29005","1","three dimensional computer graphics","1191"
"567","data visualization","data visualization","0","three dimensional computer graphics","14"
"568","medical imaging","medical imaging","0","three dimensional computer graphics","279"
"569","computer graphics","computer graphics","0","three dimensional computer graphics","927"
"570","robotics","robotics","0","three dimensional computer graphics","465"
"571","data structures","data structures","0","three dimensional computer graphics","1534"
"572","geometry","geometry","0","three dimensional computer graphics","858"
"573","3d reconstruction","##29152","1","three dimensional computer graphics","16"
"574","graphical user interfaces","##29266","1","three dimensional computer graphics","448"
"575","face recognition","face recognition","0","three dimensional computer graphics","22"
"576","computerized tomography","computerized tomography","0","three dimensional computer graphics","147"
"577","artificial intelligence","artificial intelligence","0","three dimensional computer graphics","945"
"578","finite element method","finite element method","0","three dimensional computer graphics","836"
"579","imaging systems","imaging systems","0","three dimensional computer graphics","134"
"580","computational methods","computational methods","0","three dimensional computer graphics","1594"
"581","3-d modeling","##30699","1","three dimensional computer graphics","3"
"582","sensors","sensors","0","three dimensional computer graphics","669"
"583","3d simulations","##29309","1","three dimensional computer graphics","1"
"584","database systems","database systems","0","three dimensional computer graphics","1389"
"585","display devices","display devices","0","three dimensional computer graphics","110"
"586","image coding","image coding","0","three dimensional computer graphics","591"
"587","three dimensional imaging","three dimensional imaging","0","three dimensional computer graphics","195"
"588","stereo vision","stereo vision","0","three dimensional computer graphics","87"
"589","problem solving","problem solving","0","three dimensional computer graphics","1610"
"590","design","design","0","three dimensional computer graphics","286"
"591","signal processing","signal processing","0","three dimensional computer graphics","1167"
"592","image enhancement","image enhancement","0","three dimensional computer graphics","225"
"593","computational complexity","computational complexity","0","three dimensional computer graphics","1994"
"594","topology","topology","0","three dimensional computer graphics","371"
"595","data processing","data processing","0","three dimensional computer graphics","855"
"596","iterative methods","iterative methods","0","three dimensional computer graphics","874"
"597","augmented reality","augmented reality","0","three dimensional computer graphics","8"
"598","two dimensional","two dimensional","0","three dimensional computer graphics","211"
"599","multimedia systems","multimedia systems","0","three dimensional computer graphics","25"
"600","motion estimation","motion estimation","0","three dimensional computer graphics","51"
