"1","students","students","0","collaborative learning","2497"
"2","e-learning","##29003","1","collaborative learning","2300"
"3","teaching","teaching","0","collaborative learning","2560"
"4","learning systems","learning systems","0","collaborative learning","7252"
"5","interoperability","interoperability","0","collaborative learning","1121"
"6","education","education","0","collaborative learning","5747"
"7","computer aided instruction","computer aided instruction","0","collaborative learning","501"
"8","computer supported cooperative work","##29799","1","collaborative learning","365"
"9","curricula","curricula","0","collaborative learning","1161"
"10","computer science","computer science","0","collaborative learning","3430"
"11","education computing","education computing","0","collaborative learning","870"
"12","distributed computer systems","distributed computer systems","0","collaborative learning","2687"
"13","information technology","information technology","0","collaborative learning","6152"
"14","design","design","0","collaborative learning","5058"
"15","internet","internet","0","collaborative learning","9324"
"16","computer supported collaborative learning","##30314","1","collaborative learning","52"
"17","virtual reality","virtual reality","0","collaborative learning","3183"
"18","research","research","0","collaborative learning","3193"
"19","technology","technology","0","collaborative learning","11107"
"20","multimedia systems","multimedia systems","0","collaborative learning","3220"
"21","knowledge management","knowledge management","0","collaborative learning","2740"
"22","cscl","cscl","0","collaborative learning","40"
"23","world wide web","world wide web","0","collaborative learning","4347"
"24","information systems","##29011","1","collaborative learning","6305"
"25","learning environments","##29200","1","collaborative learning","344"
"26","communication","communication","0","collaborative learning","4473"
"27","distance education","distance education","0","collaborative learning","358"
"28","online systems","##29012","1","collaborative learning","1353"
"29","problem solving","problem solving","0","collaborative learning","6008"
"30","learning process","learning process","0","collaborative learning","190"
"31","user interfaces","##29004","1","collaborative learning","2377"
"32","groupware","groupware","0","collaborative learning","519"
"33","human computer interaction","##29000","1","collaborative learning","1980"
"34","higher education","higher education","0","collaborative learning","191"
"35","learning activity","##29256","1","collaborative learning","346"
"36","social networking (online)","social networking (online)","0","collaborative learning","251"
"37","collaborative activities","collaborative activities","0","collaborative learning","53"
"38","cesium alloys","cesium alloys","0","collaborative learning","45"
"39","online learning","##29162","1","collaborative learning","233"
"40","software engineering","software engineering","0","collaborative learning","4802"
"41","mobile devices","##29264","1","collaborative learning","1654"
"42","artificial intelligence","artificial intelligence","0","collaborative learning","9657"
"43","international conferences","international conferences","0","collaborative learning","16468"
"44","computer software","computer software","0","collaborative learning","5734"
"45","mobile learning","mobile learning","0","collaborative learning","112"
"46","web 2.0","web 2.0","0","collaborative learning","491"
"47","information science","information science","0","collaborative learning","4001"
"48","collaborative learning activities","collaborative learning activities","0","collaborative learning","10"
"49","teaching and learning","teaching and learning","0","collaborative learning","144"
"50","multi agent systems","##29008","1","collaborative learning","2580"
"51","web services","##28995","1","collaborative learning","3016"
"52","learning outcome","##29256","1","collaborative learning","346"
"53","interactive computer systems","interactive computer systems","0","collaborative learning","913"
"54","active learning","active learning","0","collaborative learning","209"
"55","learning experiences","##29256","1","collaborative learning","346"
"56","learning community","##30171","1","collaborative learning","48"
"57","knowledge acquisition","knowledge acquisition","0","collaborative learning","1028"
"58","learning algorithms","##29192","1","collaborative learning","3871"
"59","ontology","##29013","1","collaborative learning","3366"
"60","computer simulation","computer simulation","0","collaborative learning","12878"
"61","white noise","white noise","0","gaussian noise (electronic)","437"
"62","algorithms","algorithms","0","gaussian noise (electronic)","17542"
"63","gaussian distribution","gaussian distribution","0","gaussian noise (electronic)","433"
"64","computer simulation","computer simulation","0","gaussian noise (electronic)","12878"
"65","signal to noise ratio","##29824","1","gaussian noise (electronic)","1945"
"66","signal processing","signal processing","0","gaussian noise (electronic)","9421"
"67","additive white gaussian noise","additive white gaussian noise","0","gaussian noise (electronic)","88"
"68","gaussian processes","##29942","1","gaussian noise (electronic)","111"
"69","mathematical models","mathematical models","0","gaussian noise (electronic)","9365"
"70","communication channels (information theory)","communication channels (information theory)","0","gaussian noise (electronic)","2160"
"71","estimation","estimation","0","gaussian noise (electronic)","3266"
"72","bit error rate","bit error rate","0","gaussian noise (electronic)","1159"
"73","optimization","optimization","0","gaussian noise (electronic)","10537"
"74","parameter estimation","parameter estimation","0","gaussian noise (electronic)","3844"
"75","wireless telecommunication systems","wireless telecommunication systems","0","gaussian noise (electronic)","9899"
"76","signal detection","signal detection","0","gaussian noise (electronic)","1617"
"77","probability","probability","0","gaussian noise (electronic)","4807"
"78","fading channels","##29616","1","gaussian noise (electronic)","1357"
"79","gaussian noise","gaussian noise","0","gaussian noise (electronic)","100"
"80","rayleigh fading","rayleigh fading","0","gaussian noise (electronic)","509"
"81","maximum likelihood estimation","maximum likelihood estimation","0","gaussian noise (electronic)","928"
"82","trellis codes","trellis codes","0","gaussian noise (electronic)","880"
"83","probability density function","probability density function","0","gaussian noise (electronic)","3257"
"84","code division multiple access","code division multiple access","0","gaussian noise (electronic)","868"
"85","matrix algebra","matrix algebra","0","gaussian noise (electronic)","1955"
"86","signal receivers","signal receivers","0","gaussian noise (electronic)","796"
"87","image processing","image processing","0","gaussian noise (electronic)","6939"
"88","additive white gaussian noise channel","additive white gaussian noise channel","0","gaussian noise (electronic)","27"
"89","fading (radio)","fading (radio)","0","gaussian noise (electronic)","1072"
"90","additive noise","additive noise","0","gaussian noise (electronic)","87"
"91","orthogonal frequency division multiplexing","orthogonal frequency division multiplexing","0","gaussian noise (electronic)","1568"
"92","error analysis","error analysis","0","gaussian noise (electronic)","2581"
"93","communication systems","communication systems","0","gaussian noise (electronic)","2564"
"94","computational complexity","computational complexity","0","gaussian noise (electronic)","2885"
"95","gaussian process","##29942","1","gaussian noise (electronic)","111"
"96","non-gaussian","non-gaussian","0","gaussian noise (electronic)","105"
"97","vectors","vectors","0","gaussian noise (electronic)","2952"
"98","channel capacity","channel capacity","0","gaussian noise (electronic)","730"
"99","regression analysis","regression analysis","0","gaussian noise (electronic)","4870"
"100","turbo codes","##29611","1","gaussian noise (electronic)","622"
"101","gaussians","gaussians","0","gaussian noise (electronic)","155"
"102","wavelet transforms","##29091","1","gaussian noise (electronic)","2168"
"103","information theory","information theory","0","gaussian noise (electronic)","7755"
"104","bayesian networks","##29016","1","gaussian noise (electronic)","1648"
"105","statistical methods","statistical methods","0","gaussian noise (electronic)","2057"
"106","optical communication","##29297","1","gaussian noise (electronic)","1322"
"107","iterative methods","iterative methods","0","gaussian noise (electronic)","1237"
"108","approximation theory","approximation theory","0","gaussian noise (electronic)","958"
"109","random processes","random processes","0","gaussian noise (electronic)","1922"
"110","neural networks","##29022","1","gaussian noise (electronic)","8638"
"111","impulse noise","impulse noise","0","gaussian noise (electronic)","178"
"112","image reconstruction","image reconstruction","0","gaussian noise (electronic)","1891"
"113","signal interference","signal interference","0","gaussian noise (electronic)","371"
"114","simulation result","simulation result","0","gaussian noise (electronic)","1283"
"115","white gaussian noise","white gaussian noise","0","gaussian noise (electronic)","28"
"116","additive gaussian noise","additive gaussian noise","0","gaussian noise (electronic)","33"
"117","codes (symbols)","codes (symbols)","0","gaussian noise (electronic)","3018"
"118","non-gaussian noise","non-gaussian noise","0","gaussian noise (electronic)","18"
"119","bandwidth","bandwidth","0","gaussian noise (electronic)","1497"
"120","gaussian beams","##30636","1","gaussian noise (electronic)","109"
"121","uml","uml","0","unified modeling language","224"
"122","software engineering","software engineering","0","unified modeling language","4802"
"123","object oriented programming","##29183","1","unified modeling language","920"
"124","semantics","##29518","1","unified modeling language","5698"
"125","linguistics","linguistics","0","unified modeling language","5467"
"126","software design","software design","0","unified modeling language","1678"
"127","uml model","uml model","0","unified modeling language","20"
"128","computer software","computer software","0","unified modeling language","5734"
"129","mathematical models","mathematical models","0","unified modeling language","9365"
"130","systems analysis","systems analysis","0","unified modeling language","2803"
"131","specifications","##29196","1","unified modeling language","1604"
"132","computer simulation","computer simulation","0","unified modeling language","12878"
"133","graphic methods","graphic methods","0","unified modeling language","902"
"134","design","design","0","unified modeling language","5058"
"135","software architecture","##29202","1","unified modeling language","1100"
"136","embedded systems","##29262","1","unified modeling language","2572"
"137","information systems","##29011","1","unified modeling language","6305"
"138","computer programming languages","computer programming languages","0","unified modeling language","1816"
"139","models","models","0","unified modeling language","1330"
"140","uml profiles","##30496","1","unified modeling language","60"
"141","real time systems","##29005","1","unified modeling language","2863"
"142","sequence diagrams","##30637","1","unified modeling language","69"
"143","computer aided software engineering","computer aided software engineering","0","unified modeling language","301"
"144","information theory","information theory","0","unified modeling language","7755"
"145","unified modeling language (uml)","unified modeling language (uml)","0","unified modeling language","39"
"146","international conferences","international conferences","0","unified modeling language","16468"
"147","model checking","##29186","1","unified modeling language","1047"
"148","web services","##28995","1","unified modeling language","3016"
"149","unified modeling","unified modeling","0","unified modeling language","54"
"150","query languages","query languages","0","unified modeling language","1877"
"151","formal methods","##29204","1","unified modeling language","672"
"152","markup languages","markup languages","0","unified modeling language","1478"
"153","class diagrams","##30632","1","unified modeling language","47"
"154","petri nets","##29122","1","unified modeling language","840"
"155","information technology","information technology","0","unified modeling language","6152"
"156","graph theory","graph theory","0","unified modeling language","3831"
"157","software systems","software systems","0","unified modeling language","686"
"158","requirements engineering","requirements engineering","0","unified modeling language","539"
"159","xml","xml","0","unified modeling language","1148"
"160","computer software selection and evaluation","computer software selection and evaluation","0","unified modeling language","1438"
"161","world wide web","world wide web","0","unified modeling language","4347"
"162","java programming language","java programming language","0","unified modeling language","1130"
"163","uml diagrams","uml diagrams","0","unified modeling language","39"
"164","model transformation","##29646","1","unified modeling language","205"
"165","activity diagram","##31649","1","unified modeling language","54"
"166","information services","information services","0","unified modeling language","3941"
"167","standards","standards","0","unified modeling language","4306"
"168","information management","information management","0","unified modeling language","5813"
"169","computer science","computer science","0","unified modeling language","3430"
"170","user interfaces","##29004","1","unified modeling language","2377"
"171","uml class diagrams","uml class diagrams","0","unified modeling language","34"
"172","artificial intelligence","artificial intelligence","0","unified modeling language","9657"
"173","ontology","##29013","1","unified modeling language","3366"
"174","technology","technology","0","unified modeling language","11107"
"175","algorithms","algorithms","0","unified modeling language","17542"
"176","data structures","data structures","0","unified modeling language","2406"
"177","verification","verification","0","unified modeling language","840"
"178","software development","##29241","1","unified modeling language","588"
"179","formal languages","formal languages","0","unified modeling language","471"
"180","information science","information science","0","unified modeling language","4001"
"181","computer science","computer science","0","education computing","3430"
"182","students","students","0","education computing","2497"
"183","teaching","teaching","0","education computing","2560"
"184","curricula","curricula","0","education computing","1161"
"185","education","education","0","education computing","5747"
"186","computer aided instruction","computer aided instruction","0","education computing","501"
"187","e-learning","##29003","1","education computing","2300"
"188","information technology","information technology","0","education computing","6152"
"189","computer software","computer software","0","education computing","5734"
"190","intelligent tutoring system","##31546","1","education computing","111"
"191","learning systems","learning systems","0","education computing","7252"
"192","design","design","0","education computing","5058"
"193","technology","technology","0","education computing","11107"
"194","computers","computers","0","education computing","5082"
"195","algorithms","algorithms","0","education computing","17542"
"196","research","research","0","education computing","3193"
"197","internet","internet","0","education computing","9324"
"198","computer science education","computer science education","0","education computing","74"
"199","artificial intelligence","artificial intelligence","0","education computing","9657"
"200","software engineering","software engineering","0","education computing","4802"
"201","user interfaces","##29004","1","education computing","2377"
"202","information systems","##29011","1","education computing","6305"
"203","computer simulation","computer simulation","0","education computing","12878"
"204","engineering research","engineering research","0","education computing","861"
"205","computer programming","computer programming","0","education computing","1489"
"206","higher education","higher education","0","education computing","191"
"207","societies and institutions","societies and institutions","0","education computing","969"
"208","virtual reality","virtual reality","0","education computing","3183"
"209","multimedia systems","multimedia systems","0","education computing","3220"
"210","distance education","distance education","0","education computing","358"
"211","mathematical models","mathematical models","0","education computing","9365"
"212","problem solving","problem solving","0","education computing","6008"
"213","world wide web","world wide web","0","education computing","4347"
"214","software design","software design","0","education computing","1678"
"215","three dimensional","three dimensional","0","education computing","6350"
"216","surveys","surveys","0","education computing","1178"
"217","experiments","experiments","0","education computing","2569"
"218","linguistics","linguistics","0","education computing","5467"
"219","knowledge management","knowledge management","0","education computing","2740"
"220","data mining","data mining","0","education computing","3288"
"221","visualization","visualization","0","education computing","2525"
"222","teaching and learning","teaching and learning","0","education computing","144"
"223","learning environments","##29200","1","education computing","344"
"224","human computer interaction","##29000","1","education computing","1980"
"225","information science","information science","0","education computing","4001"
"226","collaborative learning","collaborative learning","0","education computing","236"
"227","communication","communication","0","education computing","4473"
"228","technical presentations","technical presentations","0","education computing","5298"
"229","optimization","optimization","0","education computing","10537"
"230","neural networks","##29022","1","education computing","8638"
"231","management","management","0","education computing","3612"
"232","information management","information management","0","education computing","5813"
"233","java programming language","java programming language","0","education computing","1130"
"234","intelligent tutoring systems","##31546","1","education computing","111"
"235","semantics","##29518","1","education computing","5698"
"236","teaching model","teaching model","0","education computing","17"
"237","models","models","0","education computing","1330"
"238","database systems","database systems","0","education computing","3516"
"239","learning process","learning process","0","education computing","190"
"240","game theory","game theory","0","education computing","2517"
"241","virtual reality","virtual reality","0","haptic interfaces","3183"
"242","mice (computer peripherals)","mice (computer peripherals)","0","haptic interfaces","95"
"243","haptics","##30356","1","haptic interfaces","240"
"244","haptic feedbacks","##30254","1","haptic interfaces","81"
"245","haptic devices","##30246","1","haptic interfaces","103"
"246","robotics","robotics","0","haptic interfaces","7608"
"247","human computer interaction","##29000","1","haptic interfaces","1980"
"248","computer simulation","computer simulation","0","haptic interfaces","12878"
"249","remote control","remote control","0","haptic interfaces","504"
"250","haptic interactions","##30107","1","haptic interfaces","59"
"251","force feedback","force feedback","0","haptic interfaces","49"
"252","three dimensional","three dimensional","0","haptic interfaces","6350"
"253","haptic interface","##29157","1","haptic interfaces","236"
"254","display devices","display devices","0","haptic interfaces","294"
"255","algorithms","algorithms","0","haptic interfaces","17542"
"256","robots","##29077","1","haptic interfaces","4553"
"257","haptic rendering","haptic rendering","0","haptic interfaces","39"
"258","visual communication","visual communication","0","haptic interfaces","2131"
"259","virtual environments","##29100","1","haptic interfaces","551"
"260","speech analysis","speech analysis","0","haptic interfaces","991"
"261","mathematical models","mathematical models","0","haptic interfaces","9365"
"262","haptic feedback","##30254","1","haptic interfaces","81"
"263","sensors","sensors","0","haptic interfaces","7483"
"264","virtual objects","virtual objects","0","haptic interfaces","111"
"265","haptic","##30356","1","haptic interfaces","240"
"266","interfaces (computer)","interfaces (computer)","0","haptic interfaces","935"
"267","human engineering","human engineering","0","haptic interfaces","1230"
"268","design","design","0","haptic interfaces","5058"
"269","interactive computer systems","interactive computer systems","0","haptic interfaces","913"
"270","haptic display","haptic display","0","haptic interfaces","11"
"271","elastic deformation","elastic deformation","0","haptic interfaces","46"
"272","visualization","visualization","0","haptic interfaces","2525"
"273","communication","communication","0","haptic interfaces","4473"
"274","degrees of freedom (mechanics)","degrees of freedom (mechanics)","0","haptic interfaces","171"
"275","manipulators","##29181","1","haptic interfaces","610"
"276","haptic i/o","haptic i/o","0","haptic interfaces","10"
"277","tactile feedback","tactile feedback","0","haptic interfaces","21"
"278","computer graphics","computer graphics","0","haptic interfaces","2166"
"279","three dimensional computer graphics","three dimensional computer graphics","0","haptic interfaces","840"
"280","user interfaces","##29004","1","haptic interfaces","2377"
"281","intelligent robots","intelligent robots","0","haptic interfaces","1227"
"282","haptic interaction","##30107","1","haptic interfaces","59"
"283","experiments","experiments","0","haptic interfaces","2569"
"284","tactile display","##30023","1","haptic interfaces","48"
"285","computer aided design","##29007","1","haptic interfaces","1849"
"286","force control","force control","0","haptic interfaces","121"
"287","interactive computer graphics","interactive computer graphics","0","haptic interfaces","502"
"288","augmented reality","augmented reality","0","haptic interfaces","368"
"289","user-computer interface","##29254","1","haptic interfaces","1211"
"290","real time systems","##29005","1","haptic interfaces","2863"
"291","mobile devices","##29264","1","haptic interfaces","1654"
"292","computer software","computer software","0","haptic interfaces","5734"
"293","haptic systems","haptic systems","0","haptic interfaces","15"
"294","graphical user interfaces","##29266","1","haptic interfaces","584"
"295","haptic device","##30246","1","haptic interfaces","103"
"296","machine design","machine design","0","haptic interfaces","2254"
"297","vibrotactile","vibrotactile","0","haptic interfaces","21"
"298","computer interface","##29254","1","haptic interfaces","1211"
"299","teleoperation","##30651","1","haptic interfaces","98"
"300","man machine systems","man machine systems","0","haptic interfaces","364"
"301","multi agent systems","##29008","1","multi-agent","2580"
"302","intelligent agents","##29018","1","multi-agent","912"
"303","artificial intelligence","artificial intelligence","0","multi-agent","9657"
"304","computer simulation","computer simulation","0","multi-agent","12878"
"305","algorithms","algorithms","0","multi-agent","17542"
"306","decision making","decision making","0","multi-agent","5483"
"307","optimization","optimization","0","multi-agent","10537"
"308","software agents","##29206","1","multi-agent","626"
"309","multi-agent system","##29008","1","multi-agent","2580"
"310","multi-agent systems","##29008","1","multi-agent","2580"
"311","computer science","computer science","0","multi-agent","3430"
"312","ontology","##29013","1","multi-agent","3366"
"313","autonomous agents","autonomous agents","0","multi-agent","655"
"314","multi-agent technologies","##29086","1","multi-agent","38"
"315","mathematical models","mathematical models","0","multi-agent","9365"
"316","intelligent systems","intelligent systems","0","multi-agent","2828"
"317","learning algorithms","##29192","1","multi-agent","3871"
"318","robotics","robotics","0","multi-agent","7608"
"319","information technology","information technology","0","multi-agent","6152"
"320","scheduling","scheduling","0","multi-agent","2920"
"321","reinforcement learning","reinforcement learning","0","multi-agent","749"
"322","agents","##29164","1","multi-agent","1782"
"323","simulation result","simulation result","0","multi-agent","1283"
"324","agent","##29164","1","multi-agent","1782"
"325","simulation","simulation","0","multi-agent","4653"
"326","game theory","game theory","0","multi-agent","2517"
"327","semantics","##29518","1","multi-agent","5698"
"328","electronic commerce","electronic commerce","0","multi-agent","2297"
"329","problem solving","problem solving","0","multi-agent","6008"
"330","knowledge based systems","##29006","1","multi-agent","2664"
"331","information systems","##29011","1","multi-agent","6305"
"332","distributed computer systems","distributed computer systems","0","multi-agent","2687"
"333","decision support systems","##29291","1","multi-agent","2828"
"334","agent based","##29190","1","multi-agent","260"
"335","design","design","0","multi-agent","5058"
"336","mobile agents","##29096","1","multi-agent","455"
"337","information management","information management","0","multi-agent","5813"
"338","learning systems","learning systems","0","multi-agent","7252"
"339","decision theory","decision theory","0","multi-agent","1700"
"340","internet","internet","0","multi-agent","9324"
"341","information science","information science","0","multi-agent","4001"
"342","robots","##29077","1","multi-agent","4553"
"343","communication","communication","0","multi-agent","4473"
"344","software engineering","software engineering","0","multi-agent","4802"
"345","commerce","commerce","0","multi-agent","1691"
"346","data mining","data mining","0","multi-agent","3288"
"347","computer software","computer software","0","multi-agent","5734"
"348","web services","##28995","1","multi-agent","3016"
"349","education","education","0","multi-agent","5747"
"350","management","management","0","multi-agent","3612"
"351","intelligent control","intelligent control","0","multi-agent","4449"
"352","graph theory","graph theory","0","multi-agent","3831"
"353","neural networks","##29022","1","multi-agent","8638"
"354","agent technology","agent technology","0","multi-agent","45"
"355","world wide web","world wide web","0","multi-agent","4347"
"356","user interfaces","##29004","1","multi-agent","2377"
"357","virtual reality","virtual reality","0","multi-agent","3183"
"358","information retrieval","information retrieval","0","multi-agent","4274"
"359","multiagent architecture","multiagent architecture","0","multi-agent","18"
"360","wireless networks","##29280","1","multi-agent","8911"
"421","network architecture","network architecture","0","proposed architectures","1313"
"422","field programmable gate arrays (fpga)","##31878","1","proposed architectures","1436"
"423","hardware","hardware","0","proposed architectures","912"
"424","computer architecture","computer architecture","0","proposed architectures","1147"
"425","algorithms","algorithms","0","proposed architectures","17542"
"426","signal processing","signal processing","0","proposed architectures","9421"
"427","design","design","0","proposed architectures","5058"
"428","fpga","##30079","1","proposed architectures","480"
"429","internet","internet","0","proposed architectures","9324"
"430","sensors","sensors","0","proposed architectures","7483"
"431","wireless telecommunication systems","wireless telecommunication systems","0","proposed architectures","9899"
"432","hardware architecture","hardware architecture","0","proposed architectures","75"
"433","information technology","information technology","0","proposed architectures","6152"
"434","wireless networks","##29280","1","proposed architectures","8911"
"435","web services","##28995","1","proposed architectures","3016"
"436","internet protocols","##30532","1","proposed architectures","3431"
"437","quality of service","quality of service","0","proposed architectures","2379"
"438","simulation result","simulation result","0","proposed architectures","1283"
"439","neural networks","##29022","1","proposed architectures","8638"
"440","embedded systems","##29262","1","proposed architectures","2572"
"441","motion picture experts group standards","motion picture experts group standards","0","proposed architectures","992"
"442","communication","communication","0","proposed architectures","4473"
"443","optimization","optimization","0","proposed architectures","10537"
"444","hardware implementations","##31393","1","proposed architectures","359"
"445","artificial intelligence","artificial intelligence","0","proposed architectures","9657"
"446","parallel architectures","parallel architectures","0","proposed architectures","353"
"447","computer simulation","computer simulation","0","proposed architectures","12878"
"448","information services","information services","0","proposed architectures","3941"
"449","middleware","middleware","0","proposed architectures","1279"
"450","vlsi architectures","##30466","1","proposed architectures","68"
"451","cryptography","cryptography","0","proposed architectures","2964"
"452","wireless sensor networks","##29304","1","proposed architectures","4393"
"453","novel architecture","novel architecture","0","proposed architectures","56"
"454","multi agent systems","##29008","1","proposed architectures","2580"
"455","sensor networks","##29277","1","proposed architectures","6913"
"456","international conferences","international conferences","0","proposed architectures","16468"
"457","distributed computer systems","distributed computer systems","0","proposed architectures","2687"
"458","software architecture","##29202","1","proposed architectures","1100"
"459","mobile telecommunication systems","mobile telecommunication systems","0","proposed architectures","2348"
"460","image processing","image processing","0","proposed architectures","6939"
"461","robotics","robotics","0","proposed architectures","7608"
"462","semantics","##29518","1","proposed architectures","5698"
"463","information science","information science","0","proposed architectures","4001"
"464","fpga implementations","##31193","1","proposed architectures","191"
"465","microprocessor chips","microprocessor chips","0","proposed architectures","845"
"466","image coding","image coding","0","proposed architectures","2193"
"467","cloud computing","cloud computing","0","proposed architectures","36"
"468","communication systems","communication systems","0","proposed architectures","2564"
"469","standards","standards","0","proposed architectures","4306"
"470","technology","technology","0","proposed architectures","11107"
"471","computer software","computer software","0","proposed architectures","5734"
"472","virtual reality","virtual reality","0","proposed architectures","3183"
"473","telecommunication networks","telecommunication networks","0","proposed architectures","3736"
"474","routers","##29205","1","proposed architectures","655"
"475","memory architecture","memory architecture","0","proposed architectures","45"
"476","application specific integrated circuits","application specific integrated circuits","0","proposed architectures","597"
"477","mobile devices","##29264","1","proposed architectures","1654"
"478","motion estimation","motion estimation","0","proposed architectures","1150"
"479","information systems","##29011","1","proposed architectures","6305"
"480","re-configurable","re-configurable","0","proposed architectures","360"
"481","multi agent systems","##29008","1","software agents","2580"
"482","intelligent agents","##29018","1","software agents","912"
"483","artificial intelligence","artificial intelligence","0","software agents","9657"
"484","software engineering","software engineering","0","software agents","4802"
"485","semantics","##29518","1","software agents","5698"
"486","agents","##29164","1","software agents","1782"
"487","computer simulation","computer simulation","0","software agents","12878"
"488","mathematical models","mathematical models","0","software agents","9365"
"489","world wide web","world wide web","0","software agents","4347"
"490","ontology","##29013","1","software agents","3366"
"491","electronic commerce","electronic commerce","0","software agents","2297"
"492","internet","internet","0","software agents","9324"
"493","algorithms","algorithms","0","software agents","17542"
"494","distributed computer systems","distributed computer systems","0","software agents","2687"
"495","problem solving","problem solving","0","software agents","6008"
"496","web services","##28995","1","software agents","3016"
"497","decision making","decision making","0","software agents","5483"
"498","user interfaces","##29004","1","software agents","2377"
"499","computer software","computer software","0","software agents","5734"
"500","multi-agent systems","##29008","1","software agents","2580"
"501","learning systems","learning systems","0","software agents","7252"
"502","computational linguistics","computational linguistics","0","software agents","1713"
"503","information systems","##29011","1","software agents","6305"
"504","mobile agents","##29096","1","software agents","455"
"505","network protocols","network protocols","0","software agents","4227"
"506","computer architecture","computer architecture","0","software agents","1147"
"507","information retrieval","information retrieval","0","software agents","4274"
"508","linguistics","linguistics","0","software agents","5467"
"509","agent based","##29190","1","software agents","260"
"510","information technology","information technology","0","software agents","6152"
"511","semantic web","##31848","1","software agents","1610"
"512","natural language processing systems","natural language processing systems","0","software agents","1220"
"513","knowledge based systems","##29006","1","software agents","2664"
"514","software design","software design","0","software agents","1678"
"515","security of data","security of data","0","software agents","2546"
"516","software architecture","##29202","1","software agents","1100"
"517","java programming language","java programming language","0","software agents","1130"
"518","information theory","information theory","0","software agents","7755"
"519","information services","information services","0","software agents","3941"
"520","virtual reality","virtual reality","0","software agents","3183"
"521","human computer interaction","##29000","1","software agents","1980"
"522","computer science","computer science","0","software agents","3430"
"523","database systems","database systems","0","software agents","3516"
"524","computer networks","computer networks","0","software agents","13014"
"525","decision support systems","##29291","1","software agents","2828"
"526","software agent","##29206","1","software agents","626"
"527","international conferences","international conferences","0","software agents","16468"
"528","object oriented programming","##29183","1","software agents","920"
"529","agent","##29164","1","software agents","1782"
"530","optimization","optimization","0","software agents","10537"
"531","automation","automation","0","software agents","4007"
"532","information management","information management","0","software agents","5813"
"533","intelligent systems","intelligent systems","0","software agents","2828"
"534","computer programming languages","computer programming languages","0","software agents","1816"
"535","multi-agent","multi-agent","0","software agents","200"
"536","middleware","middleware","0","software agents","1279"
"537","technology","technology","0","software agents","11107"
"538","websites","websites","0","software agents","966"
"539","interoperability","interoperability","0","software agents","1121"
"540","knowledge engineering","knowledge engineering","0","software agents","1355"
"541","telecommunication traffic","telecommunication traffic","0","congestion control (communication)","590"
"542","network protocols","network protocols","0","congestion control (communication)","4227"
"543","algorithms","algorithms","0","congestion control (communication)","17542"
"544","computer simulation","computer simulation","0","congestion control (communication)","12878"
"545","internet","internet","0","congestion control (communication)","9324"
"546","bandwidth","bandwidth","0","congestion control (communication)","1497"
"547","asynchronous transfer mode","asynchronous transfer mode","0","congestion control (communication)","59"
"548","quality of service","quality of service","0","congestion control (communication)","2379"
"549","congestion control","congestion control","0","congestion control (communication)","254"
"550","packet networks","packet networks","0","congestion control (communication)","1045"
"551","data communication systems","data communication systems","0","congestion control (communication)","521"
"552","mathematical models","mathematical models","0","congestion control (communication)","9365"
"553","telecommunication services","telecommunication services","0","congestion control (communication)","566"
"554","routers","##29205","1","congestion control (communication)","655"
"555","telecommunication networks","telecommunication networks","0","congestion control (communication)","3736"
"556","wireless telecommunication systems","wireless telecommunication systems","0","congestion control (communication)","9899"
"557","packet switching","packet switching","0","congestion control (communication)","251"
"558","communication channels (information theory)","communication channels (information theory)","0","congestion control (communication)","2160"
"559","telecommunication links","telecommunication links","0","congestion control (communication)","397"
"560","queueing networks","##31880","1","congestion control (communication)","388"
"561","resource allocation","resource allocation","0","congestion control (communication)","2400"
"562","computer networks","computer networks","0","congestion control (communication)","13014"
"563","optimization","optimization","0","congestion control (communication)","10537"
"564","probability","probability","0","congestion control (communication)","4807"
"565","transmission control protocol","transmission control protocol","0","congestion control (communication)","651"
"566","multimedia systems","multimedia systems","0","congestion control (communication)","3220"
"567","local area networks","local area networks","0","congestion control (communication)","1754"
"568","queueing theory","queueing theory","0","congestion control (communication)","477"
"569","voice/data communication systems","voice/data communication systems","0","congestion control (communication)","397"
"570","multicasting","##29261","1","congestion control (communication)","920"
"571","channel capacity","channel capacity","0","congestion control (communication)","730"
"572","real time systems","##29005","1","congestion control (communication)","2863"
"573","frequency allocation","frequency allocation","0","congestion control (communication)","1603"
"574","computational complexity","computational complexity","0","congestion control (communication)","2885"
"575","buffer storage","buffer storage","0","congestion control (communication)","152"
"576","tcp","tcp","0","congestion control (communication)","149"
"577","wireless networks","##29280","1","congestion control (communication)","8911"
"578","quality of service (qos)","quality of service (qos)","0","congestion control (communication)","104"
"579","cellular radio systems","cellular radio systems","0","congestion control (communication)","1290"
"580","performance","performance","0","congestion control (communication)","1281"
"581","distributed computer systems","distributed computer systems","0","congestion control (communication)","2687"
"582","wide area networks","wide area networks","0","congestion control (communication)","142"
"583","mobile telecommunication systems","mobile telecommunication systems","0","congestion control (communication)","2348"
"584","switching networks","switching networks","0","congestion control (communication)","222"
"585","computer architecture","computer architecture","0","congestion control (communication)","1147"
"586","broadband networks","broadband networks","0","congestion control (communication)","773"
"587","problem solving","problem solving","0","congestion control (communication)","6008"
"588","active queue management","active queue management","0","congestion control (communication)","40"
"589","markov processes","##29290","1","congestion control (communication)","1676"
"590","interconnection networks","##29166","1","congestion control (communication)","412"
"591","fiber optic networks","fiber optic networks","0","congestion control (communication)","664"
"592","client server computer systems","client server computer systems","0","congestion control (communication)","503"
"593","call admission control","call admission control","0","congestion control (communication)","63"
"594","approximation theory","approximation theory","0","congestion control (communication)","958"
"595","standards","standards","0","congestion control (communication)","4306"
"596","code division multiple access","code division multiple access","0","congestion control (communication)","868"
"597","packet loss","##31833","1","congestion control (communication)","324"
"598","optical communication","##29297","1","congestion control (communication)","1322"
"599","internet protocols","##30532","1","congestion control (communication)","3431"
"600","random processes","random processes","0","congestion control (communication)","1922"
"601","information retrieval","information retrieval","0","content based retrieval","4274"
"602","feature extraction","feature extraction","0","content based retrieval","5895"
"603","content-based image retrieval","##29837","1","content based retrieval","214"
"604","algorithms","algorithms","0","content based retrieval","17542"
"605","content based image retrieval","##29837","1","content based retrieval","214"
"606","database systems","database systems","0","content based retrieval","3516"
"607","semantics","##29518","1","content based retrieval","5698"
"608","image retrieval","image retrieval","0","content based retrieval","2216"
"609","three dimensional","three dimensional","0","content based retrieval","6350"
"610","image analysis","image analysis","0","content based retrieval","4420"
"611","image segmentation","image segmentation","0","content based retrieval","3313"
"612","image processing","image processing","0","content based retrieval","6939"
"613","multimedia systems","multimedia systems","0","content based retrieval","3220"
"614","local binary patterns","##29692","1","content based retrieval","107"
"615","computer vision","computer vision","0","content based retrieval","3926"
"616","search engines","##29189","1","content based retrieval","2093"
"617","indexing (of information)","indexing (of information)","0","content based retrieval","701"
"618","relevance feedback","relevance feedback","0","content based retrieval","145"
"619","learning systems","learning systems","0","content based retrieval","7252"
"620","3d models","##30699","1","content based retrieval","80"
"621","face recognition","face recognition","0","content based retrieval","2100"
"622","world wide web","world wide web","0","content based retrieval","4347"
"623","user interfaces","##29004","1","content based retrieval","2377"
"624","data sets","data sets","0","content based retrieval","0"
"625","artificial intelligence","artificial intelligence","0","content based retrieval","9657"
"626","descriptors","##29161","1","content based retrieval","576"
"627","signal processing","signal processing","0","content based retrieval","9421"
"628","query languages","query languages","0","content based retrieval","1877"
"629","support vector machines","##29298","1","content based retrieval","3020"
"630","graphic methods","graphic methods","0","content based retrieval","902"
"631","mathematical models","mathematical models","0","content based retrieval","9365"
"632","image enhancement","image enhancement","0","content based retrieval","4215"
"633","object recognition","object recognition","0","content based retrieval","1949"
"634","pattern recognition","pattern recognition","0","content based retrieval","4641"
"635","conditional random field","##30690","1","content based retrieval","89"
"636","internet","internet","0","content based retrieval","9324"
"637","three dimensional computer graphics","three dimensional computer graphics","0","content based retrieval","840"
"638","imaging systems","imaging systems","0","content based retrieval","3713"
"639","vectors","vectors","0","content based retrieval","2952"
"640","image database","##29481","1","content based retrieval","172"
"641","learning algorithms","##29192","1","content based retrieval","3871"
"642","neural networks","##29022","1","content based retrieval","8638"
"643","cbir","cbir","0","content based retrieval","35"
"644","color image processing","color image processing","0","content based retrieval","851"
"645","content-based","content-based","0","content based retrieval","198"
"646","image classification","image classification","0","content based retrieval","1861"
"647","retrieval performance","retrieval performance","0","content based retrieval","103"
"648","information theory","information theory","0","content based retrieval","7755"
"649","optimization","optimization","0","content based retrieval","10537"
"650","wavelet transforms","##29091","1","content based retrieval","2168"
"651","classification (of information)","classification (of information)","0","content based retrieval","2158"
"652","conditional random fields","##30690","1","content based retrieval","89"
"653","information technology","information technology","0","content based retrieval","6152"
"654","local binary pattern","##29692","1","content based retrieval","107"
"655","medical imaging","medical imaging","0","content based retrieval","1728"
"656","information services","information services","0","content based retrieval","3941"
"657","query images","query images","0","content based retrieval","83"
"658","content-based retrieval","##29175","1","content based retrieval","766"
"659","3d object","3d object","0","content based retrieval","63"
"660","information retrieval systems","information retrieval systems","0","content based retrieval","1054"
"661","formal languages","formal languages","0","description logic","471"
"662","semantics","##29518","1","description logic","5698"
"663","ontology","##29013","1","description logic","3366"
"664","semantic web","##31848","1","description logic","1610"
"665","knowledge representation","knowledge representation","0","description logic","834"
"666","artificial intelligence","artificial intelligence","0","description logic","9657"
"667","description logics","##29065","1","description logic","241"
"668","knowledge based systems","##29006","1","description logic","2664"
"669","formal logic","formal logic","0","description logic","676"
"670","knowledge basis","knowledge basis","0","description logic","48"
"671","algorithms","algorithms","0","description logic","17542"
"672","knowledge base","##29170","1","description logic","584"
"673","logic programming","logic programming","0","description logic","583"
"674","computability and decidability","computability and decidability","0","description logic","223"
"675","query languages","query languages","0","description logic","1877"
"676","web services","##28995","1","description logic","3016"
"677","satisfiability","satisfiability","0","description logic","133"
"678","world wide web","world wide web","0","description logic","4347"
"679","web ontology language","web ontology language","0","description logic","25"
"680","reasoner","reasoner","0","description logic","50"
"681","conjunctive queries","conjunctive queries","0","description logic","41"
"682","information theory","information theory","0","description logic","7755"
"683","user interfaces","##29004","1","description logic","2377"
"684","ontologies","##29013","1","description logic","3366"
"685","query answering","query answering","0","description logic","59"
"686","linguistics","linguistics","0","description logic","5467"
"687","automata theory","automata theory","0","description logic","777"
"688","multi agent systems","##29008","1","description logic","2580"
"689","fuzzy description logic","fuzzy description logic","0","description logic","13"
"690","first order logic","##29608","1","description logic","85"
"691","query processing","query processing","0","description logic","1011"
"692","terminology","##31126","1","description logic","826"
"693","fuzzy logic","##29288","1","description logic","3093"
"694","ontology language","ontology language","0","description logic","8"
"695","owl","owl","0","description logic","131"
"696","decision procedure","##30596","1","description logic","82"
"697","expressive description logic","expressive description logic","0","description logic","6"
"698","information retrieval","information retrieval","0","description logic","4274"
"699","tableau algorithm","tableau algorithm","0","description logic","8"
"700","xml","xml","0","description logic","1148"
"701","database systems","database systems","0","description logic","3516"
"702","information systems","##29011","1","description logic","6305"
"703","reasoning tasks","reasoning tasks","0","description logic","20"
"704","ontology-based","##29013","1","description logic","3366"
"705","optimization","optimization","0","description logic","10537"
"706","reasoning","reasoning","0","description logic","79"
"707","problem solving","problem solving","0","description logic","6008"
"708","knowledge management","knowledge management","0","description logic","2740"
"709","reasoning algorithms","reasoning algorithms","0","description logic","28"
"710","computational complexity","computational complexity","0","description logic","2885"
"711","access control","access control","0","description logic","2545"
"712","intelligent systems","intelligent systems","0","description logic","2828"
"713","reasoning problems","reasoning problems","0","description logic","15"
"714","inference engines","inference engines","0","description logic","945"
"715","owl ontologies","owl ontologies","0","description logic","72"
"716","modal logic","##29594","1","description logic","107"
"717","information management","information management","0","description logic","5813"
"718","nonmonotonic","nonmonotonic","0","description logic","15"
"719","interoperability","interoperability","0","description logic","1121"
"720","fuzzy sets","##29287","1","description logic","2470"
"721","field programmable gate arrays (fpga)","##31878","1","fpga","1436"
"722","hardware","hardware","0","fpga","912"
"723","algorithms","algorithms","0","fpga","17542"
"724","design","design","0","fpga","5058"
"725","signal processing","signal processing","0","fpga","9421"
"726","embedded systems","##29262","1","fpga","2572"
"727","computer hardware","computer hardware","0","fpga","542"
"728","fpga implementations","##31193","1","fpga","191"
"729","field programmable gate arrays","##31878","1","fpga","1436"
"730","computer hardware description languages","computer hardware description languages","0","fpga","329"
"731","image processing","image processing","0","fpga","6939"
"732","computer architecture","computer architecture","0","fpga","1147"
"733","hardware implementations","##31393","1","fpga","359"
"734","reconfigurable hardware","##31159","1","fpga","81"
"735","optimization","optimization","0","fpga","10537"
"736","cryptography","cryptography","0","fpga","2964"
"737","vhdl","vhdl","0","fpga","48"
"738","application specific integrated circuits","application specific integrated circuits","0","fpga","597"
"739","microprocessor chips","microprocessor chips","0","fpga","845"
"740","digital signal processing","digital signal processing","0","fpga","824"
"741","computer simulation","computer simulation","0","fpga","12878"
"742","communication","communication","0","fpga","4473"
"743","computer software","computer software","0","fpga","5734"
"744","reconfigurable architectures","##31159","1","fpga","81"
"745","program processors","program processors","0","fpga","525"
"746","systems analysis","systems analysis","0","fpga","2803"
"747","dsp","dsp","0","fpga","131"
"748","real time systems","##29005","1","fpga","2863"
"749","wireless telecommunication systems","wireless telecommunication systems","0","fpga","9899"
"750","reconfigurable computing","reconfigurable computing","0","fpga","77"
"751","neural networks","##29022","1","fpga","8638"
"752","information technology","information technology","0","fpga","6152"
"753","imaging systems","imaging systems","0","fpga","3713"
"754","fpga devices","fpga devices","0","fpga","71"
"755","hardware architecture","hardware architecture","0","fpga","75"
"756","computer science","computer science","0","fpga","3430"
"757","proposed architectures","proposed architectures","0","fpga","376"
"758","data processing","data processing","0","fpga","2554"
"759","network architecture","network architecture","0","fpga","1313"
"760","sensors","sensors","0","fpga","7483"
"761","fpga chips","fpga chips","0","fpga","29"
"762","parallel architectures","parallel architectures","0","fpga","353"
"763","logic gates","logic gates","0","fpga","208"
"764","computer vision","computer vision","0","fpga","3926"
"765","vlsi circuits","##30419","1","fpga","220"
"766","programmable logic controllers","programmable logic controllers","0","fpga","662"
"767","re-configurable","re-configurable","0","fpga","360"
"768","communication systems","communication systems","0","fpga","2564"
"769","table lookup","table lookup","0","fpga","227"
"770","fast fourier transforms","##29809","1","fpga","468"
"771","parallel processing systems","parallel processing systems","0","fpga","1076"
"772","hardware resources","hardware resources","0","fpga","118"
"773","robotics","robotics","0","fpga","7608"
"774","asic","asic","0","fpga","28"
"775","computer aided design","##29007","1","fpga","1849"
"776","artificial intelligence","artificial intelligence","0","fpga","9657"
"777","information science","information science","0","fpga","4001"
"778","hardware design","hardware design","0","fpga","52"
"779","pipeline processing systems","pipeline processing systems","0","fpga","197"
"780","technology","technology","0","fpga","11107"
"781","multi agent systems","##29008","1","software agents","2580"
"782","intelligent agents","##29018","1","software agents","912"
"783","artificial intelligence","artificial intelligence","0","software agents","9657"
"784","software engineering","software engineering","0","software agents","4802"
"785","semantics","##29518","1","software agents","5698"
"786","agents","##29164","1","software agents","1782"
"787","computer simulation","computer simulation","0","software agents","12878"
"788","mathematical models","mathematical models","0","software agents","9365"
"789","world wide web","world wide web","0","software agents","4347"
"790","ontology","##29013","1","software agents","3366"
"791","electronic commerce","electronic commerce","0","software agents","2297"
"792","internet","internet","0","software agents","9324"
"793","algorithms","algorithms","0","software agents","17542"
"794","distributed computer systems","distributed computer systems","0","software agents","2687"
"795","problem solving","problem solving","0","software agents","6008"
"796","web services","##28995","1","software agents","3016"
"797","decision making","decision making","0","software agents","5483"
"798","user interfaces","##29004","1","software agents","2377"
"799","computer software","computer software","0","software agents","5734"
"800","multi-agent systems","##29008","1","software agents","2580"
"801","learning systems","learning systems","0","software agents","7252"
"802","computational linguistics","computational linguistics","0","software agents","1713"
"803","information systems","##29011","1","software agents","6305"
"804","mobile agents","##29096","1","software agents","455"
"805","network protocols","network protocols","0","software agents","4227"
"806","computer architecture","computer architecture","0","software agents","1147"
"807","information retrieval","information retrieval","0","software agents","4274"
"808","linguistics","linguistics","0","software agents","5467"
"809","agent based","##29190","1","software agents","260"
"810","information technology","information technology","0","software agents","6152"
"811","semantic web","##31848","1","software agents","1610"
"812","natural language processing systems","natural language processing systems","0","software agents","1220"
"813","knowledge based systems","##29006","1","software agents","2664"
"814","software design","software design","0","software agents","1678"
"815","security of data","security of data","0","software agents","2546"
"816","software architecture","##29202","1","software agents","1100"
"817","java programming language","java programming language","0","software agents","1130"
"818","information theory","information theory","0","software agents","7755"
"819","information services","information services","0","software agents","3941"
"820","virtual reality","virtual reality","0","software agents","3183"
"821","human computer interaction","##29000","1","software agents","1980"
"822","computer science","computer science","0","software agents","3430"
"823","database systems","database systems","0","software agents","3516"
"824","computer networks","computer networks","0","software agents","13014"
"825","decision support systems","##29291","1","software agents","2828"
"826","software agent","##29206","1","software agents","626"
"827","international conferences","international conferences","0","software agents","16468"
"828","object oriented programming","##29183","1","software agents","920"
"829","agent","##29164","1","software agents","1782"
"830","optimization","optimization","0","software agents","10537"
"831","automation","automation","0","software agents","4007"
"832","information management","information management","0","software agents","5813"
"833","intelligent systems","intelligent systems","0","software agents","2828"
"834","computer programming languages","computer programming languages","0","software agents","1816"
"835","multi-agent","multi-agent","0","software agents","200"
"836","middleware","middleware","0","software agents","1279"
"837","technology","technology","0","software agents","11107"
"838","websites","websites","0","software agents","966"
"839","interoperability","interoperability","0","software agents","1121"
"840","knowledge engineering","knowledge engineering","0","software agents","1355"
"841","students","students","0","collaborative learning","2497"
"842","e-learning","##29003","1","collaborative learning","2300"
"843","teaching","teaching","0","collaborative learning","2560"
"844","learning systems","learning systems","0","collaborative learning","7252"
"845","interoperability","interoperability","0","collaborative learning","1121"
"846","education","education","0","collaborative learning","5747"
"847","computer aided instruction","computer aided instruction","0","collaborative learning","501"
"848","computer supported cooperative work","##29799","1","collaborative learning","365"
"849","curricula","curricula","0","collaborative learning","1161"
"850","computer science","computer science","0","collaborative learning","3430"
"851","education computing","education computing","0","collaborative learning","870"
"852","distributed computer systems","distributed computer systems","0","collaborative learning","2687"
"853","information technology","information technology","0","collaborative learning","6152"
"854","design","design","0","collaborative learning","5058"
"855","internet","internet","0","collaborative learning","9324"
"856","computer supported collaborative learning","##30314","1","collaborative learning","52"
"857","virtual reality","virtual reality","0","collaborative learning","3183"
"858","research","research","0","collaborative learning","3193"
"859","technology","technology","0","collaborative learning","11107"
"860","multimedia systems","multimedia systems","0","collaborative learning","3220"
"861","knowledge management","knowledge management","0","collaborative learning","2740"
"862","cscl","cscl","0","collaborative learning","40"
"863","world wide web","world wide web","0","collaborative learning","4347"
"864","information systems","##29011","1","collaborative learning","6305"
"865","learning environments","##29200","1","collaborative learning","344"
"866","communication","communication","0","collaborative learning","4473"
"867","distance education","distance education","0","collaborative learning","358"
"868","online systems","##29012","1","collaborative learning","1353"
"869","problem solving","problem solving","0","collaborative learning","6008"
"870","learning process","learning process","0","collaborative learning","190"
"871","user interfaces","##29004","1","collaborative learning","2377"
"872","groupware","groupware","0","collaborative learning","519"
"873","human computer interaction","##29000","1","collaborative learning","1980"
"874","higher education","higher education","0","collaborative learning","191"
"875","learning activity","##29256","1","collaborative learning","346"
"876","social networking (online)","social networking (online)","0","collaborative learning","251"
"877","collaborative activities","collaborative activities","0","collaborative learning","53"
"878","cesium alloys","cesium alloys","0","collaborative learning","45"
"879","online learning","##29162","1","collaborative learning","233"
"880","software engineering","software engineering","0","collaborative learning","4802"
"881","mobile devices","##29264","1","collaborative learning","1654"
"882","artificial intelligence","artificial intelligence","0","collaborative learning","9657"
"883","international conferences","international conferences","0","collaborative learning","16468"
"884","computer software","computer software","0","collaborative learning","5734"
"885","mobile learning","mobile learning","0","collaborative learning","112"
"886","web 2.0","web 2.0","0","collaborative learning","491"
"887","information science","information science","0","collaborative learning","4001"
"888","collaborative learning activities","collaborative learning activities","0","collaborative learning","10"
"889","teaching and learning","teaching and learning","0","collaborative learning","144"
"890","multi agent systems","##29008","1","collaborative learning","2580"
"891","web services","##28995","1","collaborative learning","3016"
"892","learning outcome","##29256","1","collaborative learning","346"
"893","interactive computer systems","interactive computer systems","0","collaborative learning","913"
"894","active learning","active learning","0","collaborative learning","209"
"895","learning experiences","##29256","1","collaborative learning","346"
"896","learning community","##30171","1","collaborative learning","48"
"897","knowledge acquisition","knowledge acquisition","0","collaborative learning","1028"
"898","learning algorithms","##29192","1","collaborative learning","3871"
"899","ontology","##29013","1","collaborative learning","3366"
"900","computer simulation","computer simulation","0","collaborative learning","12878"
"901","white noise","white noise","0","gaussian noise (electronic)","437"
"902","algorithms","algorithms","0","gaussian noise (electronic)","17542"
"903","gaussian distribution","gaussian distribution","0","gaussian noise (electronic)","433"
"904","computer simulation","computer simulation","0","gaussian noise (electronic)","12878"
"905","signal to noise ratio","##29824","1","gaussian noise (electronic)","1945"
"906","signal processing","signal processing","0","gaussian noise (electronic)","9421"
"907","additive white gaussian noise","additive white gaussian noise","0","gaussian noise (electronic)","88"
"908","gaussian processes","##29942","1","gaussian noise (electronic)","111"
"909","mathematical models","mathematical models","0","gaussian noise (electronic)","9365"
"910","communication channels (information theory)","communication channels (information theory)","0","gaussian noise (electronic)","2160"
"911","estimation","estimation","0","gaussian noise (electronic)","3266"
"912","bit error rate","bit error rate","0","gaussian noise (electronic)","1159"
"913","optimization","optimization","0","gaussian noise (electronic)","10537"
"914","parameter estimation","parameter estimation","0","gaussian noise (electronic)","3844"
"915","wireless telecommunication systems","wireless telecommunication systems","0","gaussian noise (electronic)","9899"
"916","signal detection","signal detection","0","gaussian noise (electronic)","1617"
"917","probability","probability","0","gaussian noise (electronic)","4807"
"918","fading channels","##29616","1","gaussian noise (electronic)","1357"
"919","gaussian noise","gaussian noise","0","gaussian noise (electronic)","100"
"920","rayleigh fading","rayleigh fading","0","gaussian noise (electronic)","509"
"921","maximum likelihood estimation","maximum likelihood estimation","0","gaussian noise (electronic)","928"
"922","trellis codes","trellis codes","0","gaussian noise (electronic)","880"
"923","probability density function","probability density function","0","gaussian noise (electronic)","3257"
"924","code division multiple access","code division multiple access","0","gaussian noise (electronic)","868"
"925","matrix algebra","matrix algebra","0","gaussian noise (electronic)","1955"
"926","signal receivers","signal receivers","0","gaussian noise (electronic)","796"
"927","image processing","image processing","0","gaussian noise (electronic)","6939"
"928","additive white gaussian noise channel","additive white gaussian noise channel","0","gaussian noise (electronic)","27"
"929","fading (radio)","fading (radio)","0","gaussian noise (electronic)","1072"
"930","additive noise","additive noise","0","gaussian noise (electronic)","87"
"931","orthogonal frequency division multiplexing","orthogonal frequency division multiplexing","0","gaussian noise (electronic)","1568"
"932","error analysis","error analysis","0","gaussian noise (electronic)","2581"
"933","communication systems","communication systems","0","gaussian noise (electronic)","2564"
"934","computational complexity","computational complexity","0","gaussian noise (electronic)","2885"
"935","gaussian process","##29942","1","gaussian noise (electronic)","111"
"936","non-gaussian","non-gaussian","0","gaussian noise (electronic)","105"
"937","vectors","vectors","0","gaussian noise (electronic)","2952"
"938","channel capacity","channel capacity","0","gaussian noise (electronic)","730"
"939","regression analysis","regression analysis","0","gaussian noise (electronic)","4870"
"940","turbo codes","##29611","1","gaussian noise (electronic)","622"
"941","gaussians","gaussians","0","gaussian noise (electronic)","155"
"942","wavelet transforms","##29091","1","gaussian noise (electronic)","2168"
"943","information theory","information theory","0","gaussian noise (electronic)","7755"
"944","bayesian networks","##29016","1","gaussian noise (electronic)","1648"
"945","statistical methods","statistical methods","0","gaussian noise (electronic)","2057"
"946","optical communication","##29297","1","gaussian noise (electronic)","1322"
"947","iterative methods","iterative methods","0","gaussian noise (electronic)","1237"
"948","approximation theory","approximation theory","0","gaussian noise (electronic)","958"
"949","random processes","random processes","0","gaussian noise (electronic)","1922"
"950","neural networks","##29022","1","gaussian noise (electronic)","8638"
"951","impulse noise","impulse noise","0","gaussian noise (electronic)","178"
"952","image reconstruction","image reconstruction","0","gaussian noise (electronic)","1891"
"953","signal interference","signal interference","0","gaussian noise (electronic)","371"
"954","simulation result","simulation result","0","gaussian noise (electronic)","1283"
"955","white gaussian noise","white gaussian noise","0","gaussian noise (electronic)","28"
"956","additive gaussian noise","additive gaussian noise","0","gaussian noise (electronic)","33"
"957","codes (symbols)","codes (symbols)","0","gaussian noise (electronic)","3018"
"958","non-gaussian noise","non-gaussian noise","0","gaussian noise (electronic)","18"
"959","bandwidth","bandwidth","0","gaussian noise (electronic)","1497"
"960","gaussian beams","##30636","1","gaussian noise (electronic)","109"
"961","uml","uml","0","unified modeling language","224"
"962","software engineering","software engineering","0","unified modeling language","4802"
"963","object oriented programming","##29183","1","unified modeling language","920"
"964","semantics","##29518","1","unified modeling language","5698"
"965","linguistics","linguistics","0","unified modeling language","5467"
"966","software design","software design","0","unified modeling language","1678"
"967","uml model","uml model","0","unified modeling language","20"
"968","computer software","computer software","0","unified modeling language","5734"
"969","mathematical models","mathematical models","0","unified modeling language","9365"
"970","systems analysis","systems analysis","0","unified modeling language","2803"
"971","specifications","##29196","1","unified modeling language","1604"
"972","computer simulation","computer simulation","0","unified modeling language","12878"
"973","graphic methods","graphic methods","0","unified modeling language","902"
"974","design","design","0","unified modeling language","5058"
"975","software architecture","##29202","1","unified modeling language","1100"
"976","embedded systems","##29262","1","unified modeling language","2572"
"977","information systems","##29011","1","unified modeling language","6305"
"978","computer programming languages","computer programming languages","0","unified modeling language","1816"
"979","models","models","0","unified modeling language","1330"
"980","uml profiles","##30496","1","unified modeling language","60"
"981","real time systems","##29005","1","unified modeling language","2863"
"982","sequence diagrams","##30637","1","unified modeling language","69"
"983","computer aided software engineering","computer aided software engineering","0","unified modeling language","301"
"984","information theory","information theory","0","unified modeling language","7755"
"985","unified modeling language (uml)","unified modeling language (uml)","0","unified modeling language","39"
"986","international conferences","international conferences","0","unified modeling language","16468"
"987","model checking","##29186","1","unified modeling language","1047"
"988","web services","##28995","1","unified modeling language","3016"
"989","unified modeling","unified modeling","0","unified modeling language","54"
"990","query languages","query languages","0","unified modeling language","1877"
"991","formal methods","##29204","1","unified modeling language","672"
"992","markup languages","markup languages","0","unified modeling language","1478"
"993","class diagrams","##30632","1","unified modeling language","47"
"994","petri nets","##29122","1","unified modeling language","840"
"995","information technology","information technology","0","unified modeling language","6152"
"996","graph theory","graph theory","0","unified modeling language","3831"
"997","software systems","software systems","0","unified modeling language","686"
"998","requirements engineering","requirements engineering","0","unified modeling language","539"
"999","xml","xml","0","unified modeling language","1148"
"1000","computer software selection and evaluation","computer software selection and evaluation","0","unified modeling language","1438"
"1001","world wide web","world wide web","0","unified modeling language","4347"
"1002","java programming language","java programming language","0","unified modeling language","1130"
"1003","uml diagrams","uml diagrams","0","unified modeling language","39"
"1004","model transformation","##29646","1","unified modeling language","205"
"1005","activity diagram","##31649","1","unified modeling language","54"
"1006","information services","information services","0","unified modeling language","3941"
"1007","standards","standards","0","unified modeling language","4306"
"1008","information management","information management","0","unified modeling language","5813"
"1009","computer science","computer science","0","unified modeling language","3430"
"1010","user interfaces","##29004","1","unified modeling language","2377"
"1011","uml class diagrams","uml class diagrams","0","unified modeling language","34"
"1012","artificial intelligence","artificial intelligence","0","unified modeling language","9657"
"1013","ontology","##29013","1","unified modeling language","3366"
"1014","technology","technology","0","unified modeling language","11107"
"1015","algorithms","algorithms","0","unified modeling language","17542"
"1016","data structures","data structures","0","unified modeling language","2406"
"1017","verification","verification","0","unified modeling language","840"
"1018","software development","##29241","1","unified modeling language","588"
"1019","formal languages","formal languages","0","unified modeling language","471"
"1020","information science","information science","0","unified modeling language","4001"
