"adaptive control systems","1048","1990","2000"
"application programming interfaces (api)","709","1992","2006"
"application programming interfaces (api)","709","1992","2007"
"artificial neural network","1041","1990","2000"
"bayesian networks","2224","1990","2000"
"bioinformatics","3346","1990","2000"
"bioinformatics","3346","1990","2001"
"case based reasoning","650","1992","2006"
"case based reasoning","650","1992","2007"
"cellular telephone systems","664","1992","2006"
"client server computer systems","1082","1992","2007"
"client server computer systems","1082","1992","2008"
"collaborative learning","477","1993","2009"
"collaborative learning","477","1993","2010"
"computer system recovery","665","1991","2001"
"computer system recovery","665","1991","2002"
"congestion control (communication)","964","1993","2008"
"congestion control (communication)","964","1993","2010"
"content based retrieval","1309","1993","2008"
"content based retrieval","1309","1993","2010"
"control system analysis","675","1992","2006"
"control system analysis","675","1992","2007"
"description logic","870","1993","2008"
"description logic","870","1993","2010"
"differentiation (calculus)","1025","1991","2002"
"differentiation (calculus)","1025","1991","2003"
"distance education","785","1992","2007"
"distance education","785","1992","2008"
"drawing (graphics)","704","1992","2006"
"drawing (graphics)","704","1992","2007"
"education computing","2143","1992","2008"
"education computing","2143","1992","2009"
"electric load forecasting","431","1991","2000"
"electric load forecasting","431","1991","2001"
"electromagnetic dispersion","434","1992","2003"
"electromagnetic dispersion","434","1992","2004"
"field programmable gate arrays","597","1992","2005"
"field programmable gate arrays","597","1992","2006"
"fpga","889","1993","2010"
"fuzzy neural networks","476","1992","2004"
"fuzzy neural networks","476","1992","2005"
"gaussian noise (electronic)","602","1993","2009"
"gaussian noise (electronic)","602","1993","2010"
"haptic interfaces","400","1993","2008"
"haptic interfaces","400","1993","2009"
"independent component analysis","887","1992","2007"
"independent component analysis","887","1992","2008"
"information visualization","638","1991","2001"
"information visualization","638","1991","2002"
"intelligent agents","3495","1990","2000"
"intelligent agents","3495","1990","2001"
"knowledge discovery","491","1992","2004"
"knowledge discovery","491","1992","2005"
"lyapunov methods","539","1991","2001"
"markup languages","1064","1992","2007"
"mobile computing","1576","1991","2003"
"mobile computing","1576","1991","2004"
"multi-agent","445","1993","2008"
"multi-agent","445","1993","2009"
"multi-agent systems","743","1992","2007"
"multi-agent systems","743","1992","2008"
"multi-objective optimization","485","1991","2000"
"multi-objective optimization","485","1991","2001"
"natural sciences computing","402","1992","2003"
"natural sciences computing","402","1992","2004"
"navigation systems","576","1992","2005"
"navigation systems","576","1992","2006"
"online learning","438","1992","2003"
"online learning","438","1992","2004"
"optical resolving power","582","1992","2005"
"optical resolving power","582","1992","2006"
"optimal control systems","518","1992","2005"
"orthogonal frequency division multiplexing","603","1992","2005"
"orthogonal frequency division multiplexing","603","1992","2006"
"personalization","455","1993","2008"
"program interpreters","472","1992","2004"
"program interpreters","472","1992","2005"
"programming theory","873","1991","2002"
"programming theory","873","1991","2003"
"proposed architectures","394","1993","2008"
"proposed architectures","394","1993","2009"
"robot learning","762","1991","2002"
"robot learning","762","1991","2003"
"software agents","1323","1993","2009"
"software agents","1323","1993","2010"
"spurious signal noise","699","1991","2001"
"spurious signal noise","699","1991","2002"
"storage allocation (computer)","1289","1991","2002"
"storage allocation (computer)","1289","1991","2003"
"three dimensional computer graphics","2772","1990","2000"
"three term control systems","468","1992","2004"
"three term control systems","468","1992","2005"
"tracking (position)","1304","1991","2002"
"tracking (position)","1304","1991","2003"
"type systems","508","1991","2001"
"unified modeling language","734","1993","2009"
"unified modeling language","734","1993","2010"
"wavelet analysis","510","1992","2004"
"wavelet analysis","510","1992","2005"
"wireless networks","3430","1991","2003"
