domain ontologies,2000,0.563114499225142
encryption schemes,2000,0.409278920564061
metaheuristic,2000,0.469125390931410
ontology engineering,2000,0.614687350601424
service discovery,2000,0.613342658651840
cognitive radio,2001,0.427820936106663
location based services,2001,0.615422089335163
manet,2001,0.593324068682438
semantic web technology,2001,0.507677131475615
wireless sensor network,2001,0.461436344989603
intelligent virtual agents,2002,0.437554533494729
network lifetime,2002,0.400742842198422
p2p network,2002,0.464532873925579
semantic annotations,2002,0.544643280943834
service compositions,2002,0.501121055274271
model-driven engineering,2003,0.448968021118135
ontology matching,2003,0.426490312213527
opinion mining,2003,0.402294224556116
semantic search,2003,0.481747013983120
semantic web services,2003,0.581932917741098
service oriented computing,2003,0.570396780926942
service-oriented architecture,2003,0.497527232361382
bilinear pairing,2004,0.499245594162656
linked data,2004,0.538328242924916
micro grid,2004,0.433516440228690
phishing,2004,0.446477463651885
privacy preservation,2004,0.425723602814565
separation logic,2004,0.463295264539677
vehicular ad hoc networks,2004,0.416205350798719
wimax,2004,0.487926868114334
folksonomies,2005,0.538861923667138
multi-core systems,2005,0.398849124073735
ontology alignment,2005,0.491830441093708
sentiment analysis,2005,0.500385499129356
smart power grids,2005,0.395431711587732
social media,2005,0.369038021769168
ambient assisted living,2006,0.244774556680970
cloud computing,2006,0.290946314832242
community detection,2006,0.311297043241246
gpgpu,2006,0.276457918723471
social tagging,2006,0.338739833417348
user-generated content,2006,0.229997764510338
web 2.0,2006,0.287273270032076
information retrieval technology,2008,0.313248664946231
cloud security,2009,0.260498564339646
iot,2009,0.226864972201680
cloud infrastructures,2010,0.0200471819821113
cloud storages,2010,-0.0303666140866697
microblog,2010,0.269581703129171
platform as a service (paas),2010,0.0469211655804354