domain ontologies,2000,0.436361205538616
encryption schemes,2000,0.387920689753145
metaheuristic,2000,0.399887673511026
ontology engineering,2000,0.449101155949222
service discovery,2000,0.561494017776403
cognitive radio,2001,0.245141025116807
location based services,2001,0.378509686388180
manet,2001,0.407156817221059
semantic web technology,2001,0.341532495112669
wireless sensor network,2001,0.291465718561270
intelligent virtual agents,2002,0.338398058959280
network lifetime,2002,0.376750941797693
p2p network,2002,0.345306560202829
semantic annotations,2002,0.398523322145508
service compositions,2002,0.387058959678856
model-driven engineering,2003,0.366365119026214
ontology matching,2003,0.352160211277560
opinion mining,2003,0.374937724492908
semantic search,2003,0.397275033273041
semantic web services,2003,0.398336449382204
service oriented computing,2003,0.415989861721724
service-oriented architecture,2003,0.438946123320781
bilinear pairing,2004,0.370055217964982
linked data,2004,0.400943582374382
micro grid,2004,0.322546337441457
phishing,2004,0.401095331650423
privacy preservation,2004,0.351492918739434
separation logic,2004,0.341915848565271
vehicular ad hoc networks,2004,0.406369162032852
wimax,2004,0.363802810258483
folksonomies,2005,0.399970105933169
multi-core systems,2005,0.339402737346980
ontology alignment,2005,0.419792762555095
sentiment analysis,2005,0.385904641439057
smart power grids,2005,0.368272083022169
social media,2005,0.339230702882388
ambient assisted living,2006,0.245299739691604
cloud computing,2006,0.278623230336473
community detection,2006,0.310335387645614
gpgpu,2006,0.263859708961395
social tagging,2006,0.288374226045072
user-generated content,2006,0.224303222720763
web 2.0,2006,0.251423243256110
information retrieval technology,2008,0.266552526934771
cloud security,2009,0.227283481704920
iot,2009,0.229320339177383
cloud infrastructures,2010,0.0597855837485616
cloud storages,2010,0.0776396002422391
microblog,2010,0.0921172654186778
platform as a service (paas),2010,0.0185986255600363