domain ontologies,2000,0.413974984567644
encryption schemes,2000,0.337654393641021
metaheuristic,2000,0.389861571444937
ontology engineering,2000,0.435039116849655
service discovery,2000,0.454929173978441
cognitive radio,2001,0.240852063125419
location based services,2001,0.330874051996932
manet,2001,0.341669247938558
semantic web technology,2001,0.343455467645177
wireless sensor network,2001,0.258330369498042
intelligent virtual agents,2002,0.323877515214245
network lifetime,2002,0.351211115982573
p2p network,2002,0.339675968500727
semantic annotations,2002,0.342587429546870
service compositions,2002,0.368710964213136
model-driven engineering,2003,0.320286821603707
ontology matching,2003,0.351640653883403
opinion mining,2003,0.348133105849820
semantic search,2003,0.343770976422018
semantic web services,2003,0.349369703588157
service oriented computing,2003,0.330675122130880
service-oriented architecture,2003,0.359867443033089
bilinear pairing,2004,0.379946767955342
linked data,2004,0.347728895319630
micro grid,2004,0.316518604582362
phishing,2004,0.385702425108511
privacy preservation,2004,0.320975838150772
separation logic,2004,0.335402724613080
vehicular ad hoc networks,2004,0.342133708058257
wimax,2004,0.347067096659706
folksonomies,2005,0.354876517353995
multi-core systems,2005,0.322797856309011
ontology alignment,2005,0.386449622671888
sentiment analysis,2005,0.349589770707237
smart power grids,2005,0.358061524296055
social media,2005,0.318848095910519
ambient assisted living,2006,0.223638427011784
cloud computing,2006,0.241073479303102
community detection,2006,0.243352976536742
gpgpu,2006,0.254632518308288
social tagging,2006,0.263149806195353
user-generated content,2006,0.240453730856168
web 2.0,2006,0.224148131865231
information retrieval technology,2008,0.231518358385393
cloud security,2009,0.177248821339960
iot,2009,0.221406740949535
cloud infrastructures,2010,0.0787947744902787
cloud storages,2010,0.0805882011035009
microblog,2010,0.0960238104398482
platform as a service (paas),2010,0.0778378225217013