bioinformatics,2000,0.174863504359249
electric load forecasting,2000,0.216021817073543
intelligent agents,2000,0.260865657292252
multi-objective optimization,2000,0.252428328624171
type systems,2000,0.325357330882344
computer system recovery,2001,0.101001447580110
information visualization,2001,0.219987049791456
lyapunov methods,2001,0.253125070742400
spurious signal noise,2001,0.138905992577319
differentiation (calculus),2002,0.128470378171416
programming theory,2002,0.120206933662795
robot learning,2002,0.147587727349644
storage allocation (computer),2002,0.129307212664018
tracking (position),2002,0.105457235062594
electromagnetic dispersion,2003,0.267026579973493
natural sciences computing,2003,0.185479892045407
online learning,2003,0.179671700066162
wireless networks,2003,0.317632636691348
fuzzy neural networks,2004,0.257174079509292
program interpreters,2004,0.316325017519251
three term control systems,2004,0.171167949738297
wavelet analysis,2004,0.189206934870543
field programmable gate arrays,2005,0.273460277072020
navigation systems,2005,0.267640494966895
optical resolving power,2005,0.231912217083318
optimal control systems,2005,0.242199075527827
application programming interfaces (api),2006,0.206392688381627
case based reasoning,2006,0.236001669727040
cellular telephone systems,2006,0.287409126231304
control system analysis,2006,0.225764231142959
drawing (graphics),2006,0.212714496451731
client server computer systems,2007,0.0625997424619240
distance education,2007,0.165705496554036
independent component analysis,2007,0.155527448563864
markup languages,2007,0.200158194320674
multi-agent systems,2007,0.162846865581778
education computing,2008,0.116769398567983
haptic interfaces,2008,0.151514888048888
multi-agent,2008,0.0957931251854385
personalization,2008,0.255493560751353
proposed architectures,2008,0.164089908226057
collaborative learning,2009,0.183804391611962
gaussian noise (electronic),2009,-0.108974647289577
service oriented,2009,0.229695991872211
unified modeling language,2009,0.275406989917291
congestion control (communication),2010,-0.170158300216479
content based retrieval,2010,0.0142836578811127
description logic,2010,0.156754003867498
fpga,2010,0.0630024286886949
software agents,2010,-0.0678286824234831