bioinformatics,2000,0.0847358618768405
electric load forecasting,2000,0.129941149403081
intelligent agents,2000,0.161958083391175
multi-objective optimization,2000,0.178586763079912
type systems,2000,0.251994906228929
computer system recovery,2001,0.0822647823135333
information visualization,2001,0.146461031545585
lyapunov methods,2001,0.204514414767326
spurious signal noise,2001,0.123848561335339
differentiation (calculus),2002,0.0930435305092011
programming theory,2002,0.0713300211531608
robot learning,2002,0.137305334875333
storage allocation (computer),2002,0.0940198305184059
tracking (position),2002,0.0848121763133181
electromagnetic dispersion,2003,0.234872772321335
natural sciences computing,2003,0.170920037787280
online learning,2003,0.181020446863365
wireless networks,2003,0.283734043514057
fuzzy neural networks,2004,0.271242395760994
program interpreters,2004,0.280749421588223
three term control systems,2004,0.211161152682490
wavelet analysis,2004,0.187112209419224
field programmable gate arrays,2005,0.248180152901180
navigation systems,2005,0.268714899779191
optical resolving power,2005,0.197953210261847
optimal control systems,2005,0.231509797558633
application programming interfaces (api),2006,0.179040998056723
case based reasoning,2006,0.205905096621679
cellular telephone systems,2006,0.234186610106760
control system analysis,2006,0.152855778233495
drawing (graphics),2006,0.144446798581882
client server computer systems,2007,0.0636178046902906
distance education,2007,0.142330952080858
independent component analysis,2007,0.139532161155362
markup languages,2007,0.171058524030347
multi-agent systems,2007,0.155277683412406
education computing,2008,0.104887536283351
haptic interfaces,2008,0.149385191043691
multi-agent,2008,0.0922256699043809
personalization,2008,0.204328368409368
proposed architectures,2008,0.185421562148076
collaborative learning,2009,0.179246993865266
gaussian noise (electronic),2009,-0.124585428505895
service oriented,2009,0.191246542963658
unified modeling language,2009,0.211745948230466
congestion control (communication),2010,-0.112648814150151
content based retrieval,2010,0.0547235502104151
description logic,2010,0.0881166508335884
fpga,2010,0.115001518194880
software agents,2010,-0.0965896236956383