bioinformatics,2000,0.268317068299195
electric load forecasting,2000,0.207136747833269
intelligent agents,2000,0.276728539971575
multi-objective optimization,2000,0.288779814887265
type systems,2000,0.281593019492841
computer system recovery,2001,0.170558110382337
information visualization,2001,0.351366418771848
lyapunov methods,2001,0.327980542773938
spurious signal noise,2001,0.0854502546284903
differentiation (calculus),2002,0.205175014225522
programming theory,2002,0.0293918482367376
robot learning,2002,0.190670091150270
storage allocation (computer),2002,0.0942533258095608
tracking (position),2002,0.236724682771197
electromagnetic dispersion,2003,0.389016341850412
natural sciences computing,2003,0.195981667354650
online learning,2003,0.273830329178104
wireless networks,2003,0.388373754983939
fuzzy neural networks,2004,0.235659974759982
program interpreters,2004,0.356861323053654
three term control systems,2004,0.271295767447366
wavelet analysis,2004,0.284884514423876
field programmable gate arrays,2005,0.225194637228385
navigation systems,2005,0.217991502523680
optical resolving power,2005,0.245680805282854
optimal control systems,2005,0.221944382763453
application programming interfaces (api),2006,0.210645237773872
case based reasoning,2006,0.253492724316491
cellular telephone systems,2006,0.337333183632707
control system analysis,2006,0.228247218170423
drawing (graphics),2006,0.248858884363210
client server computer systems,2007,0.102157984730981
distance education,2007,0.189955231255180
independent component analysis,2007,0.200712021353364
markup languages,2007,0.288466881174299
multi-agent systems,2007,0.235071550804200
education computing,2008,0.133852029419437
haptic interfaces,2008,0.134231478317855
multi-agent,2008,0.0755717395061106
personalization,2008,0.193729607259464
proposed architectures,2008,0.107863162776466
collaborative learning,2009,0.214716034439216
gaussian noise (electronic),2009,-0.241187015771784
service oriented,2009,0.169485178734336
unified modeling language,2009,0.248152120448545
congestion control (communication),2010,-0.463864926004325
content based retrieval,2010,-0.0180953487235352
description logic,2010,0.217400769650150
fpga,2010,0.104066277653542
software agents,2010,-0.160191395272259