{
  "smart power grids": [
    {
      "name2": "optimization",
      "co": 408,
      "softDebut": 1969,
      "class": 2225.8203
    },
    {
      "name2": "distributed power generation",
      "co": 404,
      "softDebut": 2003,
      "class": 2227.7361
    },
    {
      "name2": "electric power transmission networks",
      "co": 361,
      "softDebut": 1994,
      "class": 2249.3019
    },
    {
      "name2": "algorithms",
      "co": 339,
      "softDebut": 1969,
      "class": 2261.689
    },
    {
      "name2": "smart grids",
      "co": 324,
      "softDebut": 2008,
      "class": 2276.9936
    },
    {
      "name2": "electric vehicles",
      "co": 311,
      "softDebut": 1993,
      "class": 2278.2583
    },
    {
      "name2": "information technology",
      "co": 312,
      "softDebut": 1982,
      "class": 2280.6959
    },
    {
      "name2": "electric power distribution",
      "co": 297,
      "softDebut": 1976,
      "class": 2287.6571
    },
    {
      "name2": "energy management",
      "co": 295,
      "softDebut": 1983,
      "class": 2293.3606
    },
    {
      "name2": "electric utilities",
      "co": 279,
      "softDebut": 1978,
      "class": 2297.77
    },
    {
      "name2": "demand response",
      "co": 279,
      "softDebut": 2007,
      "class": 2302.653
    },
    {
      "name2": "wind power",
      "co": 269,
      "softDebut": 1976,
      "class": 2303.59
    },
    {
      "name2": "computer simulation",
      "co": 258,
      "softDebut": 1968,
      "class": 2311.1244
    },
    {
      "name2": "communication",
      "co": 267,
      "softDebut": 1960,
      "class": 2312.8781
    },
    {
      "name2": "power grids",
      "co": 264,
      "softDebut": 2002,
      "class": 2313.0339
    },
    {
      "name2": "energy utilization",
      "co": 242,
      "softDebut": 1978,
      "class": 2319.1429
    },
    {
      "name2": "costs",
      "co": 230,
      "softDebut": 1981,
      "class": 2324.7559
    },
    {
      "name2": "micro grid",
      "co": 228,
      "softDebut": 2007,
      "class": 2327.619
    },
    {
      "name2": "renewable energy resources",
      "co": 215,
      "softDebut": 1992,
      "class": 2335.6504
    },
    {
      "name2": "distribution systems",
      "co": 173,
      "softDebut": 1991,
      "class": 2360.3777
    },
    {
      "name2": "scheduling",
      "co": 169,
      "softDebut": 1975,
      "class": 2361.0733
    },
    {
      "name2": "energy efficiency",
      "co": 180,
      "softDebut": 1979,
      "class": 2362.635
    },
    {
      "name2": "exhibitions",
      "co": 232,
      "softDebut": 1996,
      "class": 2362.9071
    },
    {
      "name2": "renewable energies",
      "co": 174,
      "softDebut": 2005,
      "class": 2363.3396
    },
    {
      "name2": "electricity",
      "co": 179,
      "softDebut": 1947,
      "class": 2364.3314
    }
  ],
  "smart grid": [
    {
      "name2": "smart grids",
      "co": 402,
      "softDebut": 2008,
      "class": 1406.8561
    },
    {
      "name2": "optimization",
      "co": 284,
      "softDebut": 1969,
      "class": 1480.7208
    },
    {
      "name2": "electric vehicles",
      "co": 266,
      "softDebut": 1993,
      "class": 1481.4695
    },
    {
      "name2": "information technology",
      "co": 255,
      "softDebut": 1982,
      "class": 1489.8285
    },
    {
      "name2": "energy management",
      "co": 259,
      "softDebut": 1983,
      "class": 1491.6779
    },
    {
      "name2": "distributed power generation",
      "co": 248,
      "softDebut": 2003,
      "class": 1493.9886
    },
    {
      "name2": "communication",
      "co": 251,
      "softDebut": 1960,
      "class": 1498.1372
    },
    {
      "name2": "power grids",
      "co": 247,
      "softDebut": 2002,
      "class": 1498.4395
    },
    {
      "name2": "demand response",
      "co": 244,
      "softDebut": 2007,
      "class": 1501.8822
    },
    {
      "name2": "electric power transmission networks",
      "co": 232,
      "softDebut": 1994,
      "class": 1503.744
    },
    {
      "name2": "algorithms",
      "co": 200,
      "softDebut": 1969,
      "class": 1515.6655
    },
    {
      "name2": "energy utilization",
      "co": 202,
      "softDebut": 1978,
      "class": 1517.6014
    },
    {
      "name2": "electric power distribution",
      "co": 180,
      "softDebut": 1976,
      "class": 1527.1608
    },
    {
      "name2": "electric utilities",
      "co": 184,
      "softDebut": 1978,
      "class": 1533.3538
    },
    {
      "name2": "electricity",
      "co": 166,
      "softDebut": 1947,
      "class": 1542.6626
    },
    {
      "name2": "costs",
      "co": 150,
      "softDebut": 1981,
      "class": 1545.4067
    },
    {
      "name2": "energy efficiency",
      "co": 168,
      "softDebut": 1979,
      "class": 1545.7387
    },
    {
      "name2": "wireless telecommunication systems",
      "co": 150,
      "softDebut": 1995,
      "class": 1546.4508
    },
    {
      "name2": "renewable energy resources",
      "co": 169,
      "softDebut": 1992,
      "class": 1546.7395
    },
    {
      "name2": "scheduling",
      "co": 145,
      "softDebut": 1975,
      "class": 1547.9493
    },
    {
      "name2": "computer simulation",
      "co": 152,
      "softDebut": 1968,
      "class": 1550.5167
    },
    {
      "name2": "micro grid",
      "co": 138,
      "softDebut": 2007,
      "class": 1555.2235
    },
    {
      "name2": "renewable energies",
      "co": 135,
      "softDebut": 2005,
      "class": 1558.8852
    },
    {
      "name2": "standards",
      "co": 127,
      "softDebut": 1971,
      "class": 1560.0446
    },
    {
      "name2": "automation",
      "co": 134,
      "softDebut": 1960,
      "class": 1561.5063
    }
  ],
  "cloud services": [
    {
      "name2": "cloud computing",
      "co": 890,
      "softDebut": 2008,
      "class": 321.4903
    },
    {
      "name2": "distributed database systems",
      "co": 594,
      "softDebut": 1982,
      "class": 445.8453
    },
    {
      "name2": "web services",
      "co": 428,
      "softDebut": 1998,
      "class": 556.0378
    },
    {
      "name2": "computer systems",
      "co": 227,
      "softDebut": 1971,
      "class": 678.0627
    },
    {
      "name2": "information technology",
      "co": 146,
      "softDebut": 1982,
      "class": 703.0263
    },
    {
      "name2": "quality of service",
      "co": 118,
      "softDebut": 1986,
      "class": 717.2587
    },
    {
      "name2": "service provider",
      "co": 110,
      "softDebut": 1998,
      "class": 723.819
    },
    {
      "name2": "virtualizations",
      "co": 102,
      "softDebut": 2005,
      "class": 728.9801
    },
    {
      "name2": "internet",
      "co": 104,
      "softDebut": 1989,
      "class": 729.4162
    },
    {
      "name2": "data centers",
      "co": 90,
      "softDebut": 1994,
      "class": 731.184
    },
    {
      "name2": "clouds",
      "co": 84,
      "softDebut": 1993,
      "class": 736.9464
    },
    {
      "name2": "mobile devices",
      "co": 77,
      "softDebut": 1999,
      "class": 739.7371
    },
    {
      "name2": "virtual machines",
      "co": 76,
      "softDebut": 1991,
      "class": 741.2989
    },
    {
      "name2": "industry",
      "co": 77,
      "softDebut": 1948,
      "class": 742.5301
    },
    {
      "name2": "cloud",
      "co": 69,
      "softDebut": 1986,
      "class": 743.881
    },
    {
      "name2": "algorithms",
      "co": 60,
      "softDebut": 1969,
      "class": 745.6514
    },
    {
      "name2": "service level agreements",
      "co": 62,
      "softDebut": 1995,
      "class": 747.4838
    },
    {
      "name2": "costs",
      "co": 63,
      "softDebut": 1981,
      "class": 748.0929
    },
    {
      "name2": "communication",
      "co": 56,
      "softDebut": 1960,
      "class": 748.127
    },
    {
      "name2": "security of data",
      "co": 62,
      "softDebut": 1988,
      "class": 749.4558
    },
    {
      "name2": "digital storage",
      "co": 59,
      "softDebut": 1971,
      "class": 750.1353
    },
    {
      "name2": "grid computing",
      "co": 81,
      "softDebut": 2001,
      "class": 750.1407
    },
    {
      "name2": "network architecture",
      "co": 57,
      "softDebut": 1982,
      "class": 750.3766
    },
    {
      "name2": "computer simulation",
      "co": 56,
      "softDebut": 1968,
      "class": 750.8036
    },
    {
      "name2": "computing environments",
      "co": 59,
      "softDebut": 1993,
      "class": 750.8335
    }
  ],
  "femtocell": [
    {
      "name2": "wireless telecommunication systems",
      "co": 228,
      "softDebut": 1995,
      "class": 416.2199
    },
    {
      "name2": "algorithms",
      "co": 190,
      "softDebut": 1969,
      "class": 428.8624
    },
    {
      "name2": "frequency division multiple access",
      "co": 144,
      "softDebut": 1993,
      "class": 463.1663
    },
    {
      "name2": "interference suppression",
      "co": 113,
      "softDebut": 1980,
      "class": 469.3741
    },
    {
      "name2": "quality of service",
      "co": 119,
      "softDebut": 1986,
      "class": 470.3573
    },
    {
      "name2": "mobile telecommunication systems",
      "co": 229,
      "softDebut": 1992,
      "class": 472.197
    },
    {
      "name2": "resource allocation",
      "co": 115,
      "softDebut": 1973,
      "class": 475.6091
    },
    {
      "name2": "base stations",
      "co": 116,
      "softDebut": 1993,
      "class": 476.9937
    },
    {
      "name2": "heterogeneous networks",
      "co": 97,
      "softDebut": 1990,
      "class": 482.0954
    },
    {
      "name2": "optimization",
      "co": 110,
      "softDebut": 1969,
      "class": 482.9358
    },
    {
      "name2": "cellular network",
      "co": 102,
      "softDebut": 1993,
      "class": 483.4408
    },
    {
      "name2": "power control",
      "co": 94,
      "softDebut": 1992,
      "class": 488.4639
    },
    {
      "name2": "wireless networks",
      "co": 110,
      "softDebut": 1993,
      "class": 492.5718
    },
    {
      "name2": "energy efficiency",
      "co": 74,
      "softDebut": 1979,
      "class": 494.6564
    },
    {
      "name2": "handover",
      "co": 77,
      "softDebut": 1995,
      "class": 498.4376
    },
    {
      "name2": "lte",
      "co": 71,
      "softDebut": 1999,
      "class": 499.7219
    },
    {
      "name2": "computer simulation",
      "co": 77,
      "softDebut": 1968,
      "class": 501.5835
    },
    {
      "name2": "access points",
      "co": 66,
      "softDebut": 1989,
      "class": 502.451
    },
    {
      "name2": "game theory",
      "co": 60,
      "softDebut": 1969,
      "class": 503.5127
    },
    {
      "name2": "cochannel interference",
      "co": 67,
      "softDebut": 1986,
      "class": 504.5136
    },
    {
      "name2": "numerical results",
      "co": 59,
      "softDebut": 1986,
      "class": 506.6458
    },
    {
      "name2": "signal interference",
      "co": 50,
      "softDebut": 1973,
      "class": 508.2234
    },
    {
      "name2": "spurious signal noise",
      "co": 48,
      "softDebut": 1991,
      "class": 508.7052
    },
    {
      "name2": "orthogonal frequency division multiplexing",
      "co": 52,
      "softDebut": 1994,
      "class": 510.4047
    },
    {
      "name2": "interference",
      "co": 55,
      "softDebut": 1973,
      "class": 510.9912
    }
  ],
  "hadoop": [
    {
      "name2": "map-reduce",
      "co": 323,
      "softDebut": 2008,
      "class": 162.6684
    },
    {
      "name2": "mapreduce",
      "co": 321,
      "softDebut": 2008,
      "class": 168.8935
    },
    {
      "name2": "cloud computing",
      "co": 237,
      "softDebut": 2008,
      "class": 217.5615
    },
    {
      "name2": "algorithms",
      "co": 102,
      "softDebut": 1969,
      "class": 282.7826
    },
    {
      "name2": "data processing",
      "co": 68,
      "softDebut": 1969,
      "class": 296.5367
    },
    {
      "name2": "digital storage",
      "co": 56,
      "softDebut": 1971,
      "class": 301.8476
    },
    {
      "name2": "computer systems",
      "co": 56,
      "softDebut": 1971,
      "class": 312.976
    },
    {
      "name2": "distributed computer systems",
      "co": 45,
      "softDebut": 1981,
      "class": 313.5905
    },
    {
      "name2": "scheduling",
      "co": 40,
      "softDebut": 1975,
      "class": 314.3342
    },
    {
      "name2": "cluster computing",
      "co": 41,
      "softDebut": 1996,
      "class": 316.3558
    },
    {
      "name2": "data mining",
      "co": 37,
      "softDebut": 1995,
      "class": 316.5423
    },
    {
      "name2": "data handling",
      "co": 50,
      "softDebut": 1983,
      "class": 317.0079
    },
    {
      "name2": "distributed file systems",
      "co": 44,
      "softDebut": 1987,
      "class": 317.1214
    },
    {
      "name2": "information management",
      "co": 36,
      "softDebut": 1981,
      "class": 317.5122
    },
    {
      "name2": "parallel architectures",
      "co": 41,
      "softDebut": 1985,
      "class": 317.5232
    },
    {
      "name2": "optimization",
      "co": 36,
      "softDebut": 1969,
      "class": 317.9465
    },
    {
      "name2": "computer software",
      "co": 32,
      "softDebut": 1980,
      "class": 318.044
    },
    {
      "name2": "internet",
      "co": 34,
      "softDebut": 1989,
      "class": 319.3274
    },
    {
      "name2": "open source implementation",
      "co": 32,
      "softDebut": 2005,
      "class": 319.6655
    },
    {
      "name2": "computer programming",
      "co": 32,
      "softDebut": 1972,
      "class": 320.5745
    },
    {
      "name2": "programming models",
      "co": 40,
      "softDebut": 1994,
      "class": 320.6462
    },
    {
      "name2": "computer science",
      "co": 35,
      "softDebut": 1978,
      "class": 322.132
    },
    {
      "name2": "metadata",
      "co": 26,
      "softDebut": 1990,
      "class": 322.177
    },
    {
      "name2": "scheduling algorithms",
      "co": 25,
      "softDebut": 1985,
      "class": 322.2065
    },
    {
      "name2": "information technology",
      "co": 24,
      "softDebut": 1982,
      "class": 324.1666
    }
  ],
  "smart meters": [
    {
      "name2": "energy utilization",
      "co": 64,
      "softDebut": 1978,
      "class": 200.3722
    },
    {
      "name2": "communication",
      "co": 50,
      "softDebut": 1960,
      "class": 207.497
    },
    {
      "name2": "electric measuring instruments",
      "co": 51,
      "softDebut": 1973,
      "class": 208.6384
    },
    {
      "name2": "information technology",
      "co": 40,
      "softDebut": 1982,
      "class": 212.1768
    },
    {
      "name2": "energy management",
      "co": 39,
      "softDebut": 1983,
      "class": 213.0915
    },
    {
      "name2": "electric power measurement",
      "co": 40,
      "softDebut": 1993,
      "class": 213.2346
    },
    {
      "name2": "energy efficiency",
      "co": 43,
      "softDebut": 1979,
      "class": 213.3401
    },
    {
      "name2": "data privacy",
      "co": 37,
      "softDebut": 1995,
      "class": 213.6305
    },
    {
      "name2": "wireless telecommunication systems",
      "co": 31,
      "softDebut": 1995,
      "class": 218.5269
    },
    {
      "name2": "electric utilities",
      "co": 30,
      "softDebut": 1978,
      "class": 219.2282
    },
    {
      "name2": "electricity",
      "co": 28,
      "softDebut": 1947,
      "class": 219.406
    },
    {
      "name2": "power grids",
      "co": 23,
      "softDebut": 2002,
      "class": 221.3775
    },
    {
      "name2": "sensors",
      "co": 24,
      "softDebut": 1975,
      "class": 221.9392
    },
    {
      "name2": "costs",
      "co": 23,
      "softDebut": 1981,
      "class": 222.1036
    },
    {
      "name2": "privacy",
      "co": 22,
      "softDebut": 1978,
      "class": 222.4343
    },
    {
      "name2": "security of data",
      "co": 24,
      "softDebut": 1988,
      "class": 222.8654
    },
    {
      "name2": "privacy preserving",
      "co": 20,
      "softDebut": 2004,
      "class": 222.9686
    },
    {
      "name2": "demand response",
      "co": 23,
      "softDebut": 2007,
      "class": 223.186
    },
    {
      "name2": "algorithms",
      "co": 21,
      "softDebut": 1969,
      "class": 223.1905
    },
    {
      "name2": "smart grids",
      "co": 19,
      "softDebut": 2008,
      "class": 224.2811
    },
    {
      "name2": "automation",
      "co": 21,
      "softDebut": 1960,
      "class": 224.2989
    },
    {
      "name2": "electric power transmission networks",
      "co": 17,
      "softDebut": 1994,
      "class": 224.7621
    },
    {
      "name2": "intelligent buildings",
      "co": 18,
      "softDebut": 1990,
      "class": 224.7732
    },
    {
      "name2": "security",
      "co": 20,
      "softDebut": 1979,
      "class": 225.1377
    },
    {
      "name2": "domestic appliances",
      "co": 19,
      "softDebut": 1988,
      "class": 225.424
    }
  ],
  "cloud storage": [
    {
      "name2": "digital storage",
      "co": 136,
      "softDebut": 1971,
      "class": 113.2872
    },
    {
      "name2": "cloud computing",
      "co": 133,
      "softDebut": 2008,
      "class": 123.9314
    },
    {
      "name2": "cryptography",
      "co": 54,
      "softDebut": 1979,
      "class": 160.4494
    },
    {
      "name2": "storage systems",
      "co": 51,
      "softDebut": 1994,
      "class": 170.3673
    },
    {
      "name2": "security of data",
      "co": 33,
      "softDebut": 1988,
      "class": 171.5896
    },
    {
      "name2": "algorithms",
      "co": 29,
      "softDebut": 1969,
      "class": 175.6559
    },
    {
      "name2": "information management",
      "co": 32,
      "softDebut": 1981,
      "class": 177.0763
    },
    {
      "name2": "storage services",
      "co": 37,
      "softDebut": 2007,
      "class": 177.7554
    },
    {
      "name2": "access control",
      "co": 25,
      "softDebut": 1970,
      "class": 178.0365
    },
    {
      "name2": "security",
      "co": 25,
      "softDebut": 1979,
      "class": 178.4741
    },
    {
      "name2": "distributed database systems",
      "co": 21,
      "softDebut": 1982,
      "class": 179.9028
    },
    {
      "name2": "data integrity",
      "co": 23,
      "softDebut": 1985,
      "class": 180.3524
    },
    {
      "name2": "computer systems",
      "co": 31,
      "softDebut": 1971,
      "class": 180.4023
    },
    {
      "name2": "data privacy",
      "co": 20,
      "softDebut": 1995,
      "class": 181.2126
    },
    {
      "name2": "data storage",
      "co": 25,
      "softDebut": 1970,
      "class": 181.3257
    },
    {
      "name2": "internet",
      "co": 19,
      "softDebut": 1989,
      "class": 181.5516
    },
    {
      "name2": "distributed file systems",
      "co": 20,
      "softDebut": 1987,
      "class": 181.9725
    },
    {
      "name2": "costs",
      "co": 15,
      "softDebut": 1981,
      "class": 183.1529
    },
    {
      "name2": "optimization",
      "co": 16,
      "softDebut": 1969,
      "class": 183.3412
    },
    {
      "name2": "distributed storage",
      "co": 16,
      "softDebut": 1997,
      "class": 183.5756
    },
    {
      "name2": "network security",
      "co": 19,
      "softDebut": 1986,
      "class": 183.5838
    },
    {
      "name2": "distributed computer systems",
      "co": 18,
      "softDebut": 1981,
      "class": 183.6083
    },
    {
      "name2": "metadata",
      "co": 16,
      "softDebut": 1990,
      "class": 184.3963
    },
    {
      "name2": "web services",
      "co": 14,
      "softDebut": 1998,
      "class": 185.3052
    },
    {
      "name2": "information technology",
      "co": 14,
      "softDebut": 1982,
      "class": 185.4184
    }
  ],
  "cloud systems": [
    {
      "name2": "cloud computing",
      "co": 203,
      "softDebut": 2008,
      "class": 67.6905
    },
    {
      "name2": "computer systems",
      "co": 73,
      "softDebut": 1971,
      "class": 131.7194
    },
    {
      "name2": "virtual machines",
      "co": 50,
      "softDebut": 1991,
      "class": 145.2067
    },
    {
      "name2": "virtualizations",
      "co": 33,
      "softDebut": 2005,
      "class": 154.0974
    },
    {
      "name2": "clouds",
      "co": 39,
      "softDebut": 1993,
      "class": 154.1363
    },
    {
      "name2": "data centers",
      "co": 26,
      "softDebut": 1994,
      "class": 156.253
    },
    {
      "name2": "computer simulation",
      "co": 31,
      "softDebut": 1968,
      "class": 156.9204
    },
    {
      "name2": "web services",
      "co": 28,
      "softDebut": 1998,
      "class": 157.6166
    },
    {
      "name2": "algorithms",
      "co": 26,
      "softDebut": 1969,
      "class": 157.8955
    },
    {
      "name2": "computing environments",
      "co": 23,
      "softDebut": 1993,
      "class": 158.6506
    },
    {
      "name2": "information technology",
      "co": 24,
      "softDebut": 1982,
      "class": 158.9182
    },
    {
      "name2": "distributed database systems",
      "co": 23,
      "softDebut": 1982,
      "class": 160.1125
    },
    {
      "name2": "cloud",
      "co": 26,
      "softDebut": 1986,
      "class": 160.1156
    },
    {
      "name2": "quality of service",
      "co": 23,
      "softDebut": 1986,
      "class": 160.1562
    },
    {
      "name2": "computing system",
      "co": 20,
      "softDebut": 1996,
      "class": 160.6456
    },
    {
      "name2": "resource allocation",
      "co": 23,
      "softDebut": 1973,
      "class": 161.8827
    },
    {
      "name2": "virtualization",
      "co": 19,
      "softDebut": 1998,
      "class": 162.2221
    },
    {
      "name2": "virtual reality",
      "co": 18,
      "softDebut": 1990,
      "class": 162.3361
    },
    {
      "name2": "scheduling",
      "co": 21,
      "softDebut": 1975,
      "class": 162.954
    },
    {
      "name2": "information management",
      "co": 17,
      "softDebut": 1981,
      "class": 163.2483
    },
    {
      "name2": "grid computing",
      "co": 22,
      "softDebut": 2001,
      "class": 163.331
    },
    {
      "name2": "computing resource",
      "co": 15,
      "softDebut": 1999,
      "class": 163.3463
    },
    {
      "name2": "map-reduce",
      "co": 14,
      "softDebut": 2008,
      "class": 163.6185
    },
    {
      "name2": "distributed computer systems",
      "co": 24,
      "softDebut": 1981,
      "class": 163.6612
    },
    {
      "name2": "optimization",
      "co": 17,
      "softDebut": 1969,
      "class": 164.0183
    }
  ],
  "artificial bee colony algorithm": [
    {
      "name2": "evolutionary algorithms",
      "co": 95,
      "softDebut": 1995,
      "class": 77.1492
    },
    {
      "name2": "algorithms",
      "co": 77,
      "softDebut": 1969,
      "class": 99.8198
    },
    {
      "name2": "optimization",
      "co": 60,
      "softDebut": 1969,
      "class": 102.2008
    },
    {
      "name2": "artificial intelligence",
      "co": 49,
      "softDebut": 1971,
      "class": 106.4613
    },
    {
      "name2": "particle swarm optimization (pso)",
      "co": 38,
      "softDebut": 2001,
      "class": 112.174
    },
    {
      "name2": "swarm intelligence",
      "co": 37,
      "softDebut": 2000,
      "class": 114.8042
    },
    {
      "name2": "particle swarm optimization",
      "co": 25,
      "softDebut": 2001,
      "class": 119.1889
    },
    {
      "name2": "optimization problems",
      "co": 18,
      "softDebut": 1989,
      "class": 121.8072
    },
    {
      "name2": "benchmarking",
      "co": 17,
      "softDebut": 1986,
      "class": 121.9016
    },
    {
      "name2": "differential evolution",
      "co": 17,
      "softDebut": 1999,
      "class": 122.8251
    },
    {
      "name2": "problem solving",
      "co": 15,
      "softDebut": 1963,
      "class": 123.9113
    },
    {
      "name2": "genetic algorithms",
      "co": 17,
      "softDebut": 1988,
      "class": 123.9677
    },
    {
      "name2": "scheduling",
      "co": 13,
      "softDebut": 1975,
      "class": 124.0806
    },
    {
      "name2": "heuristic algorithms",
      "co": 14,
      "softDebut": 1984,
      "class": 124.2055
    },
    {
      "name2": "optimization algorithms",
      "co": 15,
      "softDebut": 1985,
      "class": 124.7477
    },
    {
      "name2": "numerical optimizations",
      "co": 14,
      "softDebut": 2000,
      "class": 125.2318
    },
    {
      "name2": "particle swarm optimization algorithm",
      "co": 13,
      "softDebut": 2005,
      "class": 125.6503
    },
    {
      "name2": "learning algorithms",
      "co": 12,
      "softDebut": 1988,
      "class": 125.7418
    },
    {
      "name2": "intelligent systems",
      "co": 15,
      "softDebut": 1986,
      "class": 125.9762
    },
    {
      "name2": "initial population",
      "co": 12,
      "softDebut": 2003,
      "class": 126.2577
    },
    {
      "name2": "genetic algorithm",
      "co": 13,
      "softDebut": 1989,
      "class": 126.4437
    },
    {
      "name2": "convergence speed",
      "co": 11,
      "softDebut": 1993,
      "class": 126.4674
    },
    {
      "name2": "scheduling algorithms",
      "co": 10,
      "softDebut": 1985,
      "class": 126.5109
    },
    {
      "name2": "benchmark functions",
      "co": 12,
      "softDebut": 2001,
      "class": 126.5346
    },
    {
      "name2": "objective functions",
      "co": 9,
      "softDebut": 1986,
      "class": 126.7123
    }
  ],
  "mobile social networks": [
    {
      "name2": "social networking (online)",
      "co": 155,
      "softDebut": 2002,
      "class": 32.5269
    },
    {
      "name2": "social networks",
      "co": 62,
      "softDebut": 1991,
      "class": 87.5271
    },
    {
      "name2": "mobile devices",
      "co": 49,
      "softDebut": 1999,
      "class": 88.9944
    },
    {
      "name2": "wireless networks",
      "co": 54,
      "softDebut": 1993,
      "class": 95.7758
    },
    {
      "name2": "mobile users",
      "co": 30,
      "softDebut": 1995,
      "class": 98.3514
    },
    {
      "name2": "global system for mobile communications",
      "co": 29,
      "softDebut": 1995,
      "class": 99.3579
    },
    {
      "name2": "algorithms",
      "co": 25,
      "softDebut": 1969,
      "class": 100.1
    },
    {
      "name2": "social sciences computing",
      "co": 25,
      "softDebut": 1994,
      "class": 101.0742
    },
    {
      "name2": "data privacy",
      "co": 18,
      "softDebut": 1995,
      "class": 102.864
    },
    {
      "name2": "ubiquitous computing",
      "co": 21,
      "softDebut": 1996,
      "class": 103.4988
    },
    {
      "name2": "communication",
      "co": 20,
      "softDebut": 1960,
      "class": 103.5326
    },
    {
      "name2": "privacy preserving",
      "co": 17,
      "softDebut": 2004,
      "class": 103.5954
    },
    {
      "name2": "mobile computing",
      "co": 14,
      "softDebut": 1994,
      "class": 105.2378
    },
    {
      "name2": "delay tolerant networks",
      "co": 15,
      "softDebut": 2005,
      "class": 105.2616
    },
    {
      "name2": "mobile ad hoc networks",
      "co": 21,
      "softDebut": 1999,
      "class": 105.2711
    },
    {
      "name2": "behavioral research",
      "co": 18,
      "softDebut": 1975,
      "class": 105.3233
    },
    {
      "name2": "mobile telecommunication systems",
      "co": 18,
      "softDebut": 1992,
      "class": 105.3328
    },
    {
      "name2": "wireless telecommunication systems",
      "co": 17,
      "softDebut": 1995,
      "class": 105.347
    },
    {
      "name2": "distributed computer systems",
      "co": 12,
      "softDebut": 1981,
      "class": 106.8597
    },
    {
      "name2": "location based services",
      "co": 11,
      "softDebut": 2002,
      "class": 106.9953
    },
    {
      "name2": "information dissemination",
      "co": 11,
      "softDebut": 1973,
      "class": 107.5174
    },
    {
      "name2": "privacy",
      "co": 11,
      "softDebut": 1978,
      "class": 107.5174
    },
    {
      "name2": "social network",
      "co": 11,
      "softDebut": 1992,
      "class": 107.6104
    },
    {
      "name2": "social relationships",
      "co": 10,
      "softDebut": 1988,
      "class": 107.7729
    },
    {
      "name2": "routing protocols",
      "co": 10,
      "softDebut": 1990,
      "class": 107.81
    }
  ],
  "linked open datum": [
    {
      "name2": "semantic web",
      "co": 80,
      "softDebut": 2000,
      "class": 72.6498
    },
    {
      "name2": "semantics",
      "co": 48,
      "softDebut": 1956,
      "class": 95.781
    },
    {
      "name2": "linked datum",
      "co": 50,
      "softDebut": 2007,
      "class": 99.5389
    },
    {
      "name2": "data handling",
      "co": 45,
      "softDebut": 1983,
      "class": 105.6456
    },
    {
      "name2": "world wide web",
      "co": 26,
      "softDebut": 1994,
      "class": 107.7404
    },
    {
      "name2": "ontology",
      "co": 21,
      "softDebut": 1988,
      "class": 110.7836
    },
    {
      "name2": "rdf",
      "co": 17,
      "softDebut": 1999,
      "class": 111.781
    },
    {
      "name2": "linked data",
      "co": 19,
      "softDebut": 2007,
      "class": 111.9598
    },
    {
      "name2": "metadata",
      "co": 19,
      "softDebut": 1990,
      "class": 112.0134
    },
    {
      "name2": "artificial intelligence",
      "co": 12,
      "softDebut": 1971,
      "class": 113.7453
    },
    {
      "name2": "computer science",
      "co": 11,
      "softDebut": 1978,
      "class": 114.1184
    },
    {
      "name2": "information retrieval",
      "co": 9,
      "softDebut": 1973,
      "class": 116.5804
    },
    {
      "name2": "knowledge based systems",
      "co": 13,
      "softDebut": 1986,
      "class": 116.6319
    },
    {
      "name2": "research",
      "co": 10,
      "softDebut": 1945,
      "class": 116.9188
    },
    {
      "name2": "semantic web technology",
      "co": 10,
      "softDebut": 2002,
      "class": 116.9188
    },
    {
      "name2": "search engines",
      "co": 9,
      "softDebut": 1988,
      "class": 117.2305
    },
    {
      "name2": "database systems",
      "co": 8,
      "softDebut": 1976,
      "class": 117.3627
    },
    {
      "name2": "knowledge management",
      "co": 9,
      "softDebut": 1986,
      "class": 117.384
    },
    {
      "name2": "computer applications",
      "co": 6,
      "softDebut": 1970,
      "class": 117.9237
    },
    {
      "name2": "information management",
      "co": 8,
      "softDebut": 1981,
      "class": 117.9576
    },
    {
      "name2": "tools",
      "co": 10,
      "softDebut": 1983,
      "class": 118.1778
    },
    {
      "name2": "semantic annotations",
      "co": 6,
      "softDebut": 2003,
      "class": 118.5074
    },
    {
      "name2": "mapping",
      "co": 6,
      "softDebut": 1976,
      "class": 118.617
    },
    {
      "name2": "sparql queries",
      "co": 8,
      "softDebut": 2007,
      "class": 118.617
    },
    {
      "name2": "information science",
      "co": 5,
      "softDebut": 1964,
      "class": 118.815
    }
  ],
  "first-principles study": [
    {
      "name2": "density functional theory",
      "co": 82,
      "softDebut": 1994,
      "class": 38.7943
    },
    {
      "name2": "first-principles calculation",
      "co": 57,
      "softDebut": 2008,
      "class": 48.5386
    },
    {
      "name2": "calculations",
      "co": 54,
      "softDebut": 1971,
      "class": 51.0196
    },
    {
      "name2": "electronic structure",
      "co": 52,
      "softDebut": 1985,
      "class": 51.0588
    },
    {
      "name2": "electronic properties",
      "co": 53,
      "softDebut": 1987,
      "class": 51.2055
    },
    {
      "name2": "first-principles",
      "co": 40,
      "softDebut": 2004,
      "class": 57.3324
    },
    {
      "name2": "elastic properties",
      "co": 24,
      "softDebut": 1991,
      "class": 63.1427
    },
    {
      "name2": "generalized gradient approximations",
      "co": 24,
      "softDebut": 2008,
      "class": 63.6318
    },
    {
      "name2": "atoms",
      "co": 24,
      "softDebut": 1988,
      "class": 64.5523
    },
    {
      "name2": "density of state",
      "co": 21,
      "softDebut": 2000,
      "class": 65.3605
    },
    {
      "name2": "elastic moduli",
      "co": 19,
      "softDebut": 1989,
      "class": 65.5439
    },
    {
      "name2": "elasticity",
      "co": 19,
      "softDebut": 1964,
      "class": 65.5744
    },
    {
      "name2": "aluminum",
      "co": 19,
      "softDebut": 1951,
      "class": 65.9394
    },
    {
      "name2": "optical properties",
      "co": 18,
      "softDebut": 1970,
      "class": 66.2646
    },
    {
      "name2": "magnetic properties",
      "co": 16,
      "softDebut": 1975,
      "class": 66.8655
    },
    {
      "name2": "stability",
      "co": 16,
      "softDebut": 1970,
      "class": 67.4463
    },
    {
      "name2": "magnetic moments",
      "co": 15,
      "softDebut": 1993,
      "class": 67.4537
    },
    {
      "name2": "energy gap",
      "co": 14,
      "softDebut": 1994,
      "class": 67.8454
    },
    {
      "name2": "silicon",
      "co": 15,
      "softDebut": 1946,
      "class": 68
    },
    {
      "name2": "structural stabilities",
      "co": 14,
      "softDebut": 2005,
      "class": 68.0955
    },
    {
      "name2": "experimental data",
      "co": 14,
      "softDebut": 1982,
      "class": 68.1249
    },
    {
      "name2": "structural properties",
      "co": 15,
      "softDebut": 1987,
      "class": 68.1322
    },
    {
      "name2": "formation energies",
      "co": 14,
      "softDebut": 2008,
      "class": 68.1396
    },
    {
      "name2": "youngs modulus",
      "co": 12,
      "softDebut": 1984,
      "class": 68.5638
    },
    {
      "name2": "adsorption",
      "co": 13,
      "softDebut": 1947,
      "class": 68.6003
    }
  ]
}