{
  "cyber physical systems (cpss)": [
    {
      "name2": "embedded systems",
      "co": 703,
      "softDebut": 1986,
      "class": 37.027
    },
    {
      "name2": "cyber-physical systems",
      "co": 203,
      "softDebut": 2008,
      "class": 344.5795
    },
    {
      "name2": "models",
      "co": 118,
      "softDebut": 1972,
      "class": 393.7791
    },
    {
      "name2": "design",
      "co": 55,
      "softDebut": 1974,
      "class": 437.7933
    },
    {
      "name2": "algorithms",
      "co": 58,
      "softDebut": 1969,
      "class": 438.6456
    },
    {
      "name2": "sensors",
      "co": 47,
      "softDebut": 1975,
      "class": 440.8843
    },
    {
      "name2": "computer simulation",
      "co": 46,
      "softDebut": 1968,
      "class": 442.0588
    },
    {
      "name2": "smart power grids",
      "co": 46,
      "softDebut": 2009,
      "class": 443.7364
    },
    {
      "name2": "communication",
      "co": 41,
      "softDebut": 1960,
      "class": 445.6131
    },
    {
      "name2": "information technology",
      "co": 40,
      "softDebut": 1982,
      "class": 445.6232
    },
    {
      "name2": "smart grid",
      "co": 44,
      "softDebut": 2009,
      "class": 446.1233
    },
    {
      "name2": "internet",
      "co": 41,
      "softDebut": 1989,
      "class": 446.3373
    },
    {
      "name2": "security of data",
      "co": 38,
      "softDebut": 1988,
      "class": 446.6072
    },
    {
      "name2": "semantics",
      "co": 44,
      "softDebut": 1956,
      "class": 448.067
    },
    {
      "name2": "wireless sensor networks",
      "co": 37,
      "softDebut": 1998,
      "class": 450.4875
    },
    {
      "name2": "scheduling",
      "co": 34,
      "softDebut": 1975,
      "class": 450.9257
    },
    {
      "name2": "physical systems",
      "co": 34,
      "softDebut": 1990,
      "class": 451.4687
    },
    {
      "name2": "internet of things (iot)",
      "co": 35,
      "softDebut": 2008,
      "class": 451.6359
    },
    {
      "name2": "hybrid systems",
      "co": 33,
      "softDebut": 1993,
      "class": 452.8697
    },
    {
      "name2": "sensor networks",
      "co": 27,
      "softDebut": 1989,
      "class": 454.36
    },
    {
      "name2": "optimization",
      "co": 30,
      "softDebut": 1969,
      "class": 454.5679
    },
    {
      "name2": "physical world",
      "co": 26,
      "softDebut": 1999,
      "class": 454.7197
    },
    {
      "name2": "network security",
      "co": 24,
      "softDebut": 1986,
      "class": 455.5458
    },
    {
      "name2": "real time systems",
      "co": 26,
      "softDebut": 1988,
      "class": 455.6336
    },
    {
      "name2": "wireless telecommunication systems",
      "co": 26,
      "softDebut": 1995,
      "class": 456.6509
    }
  ],
  "cloud providers": [
    {
      "name2": "cloud computing",
      "co": 480,
      "softDebut": 2008,
      "class": 96.3276
    },
    {
      "name2": "cloud services",
      "co": 116,
      "softDebut": 2009,
      "class": 284.684
    },
    {
      "name2": "virtual machines",
      "co": 110,
      "softDebut": 1991,
      "class": 284.7718
    },
    {
      "name2": "computer systems",
      "co": 125,
      "softDebut": 1971,
      "class": 290.737
    },
    {
      "name2": "quality of service",
      "co": 69,
      "softDebut": 1986,
      "class": 305.9183
    },
    {
      "name2": "virtualizations",
      "co": 72,
      "softDebut": 2005,
      "class": 306.9805
    },
    {
      "name2": "service level agreements",
      "co": 63,
      "softDebut": 1995,
      "class": 310.7024
    },
    {
      "name2": "data centers",
      "co": 54,
      "softDebut": 1994,
      "class": 316.3337
    },
    {
      "name2": "computer simulation",
      "co": 59,
      "softDebut": 1968,
      "class": 317.0773
    },
    {
      "name2": "clouds",
      "co": 54,
      "softDebut": 1993,
      "class": 318.1368
    },
    {
      "name2": "distributed database systems",
      "co": 50,
      "softDebut": 1982,
      "class": 318.5828
    },
    {
      "name2": "costs",
      "co": 51,
      "softDebut": 1981,
      "class": 318.757
    },
    {
      "name2": "web services",
      "co": 54,
      "softDebut": 1998,
      "class": 318.9216
    },
    {
      "name2": "computing resource",
      "co": 47,
      "softDebut": 1999,
      "class": 320.2905
    },
    {
      "name2": "economics",
      "co": 38,
      "softDebut": 1951,
      "class": 324.9477
    },
    {
      "name2": "commerce",
      "co": 36,
      "softDebut": 1964,
      "class": 325.0523
    },
    {
      "name2": "security",
      "co": 36,
      "softDebut": 1979,
      "class": 326.0598
    },
    {
      "name2": "algorithms",
      "co": 36,
      "softDebut": 1969,
      "class": 326.0598
    },
    {
      "name2": "cloud",
      "co": 35,
      "softDebut": 1986,
      "class": 327.3561
    },
    {
      "name2": "optimization",
      "co": 33,
      "softDebut": 1969,
      "class": 328.4296
    },
    {
      "name2": "grid computing",
      "co": 43,
      "softDebut": 2001,
      "class": 328.46
    },
    {
      "name2": "resource allocation",
      "co": 37,
      "softDebut": 1973,
      "class": 328.527
    },
    {
      "name2": "profitability",
      "co": 31,
      "softDebut": 1985,
      "class": 328.5514
    },
    {
      "name2": "internet",
      "co": 37,
      "softDebut": 1989,
      "class": 328.7066
    },
    {
      "name2": "computing environments",
      "co": 29,
      "softDebut": 1993,
      "class": 328.886
    }
  ],
  "artificial bee colonies": [
    {
      "name2": "evolutionary algorithms",
      "co": 197,
      "softDebut": 1995,
      "class": 168.6387
    },
    {
      "name2": "algorithms",
      "co": 178,
      "softDebut": 1969,
      "class": 183.9076
    },
    {
      "name2": "optimization",
      "co": 155,
      "softDebut": 1969,
      "class": 191.3087
    },
    {
      "name2": "artificial intelligence",
      "co": 155,
      "softDebut": 1971,
      "class": 191.622
    },
    {
      "name2": "artificial bee colony algorithm",
      "co": 113,
      "softDebut": 2009,
      "class": 209.5972
    },
    {
      "name2": "swarm intelligence",
      "co": 108,
      "softDebut": 2000,
      "class": 212.1697
    },
    {
      "name2": "particle swarm optimization (pso)",
      "co": 105,
      "softDebut": 2001,
      "class": 213.8995
    },
    {
      "name2": "optimization algorithms",
      "co": 54,
      "softDebut": 1985,
      "class": 238.3149
    },
    {
      "name2": "genetic algorithms",
      "co": 58,
      "softDebut": 1988,
      "class": 238.5582
    },
    {
      "name2": "cellular automata",
      "co": 57,
      "softDebut": 1979,
      "class": 242.3984
    },
    {
      "name2": "particle swarm optimization",
      "co": 46,
      "softDebut": 2001,
      "class": 244.7489
    },
    {
      "name2": "optimization problems",
      "co": 43,
      "softDebut": 1989,
      "class": 245.0531
    },
    {
      "name2": "benchmark functions",
      "co": 43,
      "softDebut": 2001,
      "class": 246.1036
    },
    {
      "name2": "problem solving",
      "co": 37,
      "softDebut": 1963,
      "class": 247.4288
    },
    {
      "name2": "differential evolution",
      "co": 40,
      "softDebut": 1999,
      "class": 247.4308
    },
    {
      "name2": "benchmarking",
      "co": 34,
      "softDebut": 1986,
      "class": 249.8199
    },
    {
      "name2": "multiobjective optimization",
      "co": 33,
      "softDebut": 1988,
      "class": 250.3697
    },
    {
      "name2": "foraging behaviors",
      "co": 35,
      "softDebut": 2005,
      "class": 251.3066
    },
    {
      "name2": "clustering algorithms",
      "co": 28,
      "softDebut": 1983,
      "class": 252.8676
    },
    {
      "name2": "global optimization",
      "co": 29,
      "softDebut": 1982,
      "class": 253.0119
    },
    {
      "name2": "intelligent systems",
      "co": 29,
      "softDebut": 1986,
      "class": 253.1857
    },
    {
      "name2": "scheduling",
      "co": 27,
      "softDebut": 1975,
      "class": 253.4384
    },
    {
      "name2": "constrained optimization",
      "co": 29,
      "softDebut": 1979,
      "class": 253.7183
    },
    {
      "name2": "heuristic algorithms",
      "co": 29,
      "softDebut": 1984,
      "class": 253.7302
    },
    {
      "name2": "local search",
      "co": 25,
      "softDebut": 1989,
      "class": 253.7459
    }
  ],
  "micro-blog": [
    {
      "name2": "social networking (online)",
      "co": 159,
      "softDebut": 2002,
      "class": 149.6462
    },
    {
      "name2": "blogs",
      "co": 68,
      "softDebut": 2005,
      "class": 197.0355
    },
    {
      "name2": "social networks",
      "co": 57,
      "softDebut": 1991,
      "class": 203.5485
    },
    {
      "name2": "social media",
      "co": 47,
      "softDebut": 2007,
      "class": 206.1698
    },
    {
      "name2": "data mining",
      "co": 45,
      "softDebut": 1995,
      "class": 206.8913
    },
    {
      "name2": "twitter",
      "co": 44,
      "softDebut": 2009,
      "class": 208.6936
    },
    {
      "name2": "microblogging",
      "co": 50,
      "softDebut": 2008,
      "class": 209.4827
    },
    {
      "name2": "world wide web",
      "co": 40,
      "softDebut": 1994,
      "class": 211.2652
    },
    {
      "name2": "social network",
      "co": 42,
      "softDebut": 1992,
      "class": 211.4403
    },
    {
      "name2": "internet",
      "co": 47,
      "softDebut": 1989,
      "class": 211.9764
    },
    {
      "name2": "algorithms",
      "co": 38,
      "softDebut": 1969,
      "class": 212.3888
    },
    {
      "name2": "information retrieval",
      "co": 39,
      "softDebut": 1973,
      "class": 213.1901
    },
    {
      "name2": "semantics",
      "co": 34,
      "softDebut": 1956,
      "class": 215.2371
    },
    {
      "name2": "sentiment analysis",
      "co": 27,
      "softDebut": 2006,
      "class": 216.9009
    },
    {
      "name2": "information science",
      "co": 25,
      "softDebut": 1964,
      "class": 218.385
    },
    {
      "name2": "artificial intelligence",
      "co": 28,
      "softDebut": 1971,
      "class": 218.8721
    },
    {
      "name2": "behavioral research",
      "co": 27,
      "softDebut": 1975,
      "class": 219.504
    },
    {
      "name2": "forecasting",
      "co": 25,
      "softDebut": 1970,
      "class": 220.2771
    },
    {
      "name2": "websites",
      "co": 16,
      "softDebut": 1997,
      "class": 223.8191
    },
    {
      "name2": "classification (of information)",
      "co": 18,
      "softDebut": 1992,
      "class": 224.0067
    },
    {
      "name2": "computer science",
      "co": 16,
      "softDebut": 1978,
      "class": 224.1718
    },
    {
      "name2": "computational linguistics",
      "co": 17,
      "softDebut": 1983,
      "class": 225.5172
    },
    {
      "name2": "search engines",
      "co": 15,
      "softDebut": 1988,
      "class": 225.8495
    },
    {
      "name2": "event detection",
      "co": 14,
      "softDebut": 1989,
      "class": 225.9978
    },
    {
      "name2": "real time",
      "co": 14,
      "softDebut": 1984,
      "class": 226.0686
    }
  ],
  "opencl": [
    {
      "name2": "program processors",
      "co": 225,
      "softDebut": 1992,
      "class": 81.6333
    },
    {
      "name2": "gpu",
      "co": 144,
      "softDebut": 2004,
      "class": 121.0248
    },
    {
      "name2": "gpgpu",
      "co": 89,
      "softDebut": 2007,
      "class": 152.6958
    },
    {
      "name2": "cuda",
      "co": 85,
      "softDebut": 2008,
      "class": 153.5904
    },
    {
      "name2": "parallel architectures",
      "co": 68,
      "softDebut": 1985,
      "class": 162.2498
    },
    {
      "name2": "computer graphics",
      "co": 57,
      "softDebut": 1972,
      "class": 164.3229
    },
    {
      "name2": "algorithms",
      "co": 58,
      "softDebut": 1969,
      "class": 164.5448
    },
    {
      "name2": "optimization",
      "co": 60,
      "softDebut": 1969,
      "class": 164.7695
    },
    {
      "name2": "parallel programming",
      "co": 48,
      "softDebut": 1984,
      "class": 172.9364
    },
    {
      "name2": "application programming interfaces (api)",
      "co": 37,
      "softDebut": 1997,
      "class": 176.0852
    },
    {
      "name2": "computer graphics equipment",
      "co": 43,
      "softDebut": 1992,
      "class": 176.2328
    },
    {
      "name2": "hardware",
      "co": 35,
      "softDebut": 1982,
      "class": 176.9576
    },
    {
      "name2": "graphics processing unit",
      "co": 32,
      "softDebut": 2005,
      "class": 179.5689
    },
    {
      "name2": "program compilers",
      "co": 31,
      "softDebut": 1990,
      "class": 180.2554
    },
    {
      "name2": "distributed parameter networks",
      "co": 24,
      "softDebut": 1993,
      "class": 181.447
    },
    {
      "name2": "heterogeneous computing",
      "co": 28,
      "softDebut": 1996,
      "class": 182.0742
    },
    {
      "name2": "parallel processing systems",
      "co": 27,
      "softDebut": 1991,
      "class": 182.1867
    },
    {
      "name2": "computer architecture",
      "co": 22,
      "softDebut": 1971,
      "class": 182.195
    },
    {
      "name2": "openmp",
      "co": 24,
      "softDebut": 2001,
      "class": 183.0109
    },
    {
      "name2": "benchmarking",
      "co": 21,
      "softDebut": 1986,
      "class": 184.3746
    },
    {
      "name2": "programming models",
      "co": 20,
      "softDebut": 1994,
      "class": 184.8053
    },
    {
      "name2": "parallel computing",
      "co": 21,
      "softDebut": 1985,
      "class": 185.2188
    },
    {
      "name2": "data transfer",
      "co": 19,
      "softDebut": 1983,
      "class": 185.5748
    },
    {
      "name2": "multi core",
      "co": 20,
      "softDebut": 1997,
      "class": 185.5775
    },
    {
      "name2": "multicore programming",
      "co": 20,
      "softDebut": 2007,
      "class": 186.1746
    }
  ],
  "cloud infrastructures": [
    {
      "name2": "cloud computing",
      "co": 182,
      "softDebut": 2008,
      "class": 83.7556
    },
    {
      "name2": "virtual machines",
      "co": 31,
      "softDebut": 1991,
      "class": 177.0593
    },
    {
      "name2": "web services",
      "co": 26,
      "softDebut": 1998,
      "class": 181.5902
    },
    {
      "name2": "quality of service",
      "co": 27,
      "softDebut": 1986,
      "class": 181.7581
    },
    {
      "name2": "computer simulation",
      "co": 21,
      "softDebut": 1968,
      "class": 181.7966
    },
    {
      "name2": "computer systems",
      "co": 26,
      "softDebut": 1971,
      "class": 182.7813
    },
    {
      "name2": "distributed database systems",
      "co": 19,
      "softDebut": 1982,
      "class": 183.0464
    },
    {
      "name2": "virtual reality",
      "co": 21,
      "softDebut": 1990,
      "class": 184.2878
    },
    {
      "name2": "internet",
      "co": 24,
      "softDebut": 1989,
      "class": 184.3665
    },
    {
      "name2": "algorithms",
      "co": 19,
      "softDebut": 1969,
      "class": 184.4072
    },
    {
      "name2": "clouds",
      "co": 23,
      "softDebut": 1993,
      "class": 185.1108
    },
    {
      "name2": "cloud services",
      "co": 23,
      "softDebut": 2009,
      "class": 185.844
    },
    {
      "name2": "service level agreements",
      "co": 20,
      "softDebut": 1995,
      "class": 185.8467
    },
    {
      "name2": "distributed computer systems",
      "co": 23,
      "softDebut": 1981,
      "class": 185.9301
    },
    {
      "name2": "cloud",
      "co": 18,
      "softDebut": 1986,
      "class": 186.0672
    },
    {
      "name2": "resource allocation",
      "co": 16,
      "softDebut": 1973,
      "class": 186.4537
    },
    {
      "name2": "grid computing",
      "co": 25,
      "softDebut": 2001,
      "class": 187.0936
    },
    {
      "name2": "information management",
      "co": 14,
      "softDebut": 1981,
      "class": 187.5926
    },
    {
      "name2": "digital storage",
      "co": 16,
      "softDebut": 1971,
      "class": 187.63
    },
    {
      "name2": "elasticity",
      "co": 16,
      "softDebut": 1964,
      "class": 187.6886
    },
    {
      "name2": "scheduling",
      "co": 15,
      "softDebut": 1975,
      "class": 187.984
    },
    {
      "name2": "energy utilization",
      "co": 16,
      "softDebut": 1978,
      "class": 188.2897
    },
    {
      "name2": "data processing",
      "co": 10,
      "softDebut": 1969,
      "class": 189.1904
    },
    {
      "name2": "monitoring",
      "co": 11,
      "softDebut": 1965,
      "class": 189.2247
    },
    {
      "name2": "map-reduce",
      "co": 11,
      "softDebut": 2008,
      "class": 189.647
    }
  ],
  "artificial bee colony": [
    {
      "name2": "evolutionary algorithms",
      "co": 95,
      "softDebut": 1995,
      "class": 97.5397
    },
    {
      "name2": "artificial intelligence",
      "co": 79,
      "softDebut": 1971,
      "class": 105.5272
    },
    {
      "name2": "optimization",
      "co": 70,
      "softDebut": 1969,
      "class": 111.7005
    },
    {
      "name2": "algorithms",
      "co": 73,
      "softDebut": 1969,
      "class": 112.8007
    },
    {
      "name2": "swarm intelligence",
      "co": 64,
      "softDebut": 2000,
      "class": 116.2196
    },
    {
      "name2": "particle swarm optimization (pso)",
      "co": 39,
      "softDebut": 2001,
      "class": 126.9331
    },
    {
      "name2": "multiobjective optimization",
      "co": 25,
      "softDebut": 1988,
      "class": 133.514
    },
    {
      "name2": "particle swarm optimization",
      "co": 27,
      "softDebut": 2001,
      "class": 133.5365
    },
    {
      "name2": "optimization algorithms",
      "co": 26,
      "softDebut": 1985,
      "class": 134.0485
    },
    {
      "name2": "genetic algorithm",
      "co": 26,
      "softDebut": 1989,
      "class": 134.5474
    },
    {
      "name2": "problem solving",
      "co": 22,
      "softDebut": 1963,
      "class": 134.7924
    },
    {
      "name2": "genetic algorithms",
      "co": 24,
      "softDebut": 1988,
      "class": 135.259
    },
    {
      "name2": "differential evolution",
      "co": 20,
      "softDebut": 1999,
      "class": 135.4068
    },
    {
      "name2": "optimization problems",
      "co": 23,
      "softDebut": 1989,
      "class": 135.595
    },
    {
      "name2": "cellular automata",
      "co": 26,
      "softDebut": 1979,
      "class": 137.4736
    },
    {
      "name2": "benchmark functions",
      "co": 20,
      "softDebut": 2001,
      "class": 138.0688
    },
    {
      "name2": "global optimization",
      "co": 16,
      "softDebut": 1982,
      "class": 138.1268
    },
    {
      "name2": "benchmarking",
      "co": 15,
      "softDebut": 1986,
      "class": 138.5568
    },
    {
      "name2": "computational complexity",
      "co": 16,
      "softDebut": 1971,
      "class": 138.6326
    },
    {
      "name2": "clustering algorithms",
      "co": 13,
      "softDebut": 1983,
      "class": 139.2336
    },
    {
      "name2": "heuristic algorithms",
      "co": 14,
      "softDebut": 1984,
      "class": 139.6818
    },
    {
      "name2": "intelligent systems",
      "co": 13,
      "softDebut": 1986,
      "class": 139.8499
    },
    {
      "name2": "bioinformatics",
      "co": 11,
      "softDebut": 1995,
      "class": 140.0785
    },
    {
      "name2": "neural networks",
      "co": 14,
      "softDebut": 1988,
      "class": 140.3816
    },
    {
      "name2": "computation theory",
      "co": 12,
      "softDebut": 1984,
      "class": 140.5383
    }
  ],
  "iot": [
    {
      "name2": "internet",
      "co": 124,
      "softDebut": 1989,
      "class": 82.4015
    },
    {
      "name2": "internet of things (iot)",
      "co": 96,
      "softDebut": 2008,
      "class": 95.2155
    },
    {
      "name2": "radio frequency identification (rfid)",
      "co": 43,
      "softDebut": 2000,
      "class": 128.5418
    },
    {
      "name2": "rfid",
      "co": 44,
      "softDebut": 2002,
      "class": 130.6216
    },
    {
      "name2": "wireless sensor networks",
      "co": 35,
      "softDebut": 1998,
      "class": 131.7536
    },
    {
      "name2": "sensors",
      "co": 37,
      "softDebut": 1975,
      "class": 131.8674
    },
    {
      "name2": "internet of things",
      "co": 50,
      "softDebut": 2007,
      "class": 132.4462
    },
    {
      "name2": "internet protocols",
      "co": 28,
      "softDebut": 1992,
      "class": 138.6218
    },
    {
      "name2": "wsn",
      "co": 26,
      "softDebut": 2006,
      "class": 138.8452
    },
    {
      "name2": "ubiquitous computing",
      "co": 24,
      "softDebut": 1996,
      "class": 139.1546
    },
    {
      "name2": "communication",
      "co": 22,
      "softDebut": 1960,
      "class": 140.0857
    },
    {
      "name2": "algorithms",
      "co": 19,
      "softDebut": 1969,
      "class": 141.2338
    },
    {
      "name2": "cloud computing",
      "co": 17,
      "softDebut": 2008,
      "class": 142.4184
    },
    {
      "name2": "network architecture",
      "co": 20,
      "softDebut": 1982,
      "class": 142.8776
    },
    {
      "name2": "information technology",
      "co": 19,
      "softDebut": 1982,
      "class": 143.2306
    },
    {
      "name2": "security",
      "co": 14,
      "softDebut": 1979,
      "class": 143.9444
    },
    {
      "name2": "sensor networks",
      "co": 16,
      "softDebut": 1989,
      "class": 144.1804
    },
    {
      "name2": "web services",
      "co": 15,
      "softDebut": 1998,
      "class": 144.281
    },
    {
      "name2": "intelligent buildings",
      "co": 13,
      "softDebut": 1990,
      "class": 144.9034
    },
    {
      "name2": "artificial intelligence",
      "co": 13,
      "softDebut": 1971,
      "class": 144.9034
    },
    {
      "name2": "automation",
      "co": 11,
      "softDebut": 1960,
      "class": 145.31
    },
    {
      "name2": "electronic commerce",
      "co": 14,
      "softDebut": 1995,
      "class": 145.4991
    },
    {
      "name2": "architecture",
      "co": 13,
      "softDebut": 1965,
      "class": 145.6056
    },
    {
      "name2": "mobile devices",
      "co": 10,
      "softDebut": 1999,
      "class": 145.9863
    },
    {
      "name2": "cryptography",
      "co": 14,
      "softDebut": 1979,
      "class": 146.2942
    }
  ],
  "differential privacies": [
    {
      "name2": "differential privacy",
      "co": 148,
      "softDebut": 2009,
      "class": 65.9545
    },
    {
      "name2": "data privacy",
      "co": 115,
      "softDebut": 1995,
      "class": 88.6736
    },
    {
      "name2": "privacy preserving",
      "co": 55,
      "softDebut": 2004,
      "class": 118.8571
    },
    {
      "name2": "algorithms",
      "co": 49,
      "softDebut": 1969,
      "class": 120.1124
    },
    {
      "name2": "query processing",
      "co": 35,
      "softDebut": 1981,
      "class": 124.5913
    },
    {
      "name2": "sensitive informations",
      "co": 28,
      "softDebut": 2003,
      "class": 131.4154
    },
    {
      "name2": "privacy",
      "co": 28,
      "softDebut": 1978,
      "class": 131.5675
    },
    {
      "name2": "private data",
      "co": 24,
      "softDebut": 2005,
      "class": 132.6424
    },
    {
      "name2": "data mining",
      "co": 25,
      "softDebut": 1995,
      "class": 133.4579
    },
    {
      "name2": "sensitive datas",
      "co": 20,
      "softDebut": 2005,
      "class": 134.1864
    },
    {
      "name2": "database systems",
      "co": 22,
      "softDebut": 1976,
      "class": 134.246
    },
    {
      "name2": "optimization",
      "co": 19,
      "softDebut": 1969,
      "class": 134.4061
    },
    {
      "name2": "cryptography",
      "co": 19,
      "softDebut": 1979,
      "class": 135.1703
    },
    {
      "name2": "computer science",
      "co": 22,
      "softDebut": 1978,
      "class": 135.5138
    },
    {
      "name2": "query languages",
      "co": 17,
      "softDebut": 1980,
      "class": 136.8759
    },
    {
      "name2": "graphic methods",
      "co": 13,
      "softDebut": 1973,
      "class": 137.7425
    },
    {
      "name2": "lower bounds",
      "co": 15,
      "softDebut": 1982,
      "class": 138.0471
    },
    {
      "name2": "aggregates",
      "co": 12,
      "softDebut": 1978,
      "class": 138.0652
    },
    {
      "name2": "security of data",
      "co": 12,
      "softDebut": 1988,
      "class": 138.2751
    },
    {
      "name2": "communication",
      "co": 12,
      "softDebut": 1960,
      "class": 138.6218
    },
    {
      "name2": "information theory",
      "co": 12,
      "softDebut": 1964,
      "class": 138.8884
    },
    {
      "name2": "computation theory",
      "co": 11,
      "softDebut": 1984,
      "class": 138.892
    },
    {
      "name2": "k-anonymity",
      "co": 12,
      "softDebut": 2005,
      "class": 139.1115
    },
    {
      "name2": "random noise",
      "co": 11,
      "softDebut": 1984,
      "class": 139.1941
    },
    {
      "name2": "social networking (online)",
      "co": 11,
      "softDebut": 2002,
      "class": 139.3808
    }
  ],
  "iaas": [
    {
      "name2": "cloud computing",
      "co": 180,
      "softDebut": 2008,
      "class": 31.7648
    },
    {
      "name2": "saas",
      "co": 64,
      "softDebut": 2007,
      "class": 87.5842
    },
    {
      "name2": "virtual machines",
      "co": 40,
      "softDebut": 1991,
      "class": 99.0202
    },
    {
      "name2": "information technology",
      "co": 39,
      "softDebut": 1982,
      "class": 101.0247
    },
    {
      "name2": "virtualizations",
      "co": 37,
      "softDebut": 2005,
      "class": 102.3328
    },
    {
      "name2": "clouds",
      "co": 30,
      "softDebut": 1993,
      "class": 103.5326
    },
    {
      "name2": "virtualization",
      "co": 34,
      "softDebut": 1998,
      "class": 104.1681
    },
    {
      "name2": "cloud",
      "co": 29,
      "softDebut": 1986,
      "class": 105.5272
    },
    {
      "name2": "virtual reality",
      "co": 26,
      "softDebut": 1990,
      "class": 106.0236
    },
    {
      "name2": "computer systems",
      "co": 32,
      "softDebut": 1971,
      "class": 106.7286
    },
    {
      "name2": "computer simulation",
      "co": 23,
      "softDebut": 1968,
      "class": 107.0234
    },
    {
      "name2": "web services",
      "co": 20,
      "softDebut": 1998,
      "class": 109.9409
    },
    {
      "name2": "cloud services",
      "co": 18,
      "softDebut": 2009,
      "class": 110.6391
    },
    {
      "name2": "quality of service",
      "co": 17,
      "softDebut": 1986,
      "class": 110.8513
    },
    {
      "name2": "industry",
      "co": 16,
      "softDebut": 1948,
      "class": 110.8558
    },
    {
      "name2": "costs",
      "co": 15,
      "softDebut": 1981,
      "class": 111.2744
    },
    {
      "name2": "internet",
      "co": 16,
      "softDebut": 1989,
      "class": 111.6557
    },
    {
      "name2": "resource allocation",
      "co": 15,
      "softDebut": 1973,
      "class": 112.1249
    },
    {
      "name2": "computing resource",
      "co": 15,
      "softDebut": 1999,
      "class": 112.2408
    },
    {
      "name2": "distributed database systems",
      "co": 15,
      "softDebut": 1982,
      "class": 112.2408
    },
    {
      "name2": "service provider",
      "co": 12,
      "softDebut": 1998,
      "class": 113.2475
    },
    {
      "name2": "data centers",
      "co": 13,
      "softDebut": 1994,
      "class": 113.5782
    },
    {
      "name2": "elasticity",
      "co": 11,
      "softDebut": 1964,
      "class": 113.6398
    },
    {
      "name2": "sla",
      "co": 11,
      "softDebut": 1996,
      "class": 113.8156
    },
    {
      "name2": "software as a service",
      "co": 11,
      "softDebut": 2006,
      "class": 114.0439
    }
  ],
  "html5": [
    {
      "name2": "html",
      "co": 122,
      "softDebut": 1995,
      "class": 59.0424
    },
    {
      "name2": "world wide web",
      "co": 59,
      "softDebut": 1994,
      "class": 94.8103
    },
    {
      "name2": "javascript",
      "co": 27,
      "softDebut": 2000,
      "class": 109.6768
    },
    {
      "name2": "mobile devices",
      "co": 23,
      "softDebut": 1999,
      "class": 111.7631
    },
    {
      "name2": "three dimensional",
      "co": 25,
      "softDebut": 1990,
      "class": 111.8794
    },
    {
      "name2": "websites",
      "co": 21,
      "softDebut": 1997,
      "class": 112.8495
    },
    {
      "name2": "user interfaces",
      "co": 29,
      "softDebut": 1983,
      "class": 113.168
    },
    {
      "name2": "web application",
      "co": 26,
      "softDebut": 2000,
      "class": 113.5165
    },
    {
      "name2": "web services",
      "co": 21,
      "softDebut": 1998,
      "class": 113.8815
    },
    {
      "name2": "high level languages",
      "co": 20,
      "softDebut": 1979,
      "class": 114.114
    },
    {
      "name2": "three dimensional computer graphics",
      "co": 19,
      "softDebut": 1991,
      "class": 114.5033
    },
    {
      "name2": "visualization",
      "co": 18,
      "softDebut": 1984,
      "class": 116.1292
    },
    {
      "name2": "web browsers",
      "co": 18,
      "softDebut": 1996,
      "class": 117.1665
    },
    {
      "name2": "web technologies",
      "co": 13,
      "softDebut": 1999,
      "class": 117.8516
    },
    {
      "name2": "mobile computing",
      "co": 12,
      "softDebut": 1994,
      "class": 118.0254
    },
    {
      "name2": "mobile applications",
      "co": 12,
      "softDebut": 1998,
      "class": 118.1609
    },
    {
      "name2": "cloud computing",
      "co": 12,
      "softDebut": 2008,
      "class": 118.8192
    },
    {
      "name2": "mobile",
      "co": 12,
      "softDebut": 1985,
      "class": 119.1302
    },
    {
      "name2": "internet",
      "co": 11,
      "softDebut": 1989,
      "class": 119.2267
    },
    {
      "name2": "x3d",
      "co": 11,
      "softDebut": 2003,
      "class": 119.662
    },
    {
      "name2": "http",
      "co": 10,
      "softDebut": 1995,
      "class": 119.9166
    },
    {
      "name2": "information technology",
      "co": 12,
      "softDebut": 1982,
      "class": 119.9417
    },
    {
      "name2": "applications",
      "co": 8,
      "softDebut": 1979,
      "class": 119.975
    },
    {
      "name2": "android",
      "co": 10,
      "softDebut": 2006,
      "class": 119.975
    },
    {
      "name2": "application programming interfaces (api)",
      "co": 10,
      "softDebut": 1997,
      "class": 119.9833
    }
  ],
  "private clouds": [
    {
      "name2": "cloud computing",
      "co": 126,
      "softDebut": 2008,
      "class": 55.8749
    },
    {
      "name2": "virtualizations",
      "co": 31,
      "softDebut": 2005,
      "class": 116.3744
    },
    {
      "name2": "computer systems",
      "co": 31,
      "softDebut": 1971,
      "class": 116.7005
    },
    {
      "name2": "information technology",
      "co": 28,
      "softDebut": 1982,
      "class": 118.2286
    },
    {
      "name2": "virtual machines",
      "co": 26,
      "softDebut": 1991,
      "class": 119.591
    },
    {
      "name2": "cloud services",
      "co": 21,
      "softDebut": 2009,
      "class": 122.3642
    },
    {
      "name2": "industry",
      "co": 21,
      "softDebut": 1948,
      "class": 122.7803
    },
    {
      "name2": "data centers",
      "co": 19,
      "softDebut": 1994,
      "class": 125.996
    },
    {
      "name2": "computing environments",
      "co": 12,
      "softDebut": 1993,
      "class": 126.2458
    },
    {
      "name2": "digital storage",
      "co": 15,
      "softDebut": 1971,
      "class": 126.7714
    },
    {
      "name2": "distributed database systems",
      "co": 13,
      "softDebut": 1982,
      "class": 126.9685
    },
    {
      "name2": "virtual reality",
      "co": 14,
      "softDebut": 1990,
      "class": 126.9882
    },
    {
      "name2": "virtualization",
      "co": 15,
      "softDebut": 1998,
      "class": 127.1967
    },
    {
      "name2": "computer science",
      "co": 12,
      "softDebut": 1978,
      "class": 129.1666
    },
    {
      "name2": "computer simulation",
      "co": 11,
      "softDebut": 1968,
      "class": 129.1937
    },
    {
      "name2": "computing resource",
      "co": 10,
      "softDebut": 1999,
      "class": 129.5917
    },
    {
      "name2": "costs",
      "co": 10,
      "softDebut": 1981,
      "class": 129.6225
    },
    {
      "name2": "information management",
      "co": 11,
      "softDebut": 1981,
      "class": 129.665
    },
    {
      "name2": "clouds",
      "co": 18,
      "softDebut": 1993,
      "class": 129.8307
    },
    {
      "name2": "data processing",
      "co": 9,
      "softDebut": 1969,
      "class": 130.0577
    },
    {
      "name2": "quality of service",
      "co": 9,
      "softDebut": 1986,
      "class": 130.1576
    },
    {
      "name2": "ubiquitous computing",
      "co": 8,
      "softDebut": 1996,
      "class": 130.1845
    },
    {
      "name2": "computing system",
      "co": 8,
      "softDebut": 1996,
      "class": 130.5297
    },
    {
      "name2": "internet",
      "co": 8,
      "softDebut": 1989,
      "class": 130.5297
    },
    {
      "name2": "computing technology",
      "co": 7,
      "softDebut": 1994,
      "class": 130.6254
    }
  ]
}