{
  "big datum": [
    {
      "name2": "digital storage",
      "co": 136,
      "softDebut": 1971,
      "class": 572.2954
    },
    {
      "name2": "information management",
      "co": 122,
      "softDebut": 1981,
      "class": 583.7277
    },
    {
      "name2": "data mining",
      "co": 114,
      "softDebut": 1995,
      "class": 586.8799
    },
    {
      "name2": "cloud computing",
      "co": 113,
      "softDebut": 2008,
      "class": 587.6334
    },
    {
      "name2": "map-reduce",
      "co": 116,
      "softDebut": 2008,
      "class": 593.2504
    },
    {
      "name2": "algorithms",
      "co": 99,
      "softDebut": 1969,
      "class": 595.1126
    },
    {
      "name2": "data processing",
      "co": 89,
      "softDebut": 1969,
      "class": 610.3073
    },
    {
      "name2": "mapreduce",
      "co": 70,
      "softDebut": 2008,
      "class": 617.5516
    },
    {
      "name2": "database systems",
      "co": 66,
      "softDebut": 1976,
      "class": 621.5931
    },
    {
      "name2": "information technology",
      "co": 59,
      "softDebut": 1982,
      "class": 621.9172
    },
    {
      "name2": "internet",
      "co": 61,
      "softDebut": 1989,
      "class": 623.6658
    },
    {
      "name2": "social networking (online)",
      "co": 58,
      "softDebut": 2002,
      "class": 626.3833
    },
    {
      "name2": "research",
      "co": 58,
      "softDebut": 1945,
      "class": 626.6387
    },
    {
      "name2": "data visualization",
      "co": 50,
      "softDebut": 1991,
      "class": 628.4187
    },
    {
      "name2": "hadoop",
      "co": 52,
      "softDebut": 2009,
      "class": 628.8513
    },
    {
      "name2": "data handling",
      "co": 56,
      "softDebut": 1983,
      "class": 628.9308
    },
    {
      "name2": "learning systems",
      "co": 54,
      "softDebut": 1985,
      "class": 629.9127
    },
    {
      "name2": "distributed computer systems",
      "co": 46,
      "softDebut": 1981,
      "class": 632.2183
    },
    {
      "name2": "artificial intelligence",
      "co": 46,
      "softDebut": 1971,
      "class": 633.0213
    },
    {
      "name2": "semantics",
      "co": 43,
      "softDebut": 1956,
      "class": 635.5557
    },
    {
      "name2": "visualization",
      "co": 40,
      "softDebut": 1984,
      "class": 635.5706
    },
    {
      "name2": "industry",
      "co": 42,
      "softDebut": 1948,
      "class": 635.6446
    },
    {
      "name2": "data privacy",
      "co": 36,
      "softDebut": 1995,
      "class": 639.3888
    },
    {
      "name2": "optimization",
      "co": 37,
      "softDebut": 1969,
      "class": 639.857
    },
    {
      "name2": "information systems",
      "co": 32,
      "softDebut": 1965,
      "class": 641.6853
    }
  ],
  "big data": [
    {
      "name2": "cloud computing",
      "co": 99,
      "softDebut": 2008,
      "class": 489.3649
    },
    {
      "name2": "digital storage",
      "co": 95,
      "softDebut": 1971,
      "class": 490.6424
    },
    {
      "name2": "data mining",
      "co": 94,
      "softDebut": 1995,
      "class": 493.6244
    },
    {
      "name2": "map-reduce",
      "co": 80,
      "softDebut": 2008,
      "class": 502.1125
    },
    {
      "name2": "information management",
      "co": 75,
      "softDebut": 1981,
      "class": 504.5652
    },
    {
      "name2": "mapreduce",
      "co": 72,
      "softDebut": 2008,
      "class": 508.5971
    },
    {
      "name2": "data processing",
      "co": 69,
      "softDebut": 1969,
      "class": 511.4137
    },
    {
      "name2": "algorithms",
      "co": 63,
      "softDebut": 1969,
      "class": 511.8554
    },
    {
      "name2": "hadoop",
      "co": 53,
      "softDebut": 2009,
      "class": 519.3862
    },
    {
      "name2": "information technology",
      "co": 47,
      "softDebut": 1982,
      "class": 520.273
    },
    {
      "name2": "research",
      "co": 47,
      "softDebut": 1945,
      "class": 524.4769
    },
    {
      "name2": "data visualization",
      "co": 46,
      "softDebut": 1991,
      "class": 524.6475
    },
    {
      "name2": "database systems",
      "co": 40,
      "softDebut": 1976,
      "class": 528.2698
    },
    {
      "name2": "internet",
      "co": 43,
      "softDebut": 1989,
      "class": 529.8056
    },
    {
      "name2": "learning systems",
      "co": 37,
      "softDebut": 1985,
      "class": 531.906
    },
    {
      "name2": "visualization",
      "co": 37,
      "softDebut": 1984,
      "class": 532.2725
    },
    {
      "name2": "social networking (online)",
      "co": 35,
      "softDebut": 2002,
      "class": 533.1285
    },
    {
      "name2": "data handling",
      "co": 36,
      "softDebut": 1983,
      "class": 533.3826
    },
    {
      "name2": "distributed computer systems",
      "co": 31,
      "softDebut": 1981,
      "class": 533.8408
    },
    {
      "name2": "data privacy",
      "co": 31,
      "softDebut": 1995,
      "class": 534.8607
    },
    {
      "name2": "industry",
      "co": 29,
      "softDebut": 1948,
      "class": 535.539
    },
    {
      "name2": "artificial intelligence",
      "co": 29,
      "softDebut": 1971,
      "class": 536.1996
    },
    {
      "name2": "semantics",
      "co": 30,
      "softDebut": 1956,
      "class": 536.2826
    },
    {
      "name2": "machine learning",
      "co": 31,
      "softDebut": 1986,
      "class": 536.6917
    },
    {
      "name2": "optimization",
      "co": 25,
      "softDebut": 1969,
      "class": 537.2765
    }
  ],
  "kinect": [
    {
      "name2": "three dimensional",
      "co": 99,
      "softDebut": 1990,
      "class": 269.937
    },
    {
      "name2": "sensors",
      "co": 90,
      "softDebut": 1975,
      "class": 275.4505
    },
    {
      "name2": "gesture recognition",
      "co": 79,
      "softDebut": 1992,
      "class": 283.0477
    },
    {
      "name2": "cameras",
      "co": 63,
      "softDebut": 1970,
      "class": 294.6965
    },
    {
      "name2": "virtual reality",
      "co": 49,
      "softDebut": 1990,
      "class": 298.6938
    },
    {
      "name2": "human computer interaction",
      "co": 50,
      "softDebut": 1986,
      "class": 301.8162
    },
    {
      "name2": "three dimensional computer graphics",
      "co": 46,
      "softDebut": 1991,
      "class": 303.1749
    },
    {
      "name2": "computer vision",
      "co": 45,
      "softDebut": 1980,
      "class": 307.2523
    },
    {
      "name2": "user interfaces",
      "co": 37,
      "softDebut": 1983,
      "class": 307.4866
    },
    {
      "name2": "algorithms",
      "co": 33,
      "softDebut": 1969,
      "class": 307.5874
    },
    {
      "name2": "robotics",
      "co": 29,
      "softDebut": 1980,
      "class": 311.0916
    },
    {
      "name2": "artificial intelligence",
      "co": 30,
      "softDebut": 1971,
      "class": 312.7411
    },
    {
      "name2": "pattern recognition",
      "co": 23,
      "softDebut": 1963,
      "class": 313.3209
    },
    {
      "name2": "signal processing",
      "co": 23,
      "softDebut": 1970,
      "class": 315.3379
    },
    {
      "name2": "depth map",
      "co": 30,
      "softDebut": 1991,
      "class": 315.7673
    },
    {
      "name2": "augmented reality",
      "co": 22,
      "softDebut": 1995,
      "class": 315.9794
    },
    {
      "name2": "depth image",
      "co": 23,
      "softDebut": 2005,
      "class": 316.0664
    },
    {
      "name2": "microsoft",
      "co": 33,
      "softDebut": 1994,
      "class": 316.2752
    },
    {
      "name2": "musculoskeletal system",
      "co": 22,
      "softDebut": 1966,
      "class": 316.6402
    },
    {
      "name2": "image processing",
      "co": 21,
      "softDebut": 1970,
      "class": 317.2349
    },
    {
      "name2": "patient rehabilitation",
      "co": 18,
      "softDebut": 1993,
      "class": 318.5514
    },
    {
      "name2": "motion capture",
      "co": 18,
      "softDebut": 1995,
      "class": 318.564
    },
    {
      "name2": "3d reconstruction",
      "co": 17,
      "softDebut": 1988,
      "class": 319.3055
    },
    {
      "name2": "face recognition",
      "co": 16,
      "softDebut": 1991,
      "class": 319.9828
    },
    {
      "name2": "information science",
      "co": 14,
      "softDebut": 1964,
      "class": 320.1109
    }
  ],
  "cloud computing environments": [
    {
      "name2": "computer systems",
      "co": 314,
      "softDebut": 1971,
      "class": 10.5357
    },
    {
      "name2": "cloud computing",
      "co": 293,
      "softDebut": 2008,
      "class": 25.7294
    },
    {
      "name2": "algorithms",
      "co": 39,
      "softDebut": 1969,
      "class": 200.4595
    },
    {
      "name2": "virtual reality",
      "co": 31,
      "softDebut": 1990,
      "class": 201.8415
    },
    {
      "name2": "quality of service",
      "co": 37,
      "softDebut": 1986,
      "class": 202.1336
    },
    {
      "name2": "resource allocation",
      "co": 29,
      "softDebut": 1973,
      "class": 207.9183
    },
    {
      "name2": "virtualizations",
      "co": 26,
      "softDebut": 2005,
      "class": 207.9207
    },
    {
      "name2": "digital storage",
      "co": 23,
      "softDebut": 1971,
      "class": 207.9279
    },
    {
      "name2": "scheduling",
      "co": 28,
      "softDebut": 1975,
      "class": 208.5258
    },
    {
      "name2": "computer simulation",
      "co": 29,
      "softDebut": 1968,
      "class": 208.5665
    },
    {
      "name2": "information technology",
      "co": 21,
      "softDebut": 1982,
      "class": 209.0885
    },
    {
      "name2": "information science",
      "co": 19,
      "softDebut": 1964,
      "class": 210.4994
    },
    {
      "name2": "distributed database systems",
      "co": 24,
      "softDebut": 1982,
      "class": 210.8673
    },
    {
      "name2": "information management",
      "co": 20,
      "softDebut": 1981,
      "class": 211.7569
    },
    {
      "name2": "internet",
      "co": 18,
      "softDebut": 1989,
      "class": 212.1674
    },
    {
      "name2": "web services",
      "co": 24,
      "softDebut": 1998,
      "class": 212.2334
    },
    {
      "name2": "virtualization",
      "co": 18,
      "softDebut": 1998,
      "class": 212.6194
    },
    {
      "name2": "parallel architectures",
      "co": 20,
      "softDebut": 1985,
      "class": 212.8591
    },
    {
      "name2": "virtual machines",
      "co": 22,
      "softDebut": 1991,
      "class": 213.3003
    },
    {
      "name2": "artificial intelligence",
      "co": 14,
      "softDebut": 1971,
      "class": 213.6469
    },
    {
      "name2": "map-reduce",
      "co": 17,
      "softDebut": 2008,
      "class": 214.1868
    },
    {
      "name2": "cryptography",
      "co": 14,
      "softDebut": 1979,
      "class": 214.2125
    },
    {
      "name2": "ubiquitous computing",
      "co": 13,
      "softDebut": 1996,
      "class": 214.779
    },
    {
      "name2": "computing resource",
      "co": 14,
      "softDebut": 1999,
      "class": 215.2975
    },
    {
      "name2": "mapreduce",
      "co": 15,
      "softDebut": 2008,
      "class": 215.4669
    }
  ],
  "infrastructure as a service (iaas)": [
    {
      "name2": "cloud computing",
      "co": 134,
      "softDebut": 2008,
      "class": 112.5033
    },
    {
      "name2": "iaas",
      "co": 48,
      "softDebut": 2010,
      "class": 160.913
    },
    {
      "name2": "software as a service (saas)",
      "co": 58,
      "softDebut": 2007,
      "class": 164.2772
    },
    {
      "name2": "computer simulation",
      "co": 45,
      "softDebut": 1968,
      "class": 169.6879
    },
    {
      "name2": "virtual machines",
      "co": 45,
      "softDebut": 1991,
      "class": 170.5345
    },
    {
      "name2": "quality of service",
      "co": 33,
      "softDebut": 1986,
      "class": 179.5049
    },
    {
      "name2": "resource allocation",
      "co": 29,
      "softDebut": 1973,
      "class": 179.9944
    },
    {
      "name2": "virtual reality",
      "co": 32,
      "softDebut": 1990,
      "class": 180.075
    },
    {
      "name2": "web services",
      "co": 31,
      "softDebut": 1998,
      "class": 181.0967
    },
    {
      "name2": "virtualizations",
      "co": 28,
      "softDebut": 2005,
      "class": 182.3047
    },
    {
      "name2": "clouds",
      "co": 27,
      "softDebut": 1993,
      "class": 184.2227
    },
    {
      "name2": "information technology",
      "co": 25,
      "softDebut": 1982,
      "class": 184.6619
    },
    {
      "name2": "virtualization",
      "co": 22,
      "softDebut": 1998,
      "class": 184.8378
    },
    {
      "name2": "cloud",
      "co": 22,
      "softDebut": 1986,
      "class": 185.7983
    },
    {
      "name2": "scheduling",
      "co": 19,
      "softDebut": 1975,
      "class": 186.1773
    },
    {
      "name2": "internet",
      "co": 20,
      "softDebut": 1989,
      "class": 187.6513
    },
    {
      "name2": "elasticity",
      "co": 17,
      "softDebut": 1964,
      "class": 187.7924
    },
    {
      "name2": "distributed database systems",
      "co": 17,
      "softDebut": 1982,
      "class": 188.0904
    },
    {
      "name2": "service level agreements",
      "co": 22,
      "softDebut": 1995,
      "class": 188.5073
    },
    {
      "name2": "distributed computer systems",
      "co": 16,
      "softDebut": 1981,
      "class": 189.9447
    },
    {
      "name2": "digital storage",
      "co": 19,
      "softDebut": 1971,
      "class": 190.0579
    },
    {
      "name2": "industry",
      "co": 15,
      "softDebut": 1948,
      "class": 190.1263
    },
    {
      "name2": "network architecture",
      "co": 19,
      "softDebut": 1982,
      "class": 190.5466
    },
    {
      "name2": "optimization",
      "co": 14,
      "softDebut": 1969,
      "class": 191.9193
    },
    {
      "name2": "algorithms",
      "co": 16,
      "softDebut": 1969,
      "class": 191.9401
    }
  ]
}