{
  "cloud computing": [
    {
      "name2": "computer systems",
      "co": 2095,
      "softDebut": 1971,
      "class": 3856.035
    },
    {
      "name2": "virtualizations",
      "co": 840,
      "softDebut": 2005,
      "class": 4554.2307
    },
    {
      "name2": "virtual machines",
      "co": 777,
      "softDebut": 1991,
      "class": 4577.5218
    },
    {
      "name2": "information technology",
      "co": 751,
      "softDebut": 1982,
      "class": 4589.6481
    },
    {
      "name2": "web services",
      "co": 743,
      "softDebut": 1998,
      "class": 4607.8752
    },
    {
      "name2": "algorithms",
      "co": 594,
      "softDebut": 1969,
      "class": 4654.6687
    },
    {
      "name2": "internet",
      "co": 650,
      "softDebut": 1989,
      "class": 4674.1942
    },
    {
      "name2": "quality of service",
      "co": 561,
      "softDebut": 1986,
      "class": 4691.7289
    },
    {
      "name2": "grid computing",
      "co": 763,
      "softDebut": 2001,
      "class": 4697.7846
    },
    {
      "name2": "computing environments",
      "co": 491,
      "softDebut": 1993,
      "class": 4722.0176
    },
    {
      "name2": "computer simulation",
      "co": 497,
      "softDebut": 1968,
      "class": 4727.0754
    },
    {
      "name2": "data centers",
      "co": 541,
      "softDebut": 1994,
      "class": 4727.8892
    },
    {
      "name2": "virtual reality",
      "co": 448,
      "softDebut": 1990,
      "class": 4740.5817
    },
    {
      "name2": "clouds",
      "co": 466,
      "softDebut": 1993,
      "class": 4770.4315
    },
    {
      "name2": "virtualization",
      "co": 448,
      "softDebut": 1998,
      "class": 4775.3625
    },
    {
      "name2": "information management",
      "co": 400,
      "softDebut": 1981,
      "class": 4779.2701
    },
    {
      "name2": "distributed database systems",
      "co": 379,
      "softDebut": 1982,
      "class": 4779.628
    },
    {
      "name2": "optimization",
      "co": 401,
      "softDebut": 1969,
      "class": 4786.6997
    },
    {
      "name2": "computing resource",
      "co": 401,
      "softDebut": 1999,
      "class": 4797.0508
    },
    {
      "name2": "user interfaces",
      "co": 360,
      "softDebut": 1983,
      "class": 4808.556
    },
    {
      "name2": "security of data",
      "co": 351,
      "softDebut": 1988,
      "class": 4812.6689
    },
    {
      "name2": "scheduling",
      "co": 344,
      "softDebut": 1975,
      "class": 4818.0416
    },
    {
      "name2": "security",
      "co": 336,
      "softDebut": 1979,
      "class": 4824.7055
    },
    {
      "name2": "resource allocation",
      "co": 321,
      "softDebut": 1973,
      "class": 4839.4907
    },
    {
      "name2": "network architecture",
      "co": 312,
      "softDebut": 1982,
      "class": 4840.8763
    }
  ],
  "cuda": [
    {
      "name2": "program processors",
      "co": 748,
      "softDebut": 1992,
      "class": 270.9982
    },
    {
      "name2": "gpu",
      "co": 554,
      "softDebut": 2004,
      "class": 369.3481
    },
    {
      "name2": "algorithms",
      "co": 304,
      "softDebut": 1969,
      "class": 496.252
    },
    {
      "name2": "parallel architectures",
      "co": 282,
      "softDebut": 1985,
      "class": 511.5897
    },
    {
      "name2": "computer graphics equipment",
      "co": 318,
      "softDebut": 1992,
      "class": 519.3361
    },
    {
      "name2": "gpgpu",
      "co": 272,
      "softDebut": 2007,
      "class": 527.7064
    },
    {
      "name2": "computer graphics",
      "co": 180,
      "softDebut": 1972,
      "class": 562.9867
    },
    {
      "name2": "graphics processing unit",
      "co": 189,
      "softDebut": 2005,
      "class": 569.0721
    },
    {
      "name2": "optimization",
      "co": 115,
      "softDebut": 1969,
      "class": 602.2134
    },
    {
      "name2": "parallel programming",
      "co": 102,
      "softDebut": 1984,
      "class": 613.8029
    },
    {
      "name2": "parallel computing",
      "co": 98,
      "softDebut": 1985,
      "class": 615.3422
    },
    {
      "name2": "application programming interfaces (api)",
      "co": 79,
      "softDebut": 1997,
      "class": 617.7548
    },
    {
      "name2": "image processing",
      "co": 81,
      "softDebut": 1970,
      "class": 620.8212
    },
    {
      "name2": "computer simulation",
      "co": 76,
      "softDebut": 1968,
      "class": 624.4229
    },
    {
      "name2": "gpu computing",
      "co": 78,
      "softDebut": 2005,
      "class": 625.7364
    },
    {
      "name2": "parallel processing systems",
      "co": 64,
      "softDebut": 1991,
      "class": 626.3402
    },
    {
      "name2": "parallel processing",
      "co": 72,
      "softDebut": 1971,
      "class": 628.3757
    },
    {
      "name2": "parallel implementations",
      "co": 62,
      "softDebut": 1993,
      "class": 630.1952
    },
    {
      "name2": "parallelizations",
      "co": 64,
      "softDebut": 1997,
      "class": 630.6124
    },
    {
      "name2": "multi core",
      "co": 64,
      "softDebut": 1997,
      "class": 630.7266
    },
    {
      "name2": "gpu implementation",
      "co": 60,
      "softDebut": 2004,
      "class": 631.7959
    },
    {
      "name2": "distributed parameter networks",
      "co": 58,
      "softDebut": 1993,
      "class": 632.5804
    },
    {
      "name2": "openmp",
      "co": 58,
      "softDebut": 2001,
      "class": 632.6911
    },
    {
      "name2": "graphics processing units",
      "co": 63,
      "softDebut": 2005,
      "class": 633.1911
    },
    {
      "name2": "computer architecture",
      "co": 61,
      "softDebut": 1971,
      "class": 633.379
    }
  ],
  "map-reduce": [
    {
      "name2": "algorithms",
      "co": 222,
      "softDebut": 1969,
      "class": 603.7061
    },
    {
      "name2": "data processing",
      "co": 135,
      "softDebut": 1969,
      "class": 659.4422
    },
    {
      "name2": "programming models",
      "co": 144,
      "softDebut": 1994,
      "class": 665.1609
    },
    {
      "name2": "distributed computer systems",
      "co": 107,
      "softDebut": 1981,
      "class": 681.0976
    },
    {
      "name2": "computer systems",
      "co": 123,
      "softDebut": 1971,
      "class": 683.3418
    },
    {
      "name2": "parallel architectures",
      "co": 100,
      "softDebut": 1985,
      "class": 686.11
    },
    {
      "name2": "optimization",
      "co": 101,
      "softDebut": 1969,
      "class": 687.1565
    },
    {
      "name2": "computer programming",
      "co": 98,
      "softDebut": 1972,
      "class": 687.2692
    },
    {
      "name2": "data handling",
      "co": 118,
      "softDebut": 1983,
      "class": 687.6591
    },
    {
      "name2": "scheduling",
      "co": 85,
      "softDebut": 1975,
      "class": 694.1426
    },
    {
      "name2": "information management",
      "co": 77,
      "softDebut": 1981,
      "class": 697.6761
    },
    {
      "name2": "data mining",
      "co": 79,
      "softDebut": 1995,
      "class": 699.75
    },
    {
      "name2": "clustering algorithms",
      "co": 64,
      "softDebut": 1983,
      "class": 707.5401
    },
    {
      "name2": "cluster computing",
      "co": 69,
      "softDebut": 1996,
      "class": 710.0831
    },
    {
      "name2": "fault tolerance",
      "co": 61,
      "softDebut": 1975,
      "class": 711.3747
    },
    {
      "name2": "parallel programming",
      "co": 70,
      "softDebut": 1984,
      "class": 713.0701
    },
    {
      "name2": "data-intensive application",
      "co": 55,
      "softDebut": 1997,
      "class": 714.3865
    },
    {
      "name2": "distributed file systems",
      "co": 49,
      "softDebut": 1987,
      "class": 717.3019
    },
    {
      "name2": "internet",
      "co": 52,
      "softDebut": 1989,
      "class": 718.4783
    },
    {
      "name2": "semantics",
      "co": 57,
      "softDebut": 1956,
      "class": 719.3803
    },
    {
      "name2": "parallel processing",
      "co": 46,
      "softDebut": 1971,
      "class": 719.6242
    },
    {
      "name2": "metadata",
      "co": 46,
      "softDebut": 1990,
      "class": 720.1562
    },
    {
      "name2": "scheduling algorithms",
      "co": 43,
      "softDebut": 1985,
      "class": 720.4762
    },
    {
      "name2": "open source implementation",
      "co": 49,
      "softDebut": 2005,
      "class": 720.5456
    },
    {
      "name2": "multiprocessing systems",
      "co": 42,
      "softDebut": 1986,
      "class": 720.9695
    }
  ],
  "internet of things (iot)": [
    {
      "name2": "internet",
      "co": 577,
      "softDebut": 1989,
      "class": 215.2882
    },
    {
      "name2": "internet of things",
      "co": 437,
      "softDebut": 2007,
      "class": 338.0873
    },
    {
      "name2": "internet protocols",
      "co": 133,
      "softDebut": 1992,
      "class": 609.453
    },
    {
      "name2": "radio frequency identification (rfid)",
      "co": 128,
      "softDebut": 2000,
      "class": 620.7077
    },
    {
      "name2": "ubiquitous computing",
      "co": 95,
      "softDebut": 1996,
      "class": 637.8895
    },
    {
      "name2": "sensors",
      "co": 80,
      "softDebut": 1975,
      "class": 655.6417
    },
    {
      "name2": "wireless sensor networks",
      "co": 79,
      "softDebut": 1998,
      "class": 656.6178
    },
    {
      "name2": "rfid",
      "co": 79,
      "softDebut": 2002,
      "class": 659.496
    },
    {
      "name2": "network architecture",
      "co": 57,
      "softDebut": 1982,
      "class": 680.3374
    },
    {
      "name2": "sensor networks",
      "co": 51,
      "softDebut": 1989,
      "class": 680.928
    },
    {
      "name2": "communication",
      "co": 52,
      "softDebut": 1960,
      "class": 681.6099
    },
    {
      "name2": "computer science",
      "co": 54,
      "softDebut": 1978,
      "class": 684.9686
    },
    {
      "name2": "algorithms",
      "co": 42,
      "softDebut": 1969,
      "class": 686.1239
    },
    {
      "name2": "information technology",
      "co": 55,
      "softDebut": 1982,
      "class": 687.1528
    },
    {
      "name2": "sensor nodes",
      "co": 44,
      "softDebut": 2002,
      "class": 689.6564
    },
    {
      "name2": "middleware",
      "co": 41,
      "softDebut": 1995,
      "class": 689.8659
    },
    {
      "name2": "information management",
      "co": 43,
      "softDebut": 1981,
      "class": 690.4948
    },
    {
      "name2": "web services",
      "co": 46,
      "softDebut": 1998,
      "class": 690.5071
    },
    {
      "name2": "wireless telecommunication systems",
      "co": 41,
      "softDebut": 1995,
      "class": 691.7275
    },
    {
      "name2": "key technologies",
      "co": 40,
      "softDebut": 1997,
      "class": 691.7543
    },
    {
      "name2": "semantics",
      "co": 39,
      "softDebut": 1956,
      "class": 693.7918
    },
    {
      "name2": "automation",
      "co": 37,
      "softDebut": 1960,
      "class": 696.4646
    },
    {
      "name2": "technology",
      "co": 37,
      "softDebut": 1963,
      "class": 698.333
    },
    {
      "name2": "quality of service",
      "co": 32,
      "softDebut": 1986,
      "class": 698.7446
    },
    {
      "name2": "data processing",
      "co": 33,
      "softDebut": 1969,
      "class": 698.7897
    }
  ],
  "crowdsourcing": [
    {
      "name2": "human computation",
      "co": 71,
      "softDebut": 2007,
      "class": 438.0479
    },
    {
      "name2": "user interfaces",
      "co": 68,
      "softDebut": 1983,
      "class": 443.6834
    },
    {
      "name2": "social networking (online)",
      "co": 53,
      "softDebut": 2002,
      "class": 444.3535
    },
    {
      "name2": "internet",
      "co": 56,
      "softDebut": 1989,
      "class": 447.7823
    },
    {
      "name2": "information systems",
      "co": 59,
      "softDebut": 1965,
      "class": 447.8035
    },
    {
      "name2": "information retrieval",
      "co": 51,
      "softDebut": 1973,
      "class": 448.5376
    },
    {
      "name2": "semantics",
      "co": 48,
      "softDebut": 1956,
      "class": 449.9878
    },
    {
      "name2": "artificial intelligence",
      "co": 37,
      "softDebut": 1971,
      "class": 454.8648
    },
    {
      "name2": "world wide web",
      "co": 45,
      "softDebut": 1994,
      "class": 455.3724
    },
    {
      "name2": "social media",
      "co": 36,
      "softDebut": 2007,
      "class": 455.6633
    },
    {
      "name2": "social networks",
      "co": 39,
      "softDebut": 1991,
      "class": 455.7675
    },
    {
      "name2": "research",
      "co": 41,
      "softDebut": 1945,
      "class": 456.4647
    },
    {
      "name2": "human engineering",
      "co": 37,
      "softDebut": 1958,
      "class": 458.155
    },
    {
      "name2": "websites",
      "co": 33,
      "softDebut": 1997,
      "class": 458.1725
    },
    {
      "name2": "quality control",
      "co": 34,
      "softDebut": 1971,
      "class": 459.2352
    },
    {
      "name2": "algorithms",
      "co": 35,
      "softDebut": 1969,
      "class": 459.4323
    },
    {
      "name2": "human computer interaction",
      "co": 42,
      "softDebut": 1986,
      "class": 459.4682
    },
    {
      "name2": "search engines",
      "co": 33,
      "softDebut": 1988,
      "class": 459.8152
    },
    {
      "name2": "design",
      "co": 35,
      "softDebut": 1974,
      "class": 460.9881
    },
    {
      "name2": "mobile devices",
      "co": 31,
      "softDebut": 1999,
      "class": 461.9112
    },
    {
      "name2": "web services",
      "co": 32,
      "softDebut": 1998,
      "class": 463.2418
    },
    {
      "name2": "innovation",
      "co": 28,
      "softDebut": 1980,
      "class": 463.4641
    },
    {
      "name2": "interactive computer systems",
      "co": 23,
      "softDebut": 1991,
      "class": 464.5837
    },
    {
      "name2": "data mining",
      "co": 22,
      "softDebut": 1995,
      "class": 464.8
    },
    {
      "name2": "experiments",
      "co": 23,
      "softDebut": 1982,
      "class": 465.9099
    }
  ],
  "many-core": [
    {
      "name2": "multi core",
      "co": 229,
      "softDebut": 1997,
      "class": 331.154
    },
    {
      "name2": "program processors",
      "co": 211,
      "softDebut": 1992,
      "class": 341.9634
    },
    {
      "name2": "computer architecture",
      "co": 170,
      "softDebut": 1971,
      "class": 362.5576
    },
    {
      "name2": "parallel architectures",
      "co": 128,
      "softDebut": 1985,
      "class": 382.4788
    },
    {
      "name2": "microprocessor chips",
      "co": 116,
      "softDebut": 1990,
      "class": 389.4124
    },
    {
      "name2": "algorithms",
      "co": 93,
      "softDebut": 1969,
      "class": 398.5386
    },
    {
      "name2": "optimization",
      "co": 89,
      "softDebut": 1969,
      "class": 401.4162
    },
    {
      "name2": "parallel programming",
      "co": 95,
      "softDebut": 1984,
      "class": 401.8047
    },
    {
      "name2": "embedded systems",
      "co": 70,
      "softDebut": 1986,
      "class": 412.5458
    },
    {
      "name2": "parallel processing systems",
      "co": 63,
      "softDebut": 1991,
      "class": 414.221
    },
    {
      "name2": "design",
      "co": 68,
      "softDebut": 1974,
      "class": 414.2246
    },
    {
      "name2": "computer simulation",
      "co": 57,
      "softDebut": 1968,
      "class": 418.8019
    },
    {
      "name2": "gpu",
      "co": 58,
      "softDebut": 2004,
      "class": 418.858
    },
    {
      "name2": "multicore programming",
      "co": 52,
      "softDebut": 2007,
      "class": 418.9606
    },
    {
      "name2": "on chips",
      "co": 64,
      "softDebut": 1997,
      "class": 419.5069
    },
    {
      "name2": "multi-core processor",
      "co": 58,
      "softDebut": 2006,
      "class": 420.1071
    },
    {
      "name2": "programming models",
      "co": 58,
      "softDebut": 1994,
      "class": 420.338
    },
    {
      "name2": "vlsi circuits",
      "co": 52,
      "softDebut": 1983,
      "class": 420.6447
    },
    {
      "name2": "network architecture",
      "co": 56,
      "softDebut": 1982,
      "class": 420.7826
    },
    {
      "name2": "shared memories",
      "co": 53,
      "softDebut": 1991,
      "class": 421.7665
    },
    {
      "name2": "network on chip",
      "co": 50,
      "softDebut": 2004,
      "class": 422.0758
    },
    {
      "name2": "distributed parameter networks",
      "co": 51,
      "softDebut": 1993,
      "class": 422.87
    },
    {
      "name2": "communication",
      "co": 45,
      "softDebut": 1960,
      "class": 424.409
    },
    {
      "name2": "hardware",
      "co": 45,
      "softDebut": 1982,
      "class": 424.7246
    },
    {
      "name2": "memory architecture",
      "co": 43,
      "softDebut": 1991,
      "class": 424.7293
    }
  ],
  "cyber-physical systems": [
    {
      "name2": "embedded systems",
      "co": 339,
      "softDebut": 1986,
      "class": 66.2042
    },
    {
      "name2": "models",
      "co": 76,
      "softDebut": 1972,
      "class": 214.4248
    },
    {
      "name2": "real time systems",
      "co": 66,
      "softDebut": 1988,
      "class": 218.0688
    },
    {
      "name2": "sensors",
      "co": 59,
      "softDebut": 1975,
      "class": 219.0639
    },
    {
      "name2": "sensor networks",
      "co": 41,
      "softDebut": 1989,
      "class": 230.987
    },
    {
      "name2": "physical world",
      "co": 35,
      "softDebut": 1999,
      "class": 234.348
    },
    {
      "name2": "computer simulation",
      "co": 33,
      "softDebut": 1968,
      "class": 235.1787
    },
    {
      "name2": "wireless sensor networks",
      "co": 34,
      "softDebut": 1998,
      "class": 236.8797
    },
    {
      "name2": "algorithms",
      "co": 29,
      "softDebut": 1969,
      "class": 238.8912
    },
    {
      "name2": "ubiquitous computing",
      "co": 32,
      "softDebut": 1996,
      "class": 238.9184
    },
    {
      "name2": "design",
      "co": 26,
      "softDebut": 1974,
      "class": 239.6456
    },
    {
      "name2": "dynamics",
      "co": 31,
      "softDebut": 1971,
      "class": 239.656
    },
    {
      "name2": "optimization",
      "co": 27,
      "softDebut": 1969,
      "class": 239.8812
    },
    {
      "name2": "internet",
      "co": 27,
      "softDebut": 1989,
      "class": 240.3227
    },
    {
      "name2": "embedded software",
      "co": 23,
      "softDebut": 1994,
      "class": 240.7426
    },
    {
      "name2": "communication",
      "co": 23,
      "softDebut": 1960,
      "class": 240.7426
    },
    {
      "name2": "wireless telecommunication systems",
      "co": 26,
      "softDebut": 1995,
      "class": 240.9855
    },
    {
      "name2": "user interfaces",
      "co": 17,
      "softDebut": 1983,
      "class": 241.9401
    },
    {
      "name2": "quality of service",
      "co": 19,
      "softDebut": 1986,
      "class": 242.3943
    },
    {
      "name2": "formal methods",
      "co": 19,
      "softDebut": 1988,
      "class": 242.8518
    },
    {
      "name2": "distributed computer systems",
      "co": 18,
      "softDebut": 1981,
      "class": 243.1831
    },
    {
      "name2": "physical process",
      "co": 21,
      "softDebut": 1994,
      "class": 243.2797
    },
    {
      "name2": "network security",
      "co": 23,
      "softDebut": 1986,
      "class": 243.8135
    },
    {
      "name2": "security",
      "co": 22,
      "softDebut": 1979,
      "class": 243.8565
    },
    {
      "name2": "physical systems",
      "co": 27,
      "softDebut": 1990,
      "class": 244.0266
    }
  ],
  "intuitionistic fuzzy": [
    {
      "name2": "fuzzy sets",
      "co": 379,
      "softDebut": 1973,
      "class": 34.7851
    },
    {
      "name2": "decision making",
      "co": 184,
      "softDebut": 1964,
      "class": 124.0282
    },
    {
      "name2": "intuitionistic fuzzy sets",
      "co": 188,
      "softDebut": 1996,
      "class": 129.5029
    },
    {
      "name2": "illustrative examples",
      "co": 74,
      "softDebut": 1999,
      "class": 179.6302
    },
    {
      "name2": "interval-valued",
      "co": 83,
      "softDebut": 2005,
      "class": 179.7164
    },
    {
      "name2": "fuzzy rules",
      "co": 79,
      "softDebut": 1992,
      "class": 182.7457
    },
    {
      "name2": "score function",
      "co": 56,
      "softDebut": 1991,
      "class": 190.3234
    },
    {
      "name2": "fuzzy logic",
      "co": 53,
      "softDebut": 1979,
      "class": 195.1922
    },
    {
      "name2": "multiple attribute decision making",
      "co": 46,
      "softDebut": 1998,
      "class": 195.4968
    },
    {
      "name2": "artificial intelligence",
      "co": 44,
      "softDebut": 1971,
      "class": 197.8459
    },
    {
      "name2": "numerical example",
      "co": 43,
      "softDebut": 1989,
      "class": 197.8838
    },
    {
      "name2": "rough set theory",
      "co": 39,
      "softDebut": 1995,
      "class": 202.277
    },
    {
      "name2": "decision makers",
      "co": 31,
      "softDebut": 1987,
      "class": 203.0911
    },
    {
      "name2": "fuzzy systems",
      "co": 35,
      "softDebut": 1982,
      "class": 203.5436
    },
    {
      "name2": "mathematical operators",
      "co": 31,
      "softDebut": 1992,
      "class": 203.5633
    },
    {
      "name2": "fuzzy set theory",
      "co": 37,
      "softDebut": 1986,
      "class": 203.8627
    },
    {
      "name2": "entropy",
      "co": 32,
      "softDebut": 1971,
      "class": 203.9681
    },
    {
      "name2": "aggregation operator",
      "co": 29,
      "softDebut": 1998,
      "class": 205.4069
    },
    {
      "name2": "statistical methods",
      "co": 24,
      "softDebut": 1969,
      "class": 205.6089
    },
    {
      "name2": "group decision making",
      "co": 27,
      "softDebut": 1988,
      "class": 205.796
    },
    {
      "name2": "rough set",
      "co": 27,
      "softDebut": 1995,
      "class": 206.9638
    },
    {
      "name2": "attribute values",
      "co": 27,
      "softDebut": 1994,
      "class": 208.0048
    },
    {
      "name2": "ideal solutions",
      "co": 21,
      "softDebut": 2005,
      "class": 209.5185
    },
    {
      "name2": "fuzzy information",
      "co": 16,
      "softDebut": 1989,
      "class": 210.0738
    },
    {
      "name2": "intelligent systems",
      "co": 21,
      "softDebut": 1986,
      "class": 211.2676
    }
  ],
  "first-principles calculation": [
    {
      "name2": "calculations",
      "co": 167,
      "softDebut": 1971,
      "class": 86.8101
    },
    {
      "name2": "density functional theory",
      "co": 111,
      "softDebut": 1994,
      "class": 113.1459
    },
    {
      "name2": "electronic structure",
      "co": 80,
      "softDebut": 1985,
      "class": 130.4875
    },
    {
      "name2": "first-principles calculations",
      "co": 66,
      "softDebut": 2006,
      "class": 135
    },
    {
      "name2": "first-principles",
      "co": 69,
      "softDebut": 2004,
      "class": 136.3011
    },
    {
      "name2": "electronic properties",
      "co": 69,
      "softDebut": 1987,
      "class": 137.4191
    },
    {
      "name2": "elastic properties",
      "co": 50,
      "softDebut": 1991,
      "class": 143.628
    },
    {
      "name2": "elasticity",
      "co": 43,
      "softDebut": 1964,
      "class": 147.1937
    },
    {
      "name2": "experimental data",
      "co": 46,
      "softDebut": 1982,
      "class": 148.0844
    },
    {
      "name2": "density of state",
      "co": 43,
      "softDebut": 2000,
      "class": 148.1688
    },
    {
      "name2": "elastic moduli",
      "co": 41,
      "softDebut": 1989,
      "class": 148.5867
    },
    {
      "name2": "thermodynamics",
      "co": 35,
      "softDebut": 1960,
      "class": 152.8332
    },
    {
      "name2": "aluminum",
      "co": 34,
      "softDebut": 1951,
      "class": 152.9673
    },
    {
      "name2": "crystal structure",
      "co": 34,
      "softDebut": 1973,
      "class": 153.6978
    },
    {
      "name2": "youngs modulus",
      "co": 28,
      "softDebut": 1984,
      "class": 154.9871
    },
    {
      "name2": "structural properties",
      "co": 29,
      "softDebut": 1987,
      "class": 157.2959
    },
    {
      "name2": "phase diagrams",
      "co": 27,
      "softDebut": 1987,
      "class": 157.7656
    },
    {
      "name2": "stability",
      "co": 22,
      "softDebut": 1970,
      "class": 157.7815
    },
    {
      "name2": "elastic constants",
      "co": 26,
      "softDebut": 1992,
      "class": 158.2561
    },
    {
      "name2": "structural stabilities",
      "co": 21,
      "softDebut": 2005,
      "class": 158.474
    },
    {
      "name2": "debye temperature",
      "co": 21,
      "softDebut": 1999,
      "class": 158.9843
    },
    {
      "name2": "cerium alloys",
      "co": 21,
      "softDebut": 1996,
      "class": 159.154
    },
    {
      "name2": "atoms",
      "co": 22,
      "softDebut": 1988,
      "class": 159.54
    },
    {
      "name2": "thermodynamic properties",
      "co": 19,
      "softDebut": 1979,
      "class": 159.95
    },
    {
      "name2": "adsorption",
      "co": 20,
      "softDebut": 1947,
      "class": 160.1218
    }
  ],
  "ambient assisted living": [
    {
      "name2": "health care",
      "co": 51,
      "softDebut": 1968,
      "class": 151.5058
    },
    {
      "name2": "sensors",
      "co": 50,
      "softDebut": 1975,
      "class": 152.3909
    },
    {
      "name2": "artificial intelligence",
      "co": 50,
      "softDebut": 1971,
      "class": 152.7252
    },
    {
      "name2": "ubiquitous computing",
      "co": 51,
      "softDebut": 1996,
      "class": 152.8463
    },
    {
      "name2": "ambient intelligence",
      "co": 49,
      "softDebut": 2003,
      "class": 153.4471
    },
    {
      "name2": "elderly people",
      "co": 48,
      "softDebut": 1990,
      "class": 156.4641
    },
    {
      "name2": "smart homes",
      "co": 35,
      "softDebut": 2003,
      "class": 160.5802
    },
    {
      "name2": "automation",
      "co": 25,
      "softDebut": 1960,
      "class": 164.4749
    },
    {
      "name2": "health",
      "co": 29,
      "softDebut": 1952,
      "class": 164.8454
    },
    {
      "name2": "information technology",
      "co": 26,
      "softDebut": 1982,
      "class": 165.0485
    },
    {
      "name2": "human computer interaction",
      "co": 25,
      "softDebut": 1986,
      "class": 165.777
    },
    {
      "name2": "technology",
      "co": 23,
      "softDebut": 1963,
      "class": 166.1987
    },
    {
      "name2": "aal",
      "co": 23,
      "softDebut": 1996,
      "class": 166.2468
    },
    {
      "name2": "intelligent buildings",
      "co": 21,
      "softDebut": 1990,
      "class": 166.349
    },
    {
      "name2": "user interfaces",
      "co": 23,
      "softDebut": 1983,
      "class": 166.3911
    },
    {
      "name2": "intelligent agents",
      "co": 21,
      "softDebut": 1992,
      "class": 166.4572
    },
    {
      "name2": "quality of life",
      "co": 22,
      "softDebut": 1975,
      "class": 166.9161
    },
    {
      "name2": "semantics",
      "co": 21,
      "softDebut": 1956,
      "class": 167.2543
    },
    {
      "name2": "handicapped persons",
      "co": 18,
      "softDebut": 1992,
      "class": 167.9315
    },
    {
      "name2": "wireless sensor networks",
      "co": 19,
      "softDebut": 1998,
      "class": 167.994
    },
    {
      "name2": "home environment",
      "co": 18,
      "softDebut": 1996,
      "class": 168.4013
    },
    {
      "name2": "assisted living",
      "co": 20,
      "softDebut": 2000,
      "class": 168.9349
    },
    {
      "name2": "sensor networks",
      "co": 20,
      "softDebut": 1989,
      "class": 168.9586
    },
    {
      "name2": "independent living",
      "co": 16,
      "softDebut": 1998,
      "class": 169.0946
    },
    {
      "name2": "ontology",
      "co": 19,
      "softDebut": 1988,
      "class": 169.2631
    }
  ],
  "listed companies": [
    {
      "name2": "industry",
      "co": 234,
      "softDebut": 1948,
      "class": 110.1817
    },
    {
      "name2": "finance",
      "co": 99,
      "softDebut": 1974,
      "class": 169.3192
    },
    {
      "name2": "electronic commerce",
      "co": 68,
      "softDebut": 1995,
      "class": 179.2484
    },
    {
      "name2": "artificial intelligence",
      "co": 57,
      "softDebut": 1971,
      "class": 188.0984
    },
    {
      "name2": "profitability",
      "co": 57,
      "softDebut": 1985,
      "class": 188.9312
    },
    {
      "name2": "empirical studies",
      "co": 57,
      "softDebut": 1988,
      "class": 189
    },
    {
      "name2": "investments",
      "co": 59,
      "softDebut": 1980,
      "class": 189.8078
    },
    {
      "name2": "information management",
      "co": 55,
      "softDebut": 1981,
      "class": 191.8515
    },
    {
      "name2": "empirical analysis",
      "co": 51,
      "softDebut": 1989,
      "class": 192.3928
    },
    {
      "name2": "management science",
      "co": 46,
      "softDebut": 1975,
      "class": 193.0751
    },
    {
      "name2": "regression analysis",
      "co": 43,
      "softDebut": 1971,
      "class": 195.5224
    },
    {
      "name2": "corporate governance",
      "co": 44,
      "softDebut": 1998,
      "class": 195.9541
    },
    {
      "name2": "innovation",
      "co": 43,
      "softDebut": 1980,
      "class": 196.7308
    },
    {
      "name2": "information technology",
      "co": 38,
      "softDebut": 1982,
      "class": 198.8115
    },
    {
      "name2": "stock exchange",
      "co": 35,
      "softDebut": 2000,
      "class": 198.8291
    },
    {
      "name2": "commerce",
      "co": 40,
      "softDebut": 1964,
      "class": 199.5545
    },
    {
      "name2": "economics",
      "co": 33,
      "softDebut": 1951,
      "class": 200.6614
    },
    {
      "name2": "factor analysis",
      "co": 30,
      "softDebut": 1975,
      "class": 201.5242
    },
    {
      "name2": "industrial engineering",
      "co": 34,
      "softDebut": 1979,
      "class": 201.6333
    },
    {
      "name2": "stock market",
      "co": 32,
      "softDebut": 1995,
      "class": 201.6879
    },
    {
      "name2": "government data processing",
      "co": 28,
      "softDebut": 1993,
      "class": 202.3018
    },
    {
      "name2": "management",
      "co": 27,
      "softDebut": 1967,
      "class": 203.5068
    },
    {
      "name2": "empirical research",
      "co": 25,
      "softDebut": 1989,
      "class": 204.0662
    },
    {
      "name2": "forecasting",
      "co": 27,
      "softDebut": 1970,
      "class": 205.3168
    },
    {
      "name2": "empirical results",
      "co": 24,
      "softDebut": 1996,
      "class": 205.6405
    }
  ],
  "microblogging": [
    {
      "name2": "social networking (online)",
      "co": 195,
      "softDebut": 2002,
      "class": 80.1124
    },
    {
      "name2": "social networks",
      "co": 75,
      "softDebut": 1991,
      "class": 149.3586
    },
    {
      "name2": "social media",
      "co": 59,
      "softDebut": 2007,
      "class": 158.764
    },
    {
      "name2": "data mining",
      "co": 41,
      "softDebut": 1995,
      "class": 169.5936
    },
    {
      "name2": "world wide web",
      "co": 38,
      "softDebut": 1994,
      "class": 173.2888
    },
    {
      "name2": "information retrieval",
      "co": 32,
      "softDebut": 1973,
      "class": 177.8398
    },
    {
      "name2": "information systems",
      "co": 30,
      "softDebut": 1965,
      "class": 178.7372
    },
    {
      "name2": "behavioral research",
      "co": 22,
      "softDebut": 1975,
      "class": 181.3698
    },
    {
      "name2": "web 2.0",
      "co": 24,
      "softDebut": 2006,
      "class": 183.5838
    },
    {
      "name2": "semantics",
      "co": 20,
      "softDebut": 1956,
      "class": 183.9755
    },
    {
      "name2": "short message",
      "co": 20,
      "softDebut": 2005,
      "class": 184.8756
    },
    {
      "name2": "user interfaces",
      "co": 18,
      "softDebut": 1983,
      "class": 185.0703
    },
    {
      "name2": "communication",
      "co": 20,
      "softDebut": 1960,
      "class": 185.4697
    },
    {
      "name2": "internet",
      "co": 16,
      "softDebut": 1989,
      "class": 185.5775
    },
    {
      "name2": "sentiment analysis",
      "co": 15,
      "softDebut": 2006,
      "class": 186.0753
    },
    {
      "name2": "information dissemination",
      "co": 15,
      "softDebut": 1973,
      "class": 186.1612
    },
    {
      "name2": "knowledge management",
      "co": 13,
      "softDebut": 1986,
      "class": 186.885
    },
    {
      "name2": "blogging",
      "co": 15,
      "softDebut": 2004,
      "class": 187.1523
    },
    {
      "name2": "algorithms",
      "co": 12,
      "softDebut": 1969,
      "class": 187.2832
    },
    {
      "name2": "semantic web",
      "co": 17,
      "softDebut": 2000,
      "class": 187.4673
    },
    {
      "name2": "social network",
      "co": 11,
      "softDebut": 1992,
      "class": 187.7924
    },
    {
      "name2": "artificial intelligence",
      "co": 11,
      "softDebut": 1971,
      "class": 187.8563
    },
    {
      "name2": "online social networks",
      "co": 11,
      "softDebut": 2006,
      "class": 188.1064
    },
    {
      "name2": "social networking",
      "co": 15,
      "softDebut": 2005,
      "class": 188.2445
    },
    {
      "name2": "blogs",
      "co": 11,
      "softDebut": 2005,
      "class": 188.3242
    }
  ],
  "social network services": [
    {
      "name2": "social networking (online)",
      "co": 175,
      "softDebut": 2002,
      "class": 61.0983
    },
    {
      "name2": "social networks",
      "co": 100,
      "softDebut": 1991,
      "class": 105.2901
    },
    {
      "name2": "social sciences computing",
      "co": 37,
      "softDebut": 1994,
      "class": 134.5994
    },
    {
      "name2": "facebook",
      "co": 41,
      "softDebut": 2007,
      "class": 134.9259
    },
    {
      "name2": "user interfaces",
      "co": 28,
      "softDebut": 1983,
      "class": 141.8238
    },
    {
      "name2": "internet",
      "co": 36,
      "softDebut": 1989,
      "class": 141.8802
    },
    {
      "name2": "information technology",
      "co": 25,
      "softDebut": 1982,
      "class": 142.5868
    },
    {
      "name2": "social network",
      "co": 24,
      "softDebut": 1992,
      "class": 143.3248
    },
    {
      "name2": "mobile devices",
      "co": 22,
      "softDebut": 1999,
      "class": 144.4368
    },
    {
      "name2": "online social networks",
      "co": 21,
      "softDebut": 2006,
      "class": 144.717
    },
    {
      "name2": "sns",
      "co": 23,
      "softDebut": 2001,
      "class": 145.0827
    },
    {
      "name2": "semantics",
      "co": 22,
      "softDebut": 1956,
      "class": 145.4235
    },
    {
      "name2": "communication",
      "co": 20,
      "softDebut": 1960,
      "class": 145.7189
    },
    {
      "name2": "online systems",
      "co": 18,
      "softDebut": 1972,
      "class": 146.5537
    },
    {
      "name2": "virtual reality",
      "co": 19,
      "softDebut": 1990,
      "class": 146.7549
    },
    {
      "name2": "social media",
      "co": 18,
      "softDebut": 2007,
      "class": 146.7856
    },
    {
      "name2": "information management",
      "co": 17,
      "softDebut": 1981,
      "class": 147.1224
    },
    {
      "name2": "web services",
      "co": 18,
      "softDebut": 1998,
      "class": 147.5737
    },
    {
      "name2": "privacy",
      "co": 18,
      "softDebut": 1978,
      "class": 147.9257
    },
    {
      "name2": "smart phones",
      "co": 14,
      "softDebut": 2004,
      "class": 148.4857
    },
    {
      "name2": "world wide web",
      "co": 21,
      "softDebut": 1994,
      "class": 148.6035
    },
    {
      "name2": "data mining",
      "co": 16,
      "softDebut": 1995,
      "class": 148.775
    },
    {
      "name2": "information retrieval",
      "co": 17,
      "softDebut": 1973,
      "class": 148.859
    },
    {
      "name2": "behavioral research",
      "co": 16,
      "softDebut": 1975,
      "class": 149.1375
    },
    {
      "name2": "information systems",
      "co": 17,
      "softDebut": 1965,
      "class": 149.1409
    }
  ],
  "teaching quality": [
    {
      "name2": "teaching",
      "co": 218,
      "softDebut": 1963,
      "class": 72.6223
    },
    {
      "name2": "students",
      "co": 102,
      "softDebut": 1962,
      "class": 125.4033
    },
    {
      "name2": "education computing",
      "co": 95,
      "softDebut": 1992,
      "class": 129.1395
    },
    {
      "name2": "computer science",
      "co": 96,
      "softDebut": 1978,
      "class": 129.5068
    },
    {
      "name2": "teaching methods",
      "co": 79,
      "softDebut": 1981,
      "class": 135
    },
    {
      "name2": "quality control",
      "co": 83,
      "softDebut": 1971,
      "class": 138.1991
    },
    {
      "name2": "curricula",
      "co": 68,
      "softDebut": 1986,
      "class": 140.7764
    },
    {
      "name2": "engineering education",
      "co": 56,
      "softDebut": 1971,
      "class": 149.0705
    },
    {
      "name2": "information technology",
      "co": 48,
      "softDebut": 1982,
      "class": 151.585
    },
    {
      "name2": "higher education",
      "co": 39,
      "softDebut": 1989,
      "class": 157.4516
    },
    {
      "name2": "experiments",
      "co": 26,
      "softDebut": 1982,
      "class": 163.1686
    },
    {
      "name2": "education",
      "co": 27,
      "softDebut": 1945,
      "class": 163.2575
    },
    {
      "name2": "teaching practices",
      "co": 25,
      "softDebut": 2005,
      "class": 163.6429
    },
    {
      "name2": "electronic commerce",
      "co": 23,
      "softDebut": 1995,
      "class": 164.4962
    },
    {
      "name2": "e-learning",
      "co": 25,
      "softDebut": 1998,
      "class": 164.636
    },
    {
      "name2": "innovation",
      "co": 21,
      "softDebut": 1980,
      "class": 165.3209
    },
    {
      "name2": "societies and institutions",
      "co": 24,
      "softDebut": 1986,
      "class": 165.3481
    },
    {
      "name2": "artificial intelligence",
      "co": 21,
      "softDebut": 1971,
      "class": 165.5748
    },
    {
      "name2": "teaching process",
      "co": 20,
      "softDebut": 2005,
      "class": 166.1626
    },
    {
      "name2": "classroom teaching",
      "co": 18,
      "softDebut": 2004,
      "class": 166.9251
    },
    {
      "name2": "personnel training",
      "co": 19,
      "softDebut": 1975,
      "class": 167.5201
    },
    {
      "name2": "software engineering",
      "co": 22,
      "softDebut": 1977,
      "class": 167.6126
    },
    {
      "name2": "research",
      "co": 20,
      "softDebut": 1945,
      "class": 167.7558
    },
    {
      "name2": "teaching model",
      "co": 17,
      "softDebut": 2002,
      "class": 167.7886
    },
    {
      "name2": "design",
      "co": 16,
      "softDebut": 1974,
      "class": 167.9464
    }
  ],
  "compute unified device architectures": [
    {
      "name2": "program processors",
      "co": 214,
      "softDebut": 1992,
      "class": 58.0948
    },
    {
      "name2": "computer graphics equipment",
      "co": 154,
      "softDebut": 1992,
      "class": 88.6848
    },
    {
      "name2": "graphics processing unit",
      "co": 122,
      "softDebut": 2005,
      "class": 103.6291
    },
    {
      "name2": "parallel architectures",
      "co": 107,
      "softDebut": 1985,
      "class": 113.3225
    },
    {
      "name2": "algorithms",
      "co": 94,
      "softDebut": 1969,
      "class": 116.4174
    },
    {
      "name2": "gpu",
      "co": 66,
      "softDebut": 2004,
      "class": 130.916
    },
    {
      "name2": "computer graphics",
      "co": 63,
      "softDebut": 1972,
      "class": 138.4124
    },
    {
      "name2": "graphic processing units",
      "co": 42,
      "softDebut": 2007,
      "class": 143.4399
    },
    {
      "name2": "image coding",
      "co": 39,
      "softDebut": 1976,
      "class": 144.9897
    },
    {
      "name2": "gpgpu",
      "co": 39,
      "softDebut": 2007,
      "class": 145.2102
    },
    {
      "name2": "parallel programming",
      "co": 34,
      "softDebut": 1984,
      "class": 147.699
    },
    {
      "name2": "parallel implementations",
      "co": 33,
      "softDebut": 1993,
      "class": 148.1418
    },
    {
      "name2": "parallel processing",
      "co": 33,
      "softDebut": 1971,
      "class": 148.1418
    },
    {
      "name2": "graphics processing units",
      "co": 33,
      "softDebut": 2005,
      "class": 148.8959
    },
    {
      "name2": "parallel computing",
      "co": 31,
      "softDebut": 1985,
      "class": 149.3118
    },
    {
      "name2": "gpu implementation",
      "co": 29,
      "softDebut": 2004,
      "class": 150.0733
    },
    {
      "name2": "optimization",
      "co": 29,
      "softDebut": 1969,
      "class": 150.0733
    },
    {
      "name2": "parallel processing systems",
      "co": 28,
      "softDebut": 1991,
      "class": 150.436
    },
    {
      "name2": "computer architecture",
      "co": 29,
      "softDebut": 1971,
      "class": 150.5058
    },
    {
      "name2": "parallel algorithms",
      "co": 30,
      "softDebut": 1982,
      "class": 151.4431
    },
    {
      "name2": "general purpose",
      "co": 25,
      "softDebut": 1978,
      "class": 151.6377
    },
    {
      "name2": "parallelizations",
      "co": 24,
      "softDebut": 1997,
      "class": 152.3778
    },
    {
      "name2": "general-purpose computing",
      "co": 25,
      "softDebut": 2007,
      "class": 152.5975
    },
    {
      "name2": "signal processing",
      "co": 23,
      "softDebut": 1970,
      "class": 153.0882
    },
    {
      "name2": "parallel computation",
      "co": 22,
      "softDebut": 1982,
      "class": 153.6457
    }
  ],
  "many-core architecture": [
    {
      "name2": "computer architecture",
      "co": 97,
      "softDebut": 1971,
      "class": 90.2884
    },
    {
      "name2": "multi core",
      "co": 63,
      "softDebut": 1997,
      "class": 109.4258
    },
    {
      "name2": "program processors",
      "co": 55,
      "softDebut": 1992,
      "class": 113.1282
    },
    {
      "name2": "parallel architectures",
      "co": 47,
      "softDebut": 1985,
      "class": 116.5933
    },
    {
      "name2": "algorithms",
      "co": 43,
      "softDebut": 1969,
      "class": 118.1355
    },
    {
      "name2": "microprocessor chips",
      "co": 33,
      "softDebut": 1990,
      "class": 124.137
    },
    {
      "name2": "parallel programming",
      "co": 31,
      "softDebut": 1984,
      "class": 125.4592
    },
    {
      "name2": "optimization",
      "co": 29,
      "softDebut": 1969,
      "class": 126.4832
    },
    {
      "name2": "network architecture",
      "co": 29,
      "softDebut": 1982,
      "class": 126.5622
    },
    {
      "name2": "on chips",
      "co": 27,
      "softDebut": 1997,
      "class": 128.6934
    },
    {
      "name2": "memory architecture",
      "co": 21,
      "softDebut": 1991,
      "class": 129.8846
    },
    {
      "name2": "design",
      "co": 21,
      "softDebut": 1974,
      "class": 130.1076
    },
    {
      "name2": "embedded systems",
      "co": 23,
      "softDebut": 1986,
      "class": 130.4301
    },
    {
      "name2": "parallel processing systems",
      "co": 20,
      "softDebut": 1991,
      "class": 130.5795
    },
    {
      "name2": "distributed parameter networks",
      "co": 19,
      "softDebut": 1993,
      "class": 131.4914
    },
    {
      "name2": "program compilers",
      "co": 21,
      "softDebut": 1990,
      "class": 131.7649
    },
    {
      "name2": "multicore programming",
      "co": 17,
      "softDebut": 2007,
      "class": 132.3254
    },
    {
      "name2": "multicore architectures",
      "co": 19,
      "softDebut": 2006,
      "class": 132.6575
    },
    {
      "name2": "programming models",
      "co": 17,
      "softDebut": 1994,
      "class": 133.124
    },
    {
      "name2": "data structures",
      "co": 15,
      "softDebut": 1970,
      "class": 133.3567
    },
    {
      "name2": "multi-core processor",
      "co": 16,
      "softDebut": 2006,
      "class": 133.675
    },
    {
      "name2": "execution time",
      "co": 17,
      "softDebut": 1982,
      "class": 133.8432
    },
    {
      "name2": "shared memories",
      "co": 16,
      "softDebut": 1991,
      "class": 133.8768
    },
    {
      "name2": "hardware",
      "co": 15,
      "softDebut": 1982,
      "class": 134.4842
    },
    {
      "name2": "cache memory",
      "co": 16,
      "softDebut": 1986,
      "class": 134.6885
    }
  ],
  "web 2.0 applications": [
    {
      "name2": "world wide web",
      "co": 148,
      "softDebut": 1994,
      "class": 63.6082
    },
    {
      "name2": "web 2.0",
      "co": 129,
      "softDebut": 2006,
      "class": 73.5187
    },
    {
      "name2": "web application",
      "co": 43,
      "softDebut": 2000,
      "class": 116.0129
    },
    {
      "name2": "internet",
      "co": 35,
      "softDebut": 1989,
      "class": 118.0127
    },
    {
      "name2": "web services",
      "co": 35,
      "softDebut": 1998,
      "class": 119.2267
    },
    {
      "name2": "social networking (online)",
      "co": 36,
      "softDebut": 2002,
      "class": 120.5239
    },
    {
      "name2": "user interfaces",
      "co": 37,
      "softDebut": 1983,
      "class": 123.1463
    },
    {
      "name2": "information systems",
      "co": 29,
      "softDebut": 1965,
      "class": 123.2193
    },
    {
      "name2": "social networks",
      "co": 27,
      "softDebut": 1991,
      "class": 123.4058
    },
    {
      "name2": "mashups",
      "co": 21,
      "softDebut": 2007,
      "class": 125.5588
    },
    {
      "name2": "websites",
      "co": 22,
      "softDebut": 1997,
      "class": 126.1586
    },
    {
      "name2": "semantics",
      "co": 16,
      "softDebut": 1956,
      "class": 128.4523
    },
    {
      "name2": "technology",
      "co": 16,
      "softDebut": 1963,
      "class": 128.6079
    },
    {
      "name2": "social media",
      "co": 15,
      "softDebut": 2007,
      "class": 128.6274
    },
    {
      "name2": "information technology",
      "co": 14,
      "softDebut": 1982,
      "class": 128.8643
    },
    {
      "name2": "knowledge management",
      "co": 15,
      "softDebut": 1986,
      "class": 128.9302
    },
    {
      "name2": "distributed computer systems",
      "co": 14,
      "softDebut": 1981,
      "class": 129.0659
    },
    {
      "name2": "social networking",
      "co": 13,
      "softDebut": 2005,
      "class": 129.3716
    },
    {
      "name2": "semantic web",
      "co": 12,
      "softDebut": 2000,
      "class": 129.8846
    },
    {
      "name2": "javascript",
      "co": 12,
      "softDebut": 2000,
      "class": 130.1153
    },
    {
      "name2": "recommender systems",
      "co": 10,
      "softDebut": 1999,
      "class": 130.8358
    },
    {
      "name2": "search engines",
      "co": 11,
      "softDebut": 1988,
      "class": 130.8778
    },
    {
      "name2": "end users",
      "co": 12,
      "softDebut": 1982,
      "class": 130.9656
    },
    {
      "name2": "information services",
      "co": 11,
      "softDebut": 1966,
      "class": 131
    },
    {
      "name2": "facebook",
      "co": 10,
      "softDebut": 2007,
      "class": 131.0343
    }
  ],
  "social graphs": [
    {
      "name2": "social networking (online)",
      "co": 139,
      "softDebut": 2002,
      "class": 49.4368
    },
    {
      "name2": "social networks",
      "co": 142,
      "softDebut": 1991,
      "class": 49.5883
    },
    {
      "name2": "online social networks",
      "co": 54,
      "softDebut": 2006,
      "class": 93.3327
    },
    {
      "name2": "facebook",
      "co": 49,
      "softDebut": 2007,
      "class": 99.2169
    },
    {
      "name2": "algorithms",
      "co": 30,
      "softDebut": 1969,
      "class": 105.8726
    },
    {
      "name2": "graph theory",
      "co": 29,
      "softDebut": 1971,
      "class": 109.5901
    },
    {
      "name2": "data mining",
      "co": 21,
      "softDebut": 1995,
      "class": 112.7564
    },
    {
      "name2": "online systems",
      "co": 20,
      "softDebut": 1972,
      "class": 112.8849
    },
    {
      "name2": "internet",
      "co": 21,
      "softDebut": 1989,
      "class": 113.6574
    },
    {
      "name2": "graphic methods",
      "co": 19,
      "softDebut": 1973,
      "class": 114.5688
    },
    {
      "name2": "social network",
      "co": 17,
      "softDebut": 1992,
      "class": 115.2823
    },
    {
      "name2": "social sciences computing",
      "co": 14,
      "softDebut": 1994,
      "class": 115.78
    },
    {
      "name2": "world wide web",
      "co": 16,
      "softDebut": 1994,
      "class": 117.2732
    },
    {
      "name2": "social media",
      "co": 12,
      "softDebut": 2007,
      "class": 117.7752
    },
    {
      "name2": "electric network analysis",
      "co": 18,
      "softDebut": 1992,
      "class": 117.8177
    },
    {
      "name2": "random walk",
      "co": 15,
      "softDebut": 1977,
      "class": 117.9237
    },
    {
      "name2": "data privacy",
      "co": 11,
      "softDebut": 1995,
      "class": 118.1271
    },
    {
      "name2": "social networking sites",
      "co": 13,
      "softDebut": 2007,
      "class": 118.2371
    },
    {
      "name2": "communication",
      "co": 10,
      "softDebut": 1960,
      "class": 118.2836
    },
    {
      "name2": "social interactions",
      "co": 10,
      "softDebut": 1988,
      "class": 118.3089
    },
    {
      "name2": "social relationships",
      "co": 11,
      "softDebut": 1988,
      "class": 118.3469
    },
    {
      "name2": "peer to peer",
      "co": 9,
      "softDebut": 2002,
      "class": 118.6845
    },
    {
      "name2": "distributed computer systems",
      "co": 10,
      "softDebut": 1981,
      "class": 118.7224
    },
    {
      "name2": "semantics",
      "co": 11,
      "softDebut": 1956,
      "class": 118.7518
    },
    {
      "name2": "privacy",
      "co": 10,
      "softDebut": 1978,
      "class": 119.1847
    }
  ],
  "harmony search algorithms": [
    {
      "name2": "harmony search",
      "co": 141,
      "softDebut": 2006,
      "class": 35.171
    },
    {
      "name2": "learning algorithms",
      "co": 150,
      "softDebut": 1988,
      "class": 36.4143
    },
    {
      "name2": "optimization",
      "co": 73,
      "softDebut": 1969,
      "class": 72.298
    },
    {
      "name2": "optimization problems",
      "co": 39,
      "softDebut": 1989,
      "class": 89.1235
    },
    {
      "name2": "algorithms",
      "co": 30,
      "softDebut": 1969,
      "class": 93.0054
    },
    {
      "name2": "heuristic algorithms",
      "co": 28,
      "softDebut": 1984,
      "class": 95.247
    },
    {
      "name2": "particle swarm optimization (pso)",
      "co": 26,
      "softDebut": 2001,
      "class": 95.2995
    },
    {
      "name2": "metaheuristic",
      "co": 24,
      "softDebut": 2001,
      "class": 96.3328
    },
    {
      "name2": "evolutionary algorithms",
      "co": 26,
      "softDebut": 1995,
      "class": 97.2111
    },
    {
      "name2": "heuristic methods",
      "co": 27,
      "softDebut": 1983,
      "class": 98.6256
    },
    {
      "name2": "artificial intelligence",
      "co": 20,
      "softDebut": 1971,
      "class": 99.5791
    },
    {
      "name2": "optimization algorithms",
      "co": 16,
      "softDebut": 1985,
      "class": 100.03
    },
    {
      "name2": "global optimization",
      "co": 18,
      "softDebut": 1982,
      "class": 100.2896
    },
    {
      "name2": "objective functions",
      "co": 17,
      "softDebut": 1986,
      "class": 100.7323
    },
    {
      "name2": "local search",
      "co": 14,
      "softDebut": 1989,
      "class": 101.2028
    },
    {
      "name2": "problem solving",
      "co": 17,
      "softDebut": 1963,
      "class": 101.671
    },
    {
      "name2": "genetic algorithms",
      "co": 13,
      "softDebut": 1988,
      "class": 102.3084
    },
    {
      "name2": "parameter estimation",
      "co": 13,
      "softDebut": 1972,
      "class": 102.7473
    },
    {
      "name2": "convergence of numerical methods",
      "co": 13,
      "softDebut": 1992,
      "class": 103.0291
    },
    {
      "name2": "neural networks",
      "co": 12,
      "softDebut": 1988,
      "class": 103.1795
    },
    {
      "name2": "design",
      "co": 14,
      "softDebut": 1974,
      "class": 103.257
    },
    {
      "name2": "benchmarking",
      "co": 10,
      "softDebut": 1986,
      "class": 103.3344
    },
    {
      "name2": "scheduling algorithms",
      "co": 11,
      "softDebut": 1985,
      "class": 103.3876
    },
    {
      "name2": "hybrid algorithms",
      "co": 10,
      "softDebut": 1987,
      "class": 103.5664
    },
    {
      "name2": "hydraulic structures",
      "co": 16,
      "softDebut": 1985,
      "class": 104.4126
    }
  ],
  "bag-of-visual-words": [
    {
      "name2": "image retrieval",
      "co": 47,
      "softDebut": 1989,
      "class": 76.5702
    },
    {
      "name2": "descriptors",
      "co": 38,
      "softDebut": 1985,
      "class": 78.6638
    },
    {
      "name2": "image analysis",
      "co": 33,
      "softDebut": 1979,
      "class": 83.9821
    },
    {
      "name2": "computer vision",
      "co": 31,
      "softDebut": 1980,
      "class": 84.4689
    },
    {
      "name2": "local feature",
      "co": 26,
      "softDebut": 1994,
      "class": 85.0529
    },
    {
      "name2": "semantics",
      "co": 26,
      "softDebut": 1956,
      "class": 86.0349
    },
    {
      "name2": "algorithms",
      "co": 20,
      "softDebut": 1969,
      "class": 87.1665
    },
    {
      "name2": "image representations",
      "co": 23,
      "softDebut": 1990,
      "class": 87.1952
    },
    {
      "name2": "bag of words",
      "co": 22,
      "softDebut": 2003,
      "class": 87.5557
    },
    {
      "name2": "image segmentation",
      "co": 15,
      "softDebut": 1982,
      "class": 89.7385
    },
    {
      "name2": "object recognition",
      "co": 17,
      "softDebut": 1983,
      "class": 90.05
    },
    {
      "name2": "visual feature",
      "co": 16,
      "softDebut": 1998,
      "class": 90.1443
    },
    {
      "name2": "content based retrieval",
      "co": 16,
      "softDebut": 1996,
      "class": 90.2774
    },
    {
      "name2": "support vector machines",
      "co": 15,
      "softDebut": 1997,
      "class": 90.4046
    },
    {
      "name2": "feature extraction",
      "co": 19,
      "softDebut": 1976,
      "class": 90.835
    },
    {
      "name2": "image processing",
      "co": 15,
      "softDebut": 1970,
      "class": 90.956
    },
    {
      "name2": "image classification",
      "co": 16,
      "softDebut": 1988,
      "class": 90.9835
    },
    {
      "name2": "information retrieval",
      "co": 17,
      "softDebut": 1973,
      "class": 91.7878
    },
    {
      "name2": "pattern recognition",
      "co": 11,
      "softDebut": 1963,
      "class": 92.1141
    },
    {
      "name2": "graphic methods",
      "co": 12,
      "softDebut": 1973,
      "class": 92.1629
    },
    {
      "name2": "content based image retrieval",
      "co": 12,
      "softDebut": 1996,
      "class": 92.2497
    },
    {
      "name2": "codebooks",
      "co": 12,
      "softDebut": 1987,
      "class": 92.6499
    },
    {
      "name2": "classification (of information)",
      "co": 12,
      "softDebut": 1992,
      "class": 92.9839
    },
    {
      "name2": "content-based image retrieval",
      "co": 9,
      "softDebut": 1996,
      "class": 93.043
    },
    {
      "name2": "spatial informations",
      "co": 11,
      "softDebut": 1996,
      "class": 93.2255
    }
  ],
  "standard pso": [
    {
      "name2": "particle swarm optimization (pso)",
      "co": 247,
      "softDebut": 2001,
      "class": 6.8557
    },
    {
      "name2": "particle swarm optimization",
      "co": 106,
      "softDebut": 2001,
      "class": 71.6519
    },
    {
      "name2": "algorithms",
      "co": 109,
      "softDebut": 1969,
      "class": 72.9315
    },
    {
      "name2": "particle swarm optimization algorithm",
      "co": 55,
      "softDebut": 2005,
      "class": 94.2178
    },
    {
      "name2": "pso algorithms",
      "co": 51,
      "softDebut": 2006,
      "class": 96.4521
    },
    {
      "name2": "benchmark functions",
      "co": 53,
      "softDebut": 2001,
      "class": 97.206
    },
    {
      "name2": "convergence of numerical methods",
      "co": 46,
      "softDebut": 1992,
      "class": 99.1665
    },
    {
      "name2": "premature convergence",
      "co": 44,
      "softDebut": 1998,
      "class": 99.6695
    },
    {
      "name2": "particle swarm",
      "co": 45,
      "softDebut": 2004,
      "class": 100.5037
    },
    {
      "name2": "artificial intelligence",
      "co": 42,
      "softDebut": 1971,
      "class": 102.9369
    },
    {
      "name2": "local optima",
      "co": 32,
      "softDebut": 1998,
      "class": 106.9486
    },
    {
      "name2": "optimization",
      "co": 37,
      "softDebut": 1969,
      "class": 107.0654
    },
    {
      "name2": "pso",
      "co": 28,
      "softDebut": 2005,
      "class": 107.8054
    },
    {
      "name2": "global optimization",
      "co": 28,
      "softDebut": 1982,
      "class": 108.2497
    },
    {
      "name2": "inertia weight",
      "co": 25,
      "softDebut": 2006,
      "class": 108.9358
    },
    {
      "name2": "optimization problems",
      "co": 27,
      "softDebut": 1989,
      "class": 109.3846
    },
    {
      "name2": "simulation result",
      "co": 22,
      "softDebut": 1999,
      "class": 110.0545
    },
    {
      "name2": "local search",
      "co": 20,
      "softDebut": 1989,
      "class": 111.2115
    },
    {
      "name2": "standards",
      "co": 25,
      "softDebut": 1971,
      "class": 111.4495
    },
    {
      "name2": "hybrid algorithms",
      "co": 17,
      "softDebut": 1987,
      "class": 113.221
    },
    {
      "name2": "computer science",
      "co": 17,
      "softDebut": 1978,
      "class": 113.3887
    },
    {
      "name2": "genetic algorithms",
      "co": 19,
      "softDebut": 1988,
      "class": 113.4063
    },
    {
      "name2": "optimal solutions",
      "co": 16,
      "softDebut": 1992,
      "class": 114.0439
    },
    {
      "name2": "hybrid particle swarm optimization",
      "co": 15,
      "softDebut": 2006,
      "class": 114.0658
    },
    {
      "name2": "problem solving",
      "co": 17,
      "softDebut": 1963,
      "class": 114.3722
    }
  ],
  "improved pso": [
    {
      "name2": "particle swarm optimization (pso)",
      "co": 204,
      "softDebut": 2001,
      "class": 14.1067
    },
    {
      "name2": "algorithms",
      "co": 101,
      "softDebut": 1969,
      "class": 59.9166
    },
    {
      "name2": "particle swarm optimization",
      "co": 80,
      "softDebut": 2001,
      "class": 70.1926
    },
    {
      "name2": "particle swarm optimization algorithm",
      "co": 54,
      "softDebut": 2005,
      "class": 81.3081
    },
    {
      "name2": "pso algorithms",
      "co": 56,
      "softDebut": 2006,
      "class": 81.6149
    },
    {
      "name2": "convergence of numerical methods",
      "co": 41,
      "softDebut": 1992,
      "class": 89.23
    },
    {
      "name2": "local optima",
      "co": 36,
      "softDebut": 1998,
      "class": 90.5041
    },
    {
      "name2": "particle swarm",
      "co": 37,
      "softDebut": 2004,
      "class": 90.7855
    },
    {
      "name2": "pso",
      "co": 31,
      "softDebut": 2005,
      "class": 93.2202
    },
    {
      "name2": "neural networks",
      "co": 30,
      "softDebut": 1988,
      "class": 93.7817
    },
    {
      "name2": "premature convergence",
      "co": 28,
      "softDebut": 1998,
      "class": 94.2497
    },
    {
      "name2": "artificial intelligence",
      "co": 26,
      "softDebut": 1971,
      "class": 96.3898
    },
    {
      "name2": "benchmark functions",
      "co": 26,
      "softDebut": 2001,
      "class": 96.4417
    },
    {
      "name2": "inertia weight",
      "co": 22,
      "softDebut": 2006,
      "class": 97.2574
    },
    {
      "name2": "computer science",
      "co": 22,
      "softDebut": 1978,
      "class": 97.3088
    },
    {
      "name2": "reactive power",
      "co": 21,
      "softDebut": 1993,
      "class": 97.949
    },
    {
      "name2": "optimization problems",
      "co": 21,
      "softDebut": 1989,
      "class": 97.9898
    },
    {
      "name2": "local minimums",
      "co": 16,
      "softDebut": 1996,
      "class": 99.935
    },
    {
      "name2": "convergence speed",
      "co": 16,
      "softDebut": 1993,
      "class": 100.035
    },
    {
      "name2": "genetic algorithms",
      "co": 17,
      "softDebut": 1988,
      "class": 100.3195
    },
    {
      "name2": "optimization",
      "co": 22,
      "softDebut": 1969,
      "class": 100.3444
    },
    {
      "name2": "swarm intelligence",
      "co": 15,
      "softDebut": 2000,
      "class": 100.628
    },
    {
      "name2": "simulation result",
      "co": 16,
      "softDebut": 1999,
      "class": 100.633
    },
    {
      "name2": "adaptive algorithms",
      "co": 15,
      "softDebut": 1984,
      "class": 101.1533
    },
    {
      "name2": "intelligent systems",
      "co": 15,
      "softDebut": 1986,
      "class": 101.262
    }
  ],
  "software-as-a-service": [
    {
      "name2": "information systems",
      "co": 30,
      "softDebut": 1965,
      "class": 75.2994
    },
    {
      "name2": "saas",
      "co": 28,
      "softDebut": 2007,
      "class": 76.0658
    },
    {
      "name2": "industry",
      "co": 19,
      "softDebut": 1948,
      "class": 80.9877
    },
    {
      "name2": "business models",
      "co": 19,
      "softDebut": 1998,
      "class": 81.4555
    },
    {
      "name2": "web services",
      "co": 19,
      "softDebut": 1998,
      "class": 81.5046
    },
    {
      "name2": "computer systems",
      "co": 15,
      "softDebut": 1971,
      "class": 81.7496
    },
    {
      "name2": "computer software",
      "co": 24,
      "softDebut": 1980,
      "class": 82.5833
    },
    {
      "name2": "information technology",
      "co": 15,
      "softDebut": 1982,
      "class": 83.8987
    },
    {
      "name2": "information management",
      "co": 12,
      "softDebut": 1981,
      "class": 84.119
    },
    {
      "name2": "service provider",
      "co": 14,
      "softDebut": 1998,
      "class": 84.463
    },
    {
      "name2": "world wide web",
      "co": 14,
      "softDebut": 1994,
      "class": 84.9588
    },
    {
      "name2": "virtualizations",
      "co": 10,
      "softDebut": 2005,
      "class": 84.9941
    },
    {
      "name2": "research",
      "co": 10,
      "softDebut": 1945,
      "class": 85.0529
    },
    {
      "name2": "software engineering",
      "co": 11,
      "softDebut": 1977,
      "class": 85.2115
    },
    {
      "name2": "information services",
      "co": 14,
      "softDebut": 1966,
      "class": 85.3698
    },
    {
      "name2": "internet",
      "co": 14,
      "softDebut": 1989,
      "class": 85.6738
    },
    {
      "name2": "user interfaces",
      "co": 8,
      "softDebut": 1983,
      "class": 85.6971
    },
    {
      "name2": "quality of service",
      "co": 8,
      "softDebut": 1986,
      "class": 85.7205
    },
    {
      "name2": "cloud",
      "co": 7,
      "softDebut": 1986,
      "class": 86.8274
    },
    {
      "name2": "computer science",
      "co": 10,
      "softDebut": 1978,
      "class": 87.0632
    },
    {
      "name2": "software architecture",
      "co": 8,
      "softDebut": 1983,
      "class": 87.1206
    },
    {
      "name2": "economics",
      "co": 9,
      "softDebut": 1951,
      "class": 87.1378
    },
    {
      "name2": "electronic commerce",
      "co": 11,
      "softDebut": 1995,
      "class": 87.3556
    },
    {
      "name2": "models",
      "co": 7,
      "softDebut": 1972,
      "class": 87.3785
    },
    {
      "name2": "virtualization",
      "co": 5,
      "softDebut": 1998,
      "class": 87.4929
    }
  ],
  "de algorithms": [
    {
      "name2": "evolutionary algorithms",
      "co": 164,
      "softDebut": 1995,
      "class": 21.1187
    },
    {
      "name2": "differential evolution",
      "co": 154,
      "softDebut": 1999,
      "class": 22.8473
    },
    {
      "name2": "differential evolution algorithms",
      "co": 111,
      "softDebut": 2006,
      "class": 43.7379
    },
    {
      "name2": "optimization",
      "co": 79,
      "softDebut": 1969,
      "class": 59.8749
    },
    {
      "name2": "global optimization",
      "co": 49,
      "softDebut": 1982,
      "class": 73.5867
    },
    {
      "name2": "convergence of numerical methods",
      "co": 41,
      "softDebut": 1992,
      "class": 77.324
    },
    {
      "name2": "benchmark functions",
      "co": 39,
      "softDebut": 2001,
      "class": 78.4538
    },
    {
      "name2": "biology",
      "co": 33,
      "softDebut": 1946,
      "class": 81.111
    },
    {
      "name2": "control parameters",
      "co": 32,
      "softDebut": 1994,
      "class": 82.2435
    },
    {
      "name2": "mathematical operators",
      "co": 27,
      "softDebut": 1992,
      "class": 83.5643
    },
    {
      "name2": "algorithms",
      "co": 29,
      "softDebut": 1969,
      "class": 83.994
    },
    {
      "name2": "optimization problems",
      "co": 29,
      "softDebut": 1989,
      "class": 84.5163
    },
    {
      "name2": "self-adaptive",
      "co": 24,
      "softDebut": 2001,
      "class": 85.6505
    },
    {
      "name2": "adaptive algorithms",
      "co": 25,
      "softDebut": 1984,
      "class": 85.668
    },
    {
      "name2": "convergence speed",
      "co": 22,
      "softDebut": 1993,
      "class": 85.8953
    },
    {
      "name2": "artificial intelligence",
      "co": 20,
      "softDebut": 1971,
      "class": 86.5448
    },
    {
      "name2": "particle swarm optimization (pso)",
      "co": 22,
      "softDebut": 2001,
      "class": 86.6833
    },
    {
      "name2": "premature convergence",
      "co": 20,
      "softDebut": 1998,
      "class": 87.1894
    },
    {
      "name2": "differential evolution algorithm",
      "co": 18,
      "softDebut": 2006,
      "class": 88.0227
    },
    {
      "name2": "local search",
      "co": 17,
      "softDebut": 1989,
      "class": 88.3572
    },
    {
      "name2": "genetic algorithms",
      "co": 18,
      "softDebut": 1988,
      "class": 88.4986
    },
    {
      "name2": "bench-mark problems",
      "co": 18,
      "softDebut": 1997,
      "class": 88.7356
    },
    {
      "name2": "parameter estimation",
      "co": 20,
      "softDebut": 1972,
      "class": 88.9831
    },
    {
      "name2": "simulation result",
      "co": 15,
      "softDebut": 1999,
      "class": 89.6605
    },
    {
      "name2": "differential evolution (de)",
      "co": 15,
      "softDebut": 2005,
      "class": 89.95
    }
  ],
  "generalized gradient approximations": [
    {
      "name2": "density functional theory",
      "co": 88,
      "softDebut": 1994,
      "class": 31.3528
    },
    {
      "name2": "electronic properties",
      "co": 55,
      "softDebut": 1987,
      "class": 45.2769
    },
    {
      "name2": "electronic structure",
      "co": 53,
      "softDebut": 1985,
      "class": 46.1736
    },
    {
      "name2": "calculations",
      "co": 38,
      "softDebut": 1971,
      "class": 52.5833
    },
    {
      "name2": "elastic moduli",
      "co": 37,
      "softDebut": 1989,
      "class": 53.4603
    },
    {
      "name2": "elastic properties",
      "co": 32,
      "softDebut": 1991,
      "class": 56.7715
    },
    {
      "name2": "debye temperature",
      "co": 28,
      "softDebut": 1999,
      "class": 57.3672
    },
    {
      "name2": "density of state",
      "co": 24,
      "softDebut": 2000,
      "class": 59.3549
    },
    {
      "name2": "first-principles",
      "co": 24,
      "softDebut": 2004,
      "class": 60.291
    },
    {
      "name2": "structural properties",
      "co": 24,
      "softDebut": 1987,
      "class": 60.4731
    },
    {
      "name2": "elasticity",
      "co": 24,
      "softDebut": 1964,
      "class": 60.7536
    },
    {
      "name2": "optical properties",
      "co": 23,
      "softDebut": 1970,
      "class": 60.9098
    },
    {
      "name2": "elastic constants",
      "co": 25,
      "softDebut": 1992,
      "class": 61.3188
    },
    {
      "name2": "ab initio calculations",
      "co": 23,
      "softDebut": 1994,
      "class": 61.563
    },
    {
      "name2": "bulk modulus",
      "co": 26,
      "softDebut": 1992,
      "class": 61.7171
    },
    {
      "name2": "lattice constants",
      "co": 21,
      "softDebut": 1994,
      "class": 62.7694
    },
    {
      "name2": "experimental data",
      "co": 18,
      "softDebut": 1982,
      "class": 62.9841
    },
    {
      "name2": "youngs modulus",
      "co": 18,
      "softDebut": 1984,
      "class": 63.0793
    },
    {
      "name2": "poissons ratio",
      "co": 16,
      "softDebut": 1987,
      "class": 63.7417
    },
    {
      "name2": "structural parameter",
      "co": 14,
      "softDebut": 1994,
      "class": 64.707
    },
    {
      "name2": "dielectric functions",
      "co": 14,
      "softDebut": 2006,
      "class": 64.923
    },
    {
      "name2": "dft",
      "co": 14,
      "softDebut": 1981,
      "class": 65.5668
    },
    {
      "name2": "magnetic moments",
      "co": 13,
      "softDebut": 1993,
      "class": 65.7115
    },
    {
      "name2": "plane wave",
      "co": 12,
      "softDebut": 1986,
      "class": 66.1135
    },
    {
      "name2": "theoretical study",
      "co": 12,
      "softDebut": 1970,
      "class": 66.1135
    }
  ],
  "web of datum": [
    {
      "name2": "linked datum",
      "co": 94,
      "softDebut": 2007,
      "class": 50.4083
    },
    {
      "name2": "world wide web",
      "co": 85,
      "softDebut": 1994,
      "class": 52.7826
    },
    {
      "name2": "semantic web",
      "co": 73,
      "softDebut": 2000,
      "class": 60.0167
    },
    {
      "name2": "data handling",
      "co": 64,
      "softDebut": 1983,
      "class": 65.0461
    },
    {
      "name2": "linked data",
      "co": 44,
      "softDebut": 2007,
      "class": 77.6209
    },
    {
      "name2": "semantics",
      "co": 32,
      "softDebut": 1956,
      "class": 85.6329
    },
    {
      "name2": "ontology",
      "co": 26,
      "softDebut": 1988,
      "class": 87.9716
    },
    {
      "name2": "structured data",
      "co": 15,
      "softDebut": 1995,
      "class": 93.5842
    },
    {
      "name2": "websites",
      "co": 13,
      "softDebut": 1997,
      "class": 93.8083
    },
    {
      "name2": "rdf data",
      "co": 17,
      "softDebut": 2005,
      "class": 94.5939
    },
    {
      "name2": "artificial intelligence",
      "co": 14,
      "softDebut": 1971,
      "class": 94.6414
    },
    {
      "name2": "metadata",
      "co": 13,
      "softDebut": 1990,
      "class": 95.572
    },
    {
      "name2": "web services",
      "co": 12,
      "softDebut": 1998,
      "class": 95.6399
    },
    {
      "name2": "semantic web technology",
      "co": 14,
      "softDebut": 2002,
      "class": 96.1093
    },
    {
      "name2": "algorithms",
      "co": 9,
      "softDebut": 1969,
      "class": 96.7988
    },
    {
      "name2": "query processing",
      "co": 9,
      "softDebut": 1981,
      "class": 97.0258
    },
    {
      "name2": "rdf",
      "co": 8,
      "softDebut": 1999,
      "class": 97.1751
    },
    {
      "name2": "data source",
      "co": 9,
      "softDebut": 1995,
      "class": 97.3961
    },
    {
      "name2": "information management",
      "co": 8,
      "softDebut": 1981,
      "class": 97.5756
    },
    {
      "name2": "information retrieval",
      "co": 12,
      "softDebut": 1973,
      "class": 97.7394
    },
    {
      "name2": "semantic data",
      "co": 10,
      "softDebut": 2005,
      "class": 98.3209
    },
    {
      "name2": "knowledge management",
      "co": 8,
      "softDebut": 1986,
      "class": 98.5647
    },
    {
      "name2": "data-sources",
      "co": 7,
      "softDebut": 2002,
      "class": 98.6712
    },
    {
      "name2": "semantic search",
      "co": 7,
      "softDebut": 2003,
      "class": 98.6712
    },
    {
      "name2": "data integration",
      "co": 6,
      "softDebut": 1986,
      "class": 98.8484
    }
  ],
  "multi objective algorithm": [
    {
      "name2": "multiobjective optimization",
      "co": 114,
      "softDebut": 1988,
      "class": 18.6279
    },
    {
      "name2": "evolutionary algorithms",
      "co": 49,
      "softDebut": 1995,
      "class": 48.4974
    },
    {
      "name2": "multi-objective optimization",
      "co": 38,
      "softDebut": 1999,
      "class": 53.2635
    },
    {
      "name2": "algorithms",
      "co": 38,
      "softDebut": 1969,
      "class": 53.9166
    },
    {
      "name2": "pareto front",
      "co": 29,
      "softDebut": 2002,
      "class": 57.8446
    },
    {
      "name2": "pareto principle",
      "co": 25,
      "softDebut": 1995,
      "class": 59.649
    },
    {
      "name2": "nsga-ii",
      "co": 22,
      "softDebut": 2006,
      "class": 60.7536
    },
    {
      "name2": "particle swarm optimization (pso)",
      "co": 22,
      "softDebut": 2001,
      "class": 60.7865
    },
    {
      "name2": "multi-objective optimization problem",
      "co": 22,
      "softDebut": 2003,
      "class": 61.7009
    },
    {
      "name2": "genetic algorithms",
      "co": 18,
      "softDebut": 1988,
      "class": 63.1269
    },
    {
      "name2": "artificial intelligence",
      "co": 17,
      "softDebut": 1971,
      "class": 63.671
    },
    {
      "name2": "pareto optimal solutions",
      "co": 16,
      "softDebut": 1996,
      "class": 63.8044
    },
    {
      "name2": "convergence of numerical methods",
      "co": 16,
      "softDebut": 1992,
      "class": 63.9453
    },
    {
      "name2": "multi-objective problem",
      "co": 15,
      "softDebut": 2004,
      "class": 64.1716
    },
    {
      "name2": "objective functions",
      "co": 14,
      "softDebut": 1986,
      "class": 64.8922
    },
    {
      "name2": "problem solving",
      "co": 13,
      "softDebut": 1963,
      "class": 65.284
    },
    {
      "name2": "test functions",
      "co": 10,
      "softDebut": 1996,
      "class": 66.6858
    },
    {
      "name2": "benchmarking",
      "co": 10,
      "softDebut": 1986,
      "class": 66.7458
    },
    {
      "name2": "particle swarm optimization",
      "co": 9,
      "softDebut": 2001,
      "class": 67.2161
    },
    {
      "name2": "nondominated solutions",
      "co": 9,
      "softDebut": 2003,
      "class": 67.335
    },
    {
      "name2": "optimization problems",
      "co": 10,
      "softDebut": 1989,
      "class": 67.4611
    },
    {
      "name2": "design",
      "co": 8,
      "softDebut": 1974,
      "class": 67.8012
    },
    {
      "name2": "approximation algorithms",
      "co": 8,
      "softDebut": 1982,
      "class": 67.8896
    },
    {
      "name2": "optimal systems",
      "co": 8,
      "softDebut": 1992,
      "class": 67.8896
    },
    {
      "name2": "optimization",
      "co": 8,
      "softDebut": 1969,
      "class": 67.9043
    }
  ]
}