"ambient assisted living","196","2006"
"ambient intelligence","466","2002"
"artificial bee colonies","149","2009"
"bilinear pairing","158","2004"
"cloud computing","1899","2006"
"cloud infrastructures","40","2010"
"cloud providers","88","2009"
"cloud security","41","2009"
"cloud services","259","2009"
"cloud storages","48","2010"
"cognitive radio","418","2001"
"cognitive radio network","219","2006"
"community detection","157","2006"
"conditional random field","220","2003"
"cyber physical systems (cpss)","106","2008"
"cyber-physical systems","93","2007"
"demand response","133","2006"
"differential privacies","93","2007"
"domain ontologies","441","2000"
"encryption schemes","352","2000"
"folksonomies","182","2005"
"gpgpu","197","2006"
"gpu","462","2003"
"ieee signal processing society","73","2007"
"information retrieval technology","82","2008"
"intelligent servicing","338","2007"
"intelligent virtual agents","499","2002"
"iot","49","2009"
"linked data","394","2004"
"linked open data","63","2008"
"linked open datum","125","2008"
"location based services","293","2001"
"manet","369","2001"
"many-core architecture","75","2007"
"mapreduce frameworks","24","2010"
"metaheuristic","333","2000"
"micro grid","161","2004"
"microblog","32","2010"
"model-driven engineering","458","2003"
"multi-core systems","169","2005"
"multicore programming","198","2006"
"network lifetime","374","2002"
"ontology alignment","226","2005"
"ontology engineering","210","2000"
"ontology matching","247","2003"
"opinion mining","192","2003"
"p2p network","265","2002"
"phishing","143","2004"
"platform as a service (paas)","28","2010"
"privacy preservation","132","2004"
"private cloud","41","2010"
"semantic annotations","411","2002"
"semantic search","209","2003"
"semantic web services","234","2003"
"semantic web technology","441","2001"
"semi-supervised learning","373","2001"
"sentiment analysis","326","2005"
"separation logic","210","2004"
"service compositions","507","2002"
"service discovery","348","2000"
"service oriented computing","210","2003"
"service-oriented architecture","214","2003"
"smart power grids","437","2005"
"social media","554","2005"
"social tagging","122","2006"
"spectrum sensing","131","2006"
"technology enhanced learning","180","2005"
"user-generated content","180","2006"
"vehicular ad hoc networks","213","2004"
"virtualizations","513","2002"
"web 2.0","737","2006"
"web of datum","123","2007"
"wimax","290","2004"
"wireless sensor network","713","2001"
"zigbee","241","2004"
