"1","ontology","ontology-based","10","10","10"
"2","ontology","ontologies","10","10","10"
"3","semantics","information retrieval","374","438","4"
"4","semantics","artificial intelligence","374","945","15"
"5","semantics","user interfaces","374","1169","11"
"6","semantics","knowledge based systems","374","838","9"
"7","semantics","natural language processing systems","374","167","7"
"8","semantics","knowledge representation","374","342","10"
"9","semantics","software engineering","374","877","15"
"10","semantics","algorithms","374","7734","32"
"11","semantics","information technology","374","455","4"
"12","semantics","computational linguistics","374","619","87"
"13","semantics","database systems","374","1389","36"
"14","semantics","linguistics","374","159","32"
"15","semantics","information management","374","218","5"
"16","semantics","computer software","374","2599","33"
"17","semantics","design","374","286","4"
"18","semantics","standards","374","678","6"
"19","semantics","network protocols","374","1186","8"
"20","semantics","computer science","374","129","13"
"21","semantics","image processing","374","1460","4"
"22","semantics","optimization","374","2832","8"
"23","semantics","problem solving","374","1610","18"
"24","semantics","computational complexity","374","1994","15"
"25","semantics","neural networks","374","2392","7"
"26","semantics","mathematical models","374","7078","40"
"27","semantics","computer simulation","374","7474","31"
"28","semantics","graph theory","374","763","21"
"29","semantics","mathematical operators","374","343","6"
"30","semantics","formal languages","374","257","19"
"31","semantics","distributed computer systems","374","904","22"
"32","ontology-based","ontologies","10","10","10"
"33","information retrieval","world wide web","438","89","14"
"34","information retrieval","information theory","438","453","4"
"35","information retrieval","artificial intelligence","438","945","16"
"36","information retrieval","natural language processing systems","438","167","23"
"37","information retrieval","knowledge representation","438","342","16"
"38","information retrieval","information services","438","241","38"
"39","information retrieval","software engineering","438","877","10"
"40","information retrieval","internet","438","166","15"
"41","information retrieval","algorithms","438","7734","67"
"42","information retrieval","information technology","438","455","18"
"43","information retrieval","computational linguistics","438","619","27"
"44","information retrieval","interoperability","438","45","6"
"45","information retrieval","information science","438","75","7"
"46","information retrieval","database systems","438","1389","141"
"47","information retrieval","knowledge acquisition","438","191","5"
"48","information retrieval","linguistics","438","159","6"
"49","information retrieval","information management","438","218","28"
"50","information retrieval","learning systems","438","1038","17"
"51","information retrieval","education","438","558","4"
"52","information retrieval","computer software","438","2599","39"
"53","information retrieval","technology","438","683","9"
"54","information retrieval","design","438","286","4"
"55","information retrieval","cryptography","438","177","8"
"56","information retrieval","security of data","438","365","20"
"57","information retrieval","standards","438","678","9"
"58","information retrieval","network protocols","438","1186","17"
"59","information retrieval","image processing","438","1460","23"
"60","information retrieval","heuristic methods","438","498","4"
"61","information retrieval","optimization","438","2832","12"
"62","information retrieval","problem solving","438","1610","13"
"63","information retrieval","computational complexity","438","1994","10"
"64","information retrieval","mathematical models","438","7078","32"
"65","information retrieval","computer simulation","438","7474","58"
"66","information retrieval","graph theory","438","763","4"
"67","information retrieval","management information systems","438","262","11"
"68","information retrieval","distributed computer systems","438","904","15"
"69","information retrieval","telecommunication networks","438","435","5"
"70","world wide web","artificial intelligence","89","945","4"
"71","world wide web","information services","89","241","18"
"72","world wide web","software engineering","89","877","7"
"73","world wide web","internet","89","166","31"
"74","world wide web","information technology","89","455","17"
"75","world wide web","database systems","89","1389","24"
"76","world wide web","information management","89","218","13"
"77","world wide web","computer software","89","2599","30"
"78","world wide web","security of data","89","365","7"
"79","world wide web","network protocols","89","1186","24"
"80","world wide web","security","89","16","4"
"81","world wide web","computer science","89","129","5"
"82","world wide web","computer simulation","89","7474","7"
"83","world wide web","management information systems","89","262","6"
"84","world wide web","distributed computer systems","89","904","5"
"85","world wide web","telecommunication services","89","635","6"
"86","information theory","artificial intelligence","453","945","8"
"87","information theory","algorithms","453","7734","104"
"88","information theory","computational linguistics","453","619","9"
"89","information theory","information science","453","75","14"
"90","information theory","database systems","453","1389","8"
"91","information theory","linguistics","453","159","4"
"92","information theory","learning systems","453","1038","19"
"93","information theory","computer software","453","2599","4"
"94","information theory","integration","453","332","5"
"95","information theory","cryptography","453","177","15"
"96","information theory","security of data","453","365","10"
"97","information theory","network protocols","453","1186","8"
"98","information theory","image processing","453","1460","7"
"99","information theory","optimization","453","2832","50"
"100","information theory","problem solving","453","1610","17"
"101","information theory","computational complexity","453","1994","60"
"102","information theory","mathematical models","453","7078","80"
"103","information theory","computer simulation","453","7474","51"
"104","information theory","graph theory","453","763","15"
"105","information theory","mathematical operators","453","343","6"
"106","information theory","distributed computer systems","453","904","5"
"107","information theory","telecommunication networks","453","435","8"
"108","information theory","telecommunication services","453","635","5"
"109","artificial intelligence","natural language processing systems","945","167","36"
"110","artificial intelligence","knowledge representation","945","342","101"
"111","artificial intelligence","information services","945","241","8"
"112","artificial intelligence","knowledge engineering","945","95","28"
"113","artificial intelligence","software engineering","945","877","35"
"114","artificial intelligence","internet","945","166","5"
"115","artificial intelligence","algorithms","945","7734","152"
"116","artificial intelligence","information technology","945","455","20"
"117","artificial intelligence","computational linguistics","945","619","61"
"118","artificial intelligence","database systems","945","1389","65"
"119","artificial intelligence","knowledge acquisition","945","191","39"
"120","artificial intelligence","linguistics","945","159","8"
"121","artificial intelligence","natural language processing","945","10","6"
"122","artificial intelligence","information management","945","218","8"
"123","artificial intelligence","intelligent systems","945","14","9"
"124","artificial intelligence","learning systems","945","1038","116"
"125","artificial intelligence","research","945","773","6"
"126","artificial intelligence","computer software","945","2599","110"
"127","artificial intelligence","integration","945","332","6"
"128","artificial intelligence","technology","945","683","19"
"129","artificial intelligence","information analysis","945","49","4"
"130","artificial intelligence","design","945","286","5"
"131","artificial intelligence","security of data","945","365","6"
"132","artificial intelligence","standards","945","678","7"
"133","artificial intelligence","network protocols","945","1186","12"
"134","artificial intelligence","computer science","945","129","19"
"135","artificial intelligence","communication","945","200","8"
"136","artificial intelligence","image quality","945","564","4"
"137","artificial intelligence","image processing","945","1460","16"
"138","artificial intelligence","heuristic methods","945","498","30"
"139","artificial intelligence","optimization","945","2832","37"
"140","artificial intelligence","problem solving","945","1610","130"
"141","artificial intelligence","scheduling","945","555","26"
"142","artificial intelligence","simulated annealing","945","164","4"
"143","artificial intelligence","computational complexity","945","1994","60"
"144","artificial intelligence","mathematical models","945","7078","107"
"145","artificial intelligence","computer simulation","945","7474","219"
"146","artificial intelligence","graph theory","945","763","19"
"147","artificial intelligence","mathematical operators","945","343","4"
"148","artificial intelligence","management information systems","945","262","11"
"149","artificial intelligence","formal languages","945","257","20"
"150","artificial intelligence","distributed computer systems","945","904","25"
"151","artificial intelligence","telecommunication networks","945","435","4"
"152","user interfaces","natural language processing systems","1169","167","35"
"153","user interfaces","knowledge representation","1169","342","28"
"154","user interfaces","information services","1169","241","52"
"155","user interfaces","knowledge engineering","1169","95","7"
"156","user interfaces","software engineering","1169","877","109"
"157","user interfaces","internet","1169","166","35"
"158","user interfaces","algorithms","1169","7734","137"
"159","user interfaces","information technology","1169","455","82"
"160","user interfaces","computational linguistics","1169","619","50"
"161","user interfaces","interoperability","1169","45","8"
"162","user interfaces","information science","1169","75","4"
"163","user interfaces","database systems","1169","1389","222"
"164","user interfaces","knowledge acquisition","1169","191","13"
"165","user interfaces","linguistics","1169","159","7"
"166","user interfaces","information management","1169","218","52"
"167","user interfaces","learning systems","1169","1038","30"
"168","user interfaces","education","1169","558","10"
"169","user interfaces","computer software","1169","2599","286"
"170","user interfaces","technology","1169","683","35"
"171","user interfaces","information analysis","1169","49","6"
"172","user interfaces","design","1169","286","8"
"173","user interfaces","cryptography","1169","177","25"
"174","user interfaces","security of data","1169","365","81"
"175","user interfaces","access control","1169","21","6"
"176","user interfaces","authentication","1169","23","8"
"177","user interfaces","standards","1169","678","73"
"178","user interfaces","network protocols","1169","1186","147"
"179","user interfaces","security systems","1169","37","6"
"180","user interfaces","computer science","1169","129","11"
"181","user interfaces","communication","1169","200","5"
"182","user interfaces","image quality","1169","564","5"
"183","user interfaces","image processing","1169","1460","27"
"184","user interfaces","heuristic methods","1169","498","5"
"185","user interfaces","optimization","1169","2832","40"
"186","user interfaces","problem solving","1169","1610","40"
"187","user interfaces","scheduling","1169","555","17"
"188","user interfaces","computational complexity","1169","1994","30"
"189","user interfaces","mathematical models","1169","7078","91"
"190","user interfaces","computer simulation","1169","7474","233"
"191","user interfaces","graph theory","1169","763","7"
"192","user interfaces","management information systems","1169","262","43"
"193","user interfaces","formal languages","1169","257","12"
"194","user interfaces","models","1169","218","4"
"195","user interfaces","quality of service","1169","115","17"
"196","user interfaces","distributed computer systems","1169","904","94"
"197","user interfaces","telecommunication networks","1169","435","26"
"198","user interfaces","wireless networks","1169","25","4"
"199","user interfaces","telecommunication services","1169","635","89"
"200","user interfaces","mobile telecommunication systems","1169","203","19"
"201","user interfaces","mobile computing","1169","23","8"
"202","knowledge based systems","domain knowledge","838","12","4"
"203","knowledge based systems","natural language processing systems","838","167","33"
"204","knowledge based systems","knowledge representation","838","342","114"
"205","knowledge based systems","information services","838","241","6"
"206","knowledge based systems","knowledge engineering","838","95","34"
"207","knowledge based systems","software engineering","838","877","49"
"208","knowledge based systems","algorithms","838","7734","140"
"209","knowledge based systems","information technology","838","455","16"
"210","knowledge based systems","computational linguistics","838","619","72"
"211","knowledge based systems","database systems","838","1389","98"
"212","knowledge based systems","knowledge acquisition","838","191","90"
"213","knowledge based systems","linguistics","838","159","6"
"214","knowledge based systems","information management","838","218","12"
"215","knowledge based systems","learning systems","838","1038","137"
"216","knowledge based systems","education","838","558","7"
"217","knowledge based systems","computer software","838","2599","88"
"218","knowledge based systems","integration","838","332","7"
"219","knowledge based systems","technology","838","683","13"
"220","knowledge based systems","information analysis","838","49","7"
"221","knowledge based systems","design","838","286","9"
"222","knowledge based systems","standards","838","678","9"
"223","knowledge based systems","network protocols","838","1186","13"
"224","knowledge based systems","computer science","838","129","4"
"225","knowledge based systems","image processing","838","1460","14"
"226","knowledge based systems","heuristic methods","838","498","22"
"227","knowledge based systems","optimization","838","2832","43"
"228","knowledge based systems","problem solving","838","1610","112"
"229","knowledge based systems","scheduling","838","555","15"
"230","knowledge based systems","computational complexity","838","1994","55"
"231","knowledge based systems","heuristic programming","838","89","11"
"232","knowledge based systems","mathematical models","838","7078","131"
"233","knowledge based systems","computer simulation","838","7474","191"
"234","knowledge based systems","graph theory","838","763","17"
"235","knowledge based systems","mathematical operators","838","343","11"
"236","knowledge based systems","management information systems","838","262","16"
"237","knowledge based systems","formal languages","838","257","16"
"238","knowledge based systems","distributed computer systems","838","904","19"
"239","natural language processing systems","knowledge representation","167","342","24"
"240","natural language processing systems","software engineering","167","877","6"
"241","natural language processing systems","algorithms","167","7734","28"
"242","natural language processing systems","information technology","167","455","5"
"243","natural language processing systems","computational linguistics","167","619","48"
"244","natural language processing systems","database systems","167","1389","29"
"245","natural language processing systems","knowledge acquisition","167","191","10"
"246","natural language processing systems","linguistics","167","159","14"
"247","natural language processing systems","natural language processing","167","10","8"
"248","natural language processing systems","information management","167","218","8"
"249","natural language processing systems","learning systems","167","1038","22"
"250","natural language processing systems","computer software","167","2599","18"
"251","natural language processing systems","heuristic methods","167","498","4"
"252","natural language processing systems","problem solving","167","1610","15"
"253","natural language processing systems","computational complexity","167","1994","9"
"254","natural language processing systems","mathematical models","167","7078","17"
"255","natural language processing systems","computer simulation","167","7474","26"
"256","natural language processing systems","graph theory","167","763","5"
"257","natural language processing systems","management information systems","167","262","4"
"258","natural language processing systems","formal languages","167","257","10"
"259","information systems","information services","307","241","11"
"260","information systems","software engineering","307","877","7"
"261","information systems","internet","307","166","5"
"262","information systems","algorithms","307","7734","14"
"263","information systems","information technology","307","455","39"
"264","information systems","information science","307","75","22"
"265","information systems","database systems","307","1389","13"
"266","information systems","information management","307","218","8"
"267","information systems","learning systems","307","1038","4"
"268","information systems","education","307","558","12"
"269","information systems","research","307","773","14"
"270","information systems","computer software","307","2599","23"
"271","information systems","technology","307","683","14"
"272","information systems","security of data","307","365","4"
"273","information systems","standards","307","678","6"
"274","information systems","computer science","307","129","10"
"275","information systems","communication","307","200","4"
"276","information systems","image processing","307","1460","8"
"277","information systems","problem solving","307","1610","6"
"278","information systems","mathematical models","307","7078","4"
"279","information systems","computer simulation","307","7474","28"
"280","information systems","decision support systems","307","352","21"
"281","information systems","management information systems","307","262","28"
"282","knowledge representation","knowledge engineering","342","95","10"
"283","knowledge representation","software engineering","342","877","7"
"284","knowledge representation","algorithms","342","7734","51"
"285","knowledge representation","information technology","342","455","7"
"286","knowledge representation","computational linguistics","342","619","48"
"287","knowledge representation","database systems","342","1389","36"
"288","knowledge representation","knowledge acquisition","342","191","47"
"289","knowledge representation","information management","342","218","4"
"290","knowledge representation","learning systems","342","1038","47"
"291","knowledge representation","computer software","342","2599","30"
"292","knowledge representation","integration","342","332","4"
"293","knowledge representation","network protocols","342","1186","5"
"294","knowledge representation","image processing","342","1460","6"
"295","knowledge representation","heuristic methods","342","498","7"
"296","knowledge representation","optimization","342","2832","11"
"297","knowledge representation","problem solving","342","1610","48"
"298","knowledge representation","computational complexity","342","1994","27"
"299","knowledge representation","mathematical models","342","7078","45"
"300","knowledge representation","computer simulation","342","7474","62"
"301","knowledge representation","graph theory","342","763","9"
"302","knowledge representation","formal languages","342","257","16"
"303","information services","software engineering","241","877","4"
"304","information services","internet","241","166","25"
"305","information services","algorithms","241","7734","16"
"306","information services","information technology","241","455","52"
"307","information services","interoperability","241","45","4"
"308","information services","database systems","241","1389","42"
"309","information services","information management","241","218","15"
"310","information services","learning systems","241","1038","4"
"311","information services","education","241","558","10"
"312","information services","research","241","773","7"
"313","information services","computer software","241","2599","48"
"314","information services","technology","241","683","15"
"315","information services","security of data","241","365","21"
"316","information services","standards","241","678","10"
"317","information services","network protocols","241","1186","29"
"318","information services","optimization","241","2832","4"
"319","information services","mathematical models","241","7078","8"
"320","information services","computer simulation","241","7474","15"
"321","information services","management information systems","241","262","15"
"322","information services","quality of service","241","115","4"
"323","information services","distributed computer systems","241","904","17"
"324","information services","telecommunication networks","241","435","14"
"325","information services","telecommunication services","241","635","42"
"326","information services","mobile telecommunication systems","241","203","4"
"327","knowledge engineering","software engineering","95","877","7"
"328","knowledge engineering","algorithms","95","7734","9"
"329","knowledge engineering","computational linguistics","95","619","5"
"330","knowledge engineering","database systems","95","1389","10"
"331","knowledge engineering","knowledge acquisition","95","191","16"
"332","knowledge engineering","learning systems","95","1038","12"
"333","knowledge engineering","computer software","95","2599","9"
"334","knowledge engineering","heuristic methods","95","498","8"
"335","knowledge engineering","problem solving","95","1610","19"
"336","knowledge engineering","mathematical models","95","7078","20"
"337","knowledge engineering","computer simulation","95","7474","16"
"338","metadata","database systems","12","1389","6"
"339","software engineering","algorithms","877","7734","85"
"340","software engineering","information technology","877","455","39"
"341","software engineering","computational linguistics","877","619","42"
"342","software engineering","database systems","877","1389","77"
"343","software engineering","knowledge acquisition","877","191","14"
"344","software engineering","information management","877","218","11"
"345","software engineering","learning systems","877","1038","9"
"346","software engineering","education","877","558","8"
"347","software engineering","computer software","877","2599","348"
"348","software engineering","integration","877","332","4"
"349","software engineering","technology","877","683","21"
"350","software engineering","design","877","286","10"
"351","software engineering","security of data","877","365","14"
"352","software engineering","standards","877","678","66"
"353","software engineering","network protocols","877","1186","31"
"354","software engineering","computer science","877","129","15"
"355","software engineering","image processing","877","1460","4"
"356","software engineering","heuristic methods","877","498","5"
"357","software engineering","optimization","877","2832","40"
"358","software engineering","problem solving","877","1610","43"
"359","software engineering","scheduling","877","555","30"
"360","software engineering","computational complexity","877","1994","38"
"361","software engineering","mathematical models","877","7078","81"
"362","software engineering","computer simulation","877","7474","160"
"363","software engineering","graph theory","877","763","18"
"364","software engineering","management information systems","877","262","12"
"365","software engineering","formal languages","877","257","37"
"366","software engineering","models","877","218","5"
"367","software engineering","distributed computer systems","877","904","65"
"368","software engineering","telecommunication networks","877","435","8"
"369","software engineering","telecommunication services","877","635","7"
"370","multi agent systems","learning systems","13","1038","6"
"371","multi agent systems","computer software","13","2599","4"
"372","multi agent systems","problem solving","13","1610","9"
"373","multi agent systems","computer simulation","13","7474","9"
"374","multi agent systems","distributed computer systems","13","904","4"
"375","internet","algorithms","166","7734","10"
"376","internet","information technology","166","455","16"
"377","internet","database systems","166","1389","23"
"378","internet","information management","166","218","9"
"379","internet","education","166","558","9"
"380","internet","computer software","166","2599","37"
"381","internet","technology","166","683","6"
"382","internet","cryptography","166","177","12"
"383","internet","security of data","166","365","27"
"384","internet","standards","166","678","7"
"385","internet","network protocols","166","1186","47"
"386","internet","image processing","166","1460","4"
"387","internet","computer simulation","166","7474","4"
"388","internet","distributed computer systems","166","904","10"
"389","internet","telecommunication networks","166","435","7"
"390","internet","telecommunication services","166","635","17"
"391","algorithms","information technology","7734","455","18"
"392","algorithms","computational linguistics","7734","619","133"
"393","algorithms","information science","7734","75","6"
"394","algorithms","database systems","7734","1389","280"
"395","algorithms","information management","7734","218","19"
"396","algorithms","learning systems","7734","1038","246"
"397","algorithms","computer software","7734","2599","428"
"398","algorithms","integration","7734","332","72"
"399","algorithms","information analysis","7734","49","5"
"400","algorithms","design","7734","286","26"
"401","algorithms","cryptography","7734","177","57"
"402","algorithms","security of data","7734","365","57"
"403","algorithms","standards","7734","678","75"
"404","algorithms","network protocols","7734","1186","172"
"405","algorithms","computer science","7734","129","20"
"406","algorithms","communication","7734","200","5"
"407","algorithms","image quality","7734","564","189"
"408","algorithms","image processing","7734","1460","470"
"409","algorithms","heuristic methods","7734","498","249"
"410","algorithms","optimization","7734","2832","1033"
"411","algorithms","problem solving","7734","1610","459"
"412","algorithms","scheduling","7734","555","207"
"413","algorithms","simulated annealing","7734","164","70"
"414","algorithms","computational complexity","7734","1994","924"
"415","algorithms","integer programming","7734","90","33"
"416","algorithms","benchmarking","7734","33","4"
"417","algorithms","global optimization","7734","17","6"
"418","algorithms","data sets","7734","0","9"
"419","algorithms","mathematical models","7734","7078","1784"
"420","algorithms","computer simulation","7734","7474","1666"
"421","algorithms","graph theory","7734","763","359"
"422","algorithms","mathematical operators","7734","343","97"
"423","algorithms","combinatorial mathematics","7734","168","67"
"424","algorithms","quality of service","7734","115","30"
"425","algorithms","distributed computer systems","7734","904","226"
"426","algorithms","telecommunication networks","7734","435","73"
"427","algorithms","mobile telecommunication systems","7734","203","26"
"428","information technology","computational linguistics","455","619","6"
"429","information technology","information science","455","75","9"
"430","information technology","database systems","455","1389","62"
"431","information technology","information management","455","218","43"
"432","information technology","learning systems","455","1038","8"
"433","information technology","education","455","558","15"
"434","information technology","computer software","455","2599","107"
"435","information technology","integration","455","332","4"
"436","information technology","technology","455","683","22"
"437","information technology","information analysis","455","49","6"
"438","information technology","cryptography","455","177","12"
"439","information technology","security of data","455","365","39"
"440","information technology","access control","455","21","6"
"441","information technology","standards","455","678","49"
"442","information technology","network protocols","455","1186","47"
"443","information technology","security","455","16","6"
"444","information technology","computer science","455","129","10"
"445","information technology","communication","455","200","6"
"446","information technology","image processing","455","1460","4"
"447","information technology","optimization","455","2832","5"
"448","information technology","problem solving","455","1610","14"
"449","information technology","scheduling","455","555","4"
"450","information technology","mathematical models","455","7078","21"
"451","information technology","computer simulation","455","7474","45"
"452","information technology","management information systems","455","262","34"
"453","information technology","quality of service","455","115","4"
"454","information technology","distributed computer systems","455","904","32"
"455","information technology","telecommunication networks","455","435","23"
"456","information technology","telecommunication services","455","635","41"
"457","information technology","mobile telecommunication systems","455","203","9"
"458","computational linguistics","interoperability","619","45","5"
"459","computational linguistics","information science","619","75","6"
"460","computational linguistics","database systems","619","1389","116"
"461","computational linguistics","knowledge acquisition","619","191","13"
"462","computational linguistics","linguistics","619","159","7"
"463","computational linguistics","information management","619","218","6"
"464","computational linguistics","learning systems","619","1038","35"
"465","computational linguistics","computer software","619","2599","77"
"466","computational linguistics","integration","619","332","6"
"467","computational linguistics","technology","619","683","8"
"468","computational linguistics","information analysis","619","49","4"
"469","computational linguistics","security of data","619","365","9"
"470","computational linguistics","standards","619","678","15"
"471","computational linguistics","network protocols","619","1186","25"
"472","computational linguistics","computer science","619","129","9"
"473","computational linguistics","image processing","619","1460","11"
"474","computational linguistics","heuristic methods","619","498","11"
"475","computational linguistics","optimization","619","2832","28"
"476","computational linguistics","problem solving","619","1610","26"
"477","computational linguistics","scheduling","619","555","5"
"478","computational linguistics","computational complexity","619","1994","53"
"479","computational linguistics","mathematical models","619","7078","98"
"480","computational linguistics","computer simulation","619","7474","145"
"481","computational linguistics","graph theory","619","763","22"
"482","computational linguistics","mathematical operators","619","343","15"
"483","computational linguistics","management information systems","619","262","5"
"484","computational linguistics","formal languages","619","257","50"
"485","computational linguistics","distributed computer systems","619","904","35"
"486","interoperability","database systems","45","1389","10"
"487","interoperability","information management","45","218","6"
"488","interoperability","computer software","45","2599","14"
"489","interoperability","technology","45","683","8"
"490","interoperability","security of data","45","365","4"
"491","interoperability","standards","45","678","12"
"492","interoperability","network protocols","45","1186","13"
"493","interoperability","computer simulation","45","7474","6"
"494","interoperability","distributed computer systems","45","904","4"
"495","interoperability","telecommunication services","45","635","6"
"496","information science","computer software","75","2599","11"
"497","information science","information analysis","75","49","4"
"498","information science","computer science","75","129","8"
"499","information science","problem solving","75","1610","6"
"500","information science","mathematical models","75","7078","5"
"501","information science","computer simulation","75","7474","11"
"502","information science","management information systems","75","262","9"
"503","database systems","knowledge acquisition","1389","191","22"
"504","database systems","linguistics","1389","159","12"
"505","database systems","information management","1389","218","62"
"506","database systems","learning systems","1389","1038","73"
"507","database systems","education","1389","558","4"
"508","database systems","computer software","1389","2599","246"
"509","database systems","integration","1389","332","10"
"510","database systems","technology","1389","683","28"
"511","database systems","information analysis","1389","49","11"
"512","database systems","design","1389","286","11"
"513","database systems","cryptography","1389","177","10"
"514","database systems","security of data","1389","365","61"
"515","database systems","standards","1389","678","52"
"516","database systems","network protocols","1389","1186","83"
"517","database systems","security systems","1389","37","6"
"518","database systems","computer science","1389","129","12"
"519","database systems","image quality","1389","564","13"
"520","database systems","image processing","1389","1460","64"
"521","database systems","heuristic methods","1389","498","28"
"522","database systems","optimization","1389","2832","81"
"523","database systems","problem solving","1389","1610","42"
"524","database systems","scheduling","1389","555","31"
"525","database systems","computational complexity","1389","1994","75"
"526","database systems","data sets","1389","0","4"
"527","database systems","mathematical models","1389","7078","199"
"528","database systems","computer simulation","1389","7474","261"
"529","database systems","graph theory","1389","763","32"
"530","database systems","mathematical operators","1389","343","10"
"531","database systems","management information systems","1389","262","53"
"532","database systems","formal languages","1389","257","20"
"533","database systems","models","1389","218","7"
"534","database systems","quality of service","1389","115","4"
"535","database systems","distributed computer systems","1389","904","69"
"536","database systems","telecommunication networks","1389","435","16"
"537","database systems","telecommunication services","1389","635","21"
"538","database systems","mobile telecommunication systems","1389","203","14"
"539","knowledge acquisition","learning systems","191","1038","52"
"540","knowledge acquisition","computer software","191","2599","25"
"541","knowledge acquisition","image processing","191","1460","4"
"542","knowledge acquisition","heuristic methods","191","498","9"
"543","knowledge acquisition","problem solving","191","1610","32"
"544","knowledge acquisition","scheduling","191","555","6"
"545","knowledge acquisition","computational complexity","191","1994","7"
"546","knowledge acquisition","mathematical models","191","7078","23"
"547","knowledge acquisition","computer simulation","191","7474","33"
"548","knowledge acquisition","formal languages","191","257","7"
"549","linguistics","learning systems","159","1038","6"
"550","linguistics","communication","159","200","10"
"551","linguistics","optimization","159","2832","4"
"552","linguistics","problem solving","159","1610","7"
"553","linguistics","computational complexity","159","1994","4"
"554","linguistics","mathematical models","159","7078","26"
"555","linguistics","computer simulation","159","7474","11"
"556","linguistics","formal languages","159","257","6"
"557","information management","computer software","218","2599","42"
"558","information management","cryptography","218","177","7"
"559","information management","network security","218","8","4"
"560","information management","security of data","218","365","32"
"561","information management","standards","218","678","19"
"562","information management","network protocols","218","1186","34"
"563","information management","optimization","218","2832","6"
"564","information management","problem solving","218","1610","10"
"565","information management","scheduling","218","555","6"
"566","information management","mathematical models","218","7078","10"
"567","information management","computer simulation","218","7474","29"
"568","information management","management information systems","218","262","30"
"569","information management","quality of service","218","115","4"
"570","information management","distributed computer systems","218","904","28"
"571","information management","telecommunication networks","218","435","15"
"572","information management","telecommunication services","218","635","11"
"573","learning systems","education","1038","558","8"
"574","learning systems","computer software","1038","2599","47"
"575","learning systems","integration","1038","332","5"
"576","learning systems","technology","1038","683","8"
"577","learning systems","network protocols","1038","1186","5"
"578","learning systems","image quality","1038","564","9"
"579","learning systems","image processing","1038","1460","37"
"580","learning systems","heuristic methods","1038","498","24"
"581","learning systems","optimization","1038","2832","100"
"582","learning systems","problem solving","1038","1610","89"
"583","learning systems","scheduling","1038","555","7"
"584","learning systems","computational complexity","1038","1994","70"
"585","learning systems","mathematical models","1038","7078","213"
"586","learning systems","computer simulation","1038","7474","280"
"587","learning systems","graph theory","1038","763","19"
"588","learning systems","formal languages","1038","257","9"
"589","learning systems","distributed computer systems","1038","904","6"
"590","semantic information","semantic similarity","6","6","6"
"591","education","research","558","773","35"
"592","education","computer software","558","2599","20"
"593","education","technology","558","683","22"
"594","education","standards","558","678","5"
"595","education","computer science","558","129","14"
"596","education","communication","558","200","12"
"597","education","problem solving","558","1610","8"
"598","education","computer simulation","558","7474","16"
"599","education","management information systems","558","262","4"
"600","research","computer software","773","2599","8"
"601","research","technology","773","683","29"
"602","research","computer science","773","129","4"
"603","research","communication","773","200","7"
"604","research","mathematical models","773","7078","4"
"605","research","computer simulation","773","7474","11"
"606","computer software","integration","2599","332","16"
"607","computer software","technology","2599","683","80"
"608","computer software","information analysis","2599","49","8"
"609","computer software","design","2599","286","23"
"610","computer software","cryptography","2599","177","16"
"611","computer software","security of data","2599","365","74"
"612","computer software","authentication","2599","23","6"
"613","computer software","standards","2599","678","110"
"614","computer software","network protocols","2599","1186","189"
"615","computer software","security systems","2599","37","5"
"616","computer software","computer science","2599","129","22"
"617","computer software","communication","2599","200","7"
"618","computer software","image quality","2599","564","17"
"619","computer software","image processing","2599","1460","51"
"620","computer software","heuristic methods","2599","498","25"
"621","computer software","optimization","2599","2832","144"
"622","computer software","problem solving","2599","1610","110"
"623","computer software","scheduling","2599","555","56"
"624","computer software","computational complexity","2599","1994","115"
"625","computer software","mathematical models","2599","7078","304"
"626","computer software","computer simulation","2599","7474","724"
"627","computer software","graph theory","2599","763","60"
"628","computer software","management information systems","2599","262","51"
"629","computer software","formal languages","2599","257","26"
"630","computer software","models","2599","218","15"
"631","computer software","quality of service","2599","115","12"
"632","computer software","distributed computer systems","2599","904","173"
"633","computer software","telecommunication networks","2599","435","38"
"634","computer software","telecommunication services","2599","635","53"
"635","computer software","mobile telecommunication systems","2599","203","15"
"636","integration","network protocols","332","1186","4"
"637","integration","image processing","332","1460","13"
"638","integration","optimization","332","2832","25"
"639","integration","problem solving","332","1610","24"
"640","integration","computational complexity","332","1994","9"
"641","integration","mathematical models","332","7078","110"
"642","integration","computer simulation","332","7474","69"
"643","integration","mathematical operators","332","343","10"
"644","technology","design","683","286","7"
"645","technology","security of data","683","365","4"
"646","technology","standards","683","678","42"
"647","technology","network protocols","683","1186","24"
"648","technology","computer science","683","129","7"
"649","technology","communication","683","200","20"
"650","technology","image quality","683","564","5"
"651","technology","image processing","683","1460","8"
"652","technology","optimization","683","2832","12"
"653","technology","problem solving","683","1610","16"
"654","technology","mathematical models","683","7078","19"
"655","technology","computer simulation","683","7474","58"
"656","technology","management information systems","683","262","9"
"657","technology","models","683","218","4"
"658","technology","quality of service","683","115","4"
"659","technology","distributed computer systems","683","904","17"
"660","technology","telecommunication networks","683","435","16"
"661","technology","telecommunication services","683","635","58"
"662","information analysis","problem solving","49","1610","7"
"663","information analysis","computer simulation","49","7474","6"
"664","information analysis","management information systems","49","262","5"
"665","design","standards","286","678","7"
"666","design","image processing","286","1460","8"
"667","design","heuristic methods","286","498","4"
"668","design","optimization","286","2832","28"
"669","design","problem solving","286","1610","6"
"670","design","mathematical models","286","7078","47"
"671","design","computer simulation","286","7474","31"
"672","design","models","286","218","9"
"673","design","distributed computer systems","286","904","4"
"674","cryptography","network security","177","8","5"
"675","cryptography","security of data","177","365","123"
"676","cryptography","access control","177","21","7"
"677","cryptography","authentication","177","23","14"
"678","cryptography","standards","177","678","12"
"679","cryptography","network protocols","177","1186","45"
"680","cryptography","security systems","177","37","6"
"681","cryptography","computer science","177","129","5"
"682","cryptography","optimization","177","2832","6"
"683","cryptography","problem solving","177","1610","6"
"684","cryptography","computational complexity","177","1994","19"
"685","cryptography","mathematical models","177","7078","15"
"686","cryptography","computer simulation","177","7474","8"
"687","cryptography","distributed computer systems","177","904","14"
"688","cryptography","telecommunication networks","177","435","4"
"689","cryptography","telecommunication services","177","635","7"
"690","cryptography","mobile telecommunication systems","177","203","7"
"691","network security","security of data","8","365","8"
"692","network security","network protocols","8","1186","6"
"693","security of data","access control","365","21","12"
"694","security of data","authentication","365","23","17"
"695","security of data","standards","365","678","23"
"696","security of data","network protocols","365","1186","94"
"697","security of data","security systems","365","37","19"
"698","security of data","security","365","16","12"
"699","security of data","optimization","365","2832","8"
"700","security of data","problem solving","365","1610","4"
"701","security of data","computational complexity","365","1994","14"
"702","security of data","mathematical models","365","7078","25"
"703","security of data","computer simulation","365","7474","28"
"704","security of data","management information systems","365","262","16"
"705","security of data","formal languages","365","257","7"
"706","security of data","distributed computer systems","365","904","42"
"707","security of data","telecommunication networks","365","435","14"
"708","security of data","telecommunication services","365","635","20"
"709","security of data","mobile telecommunication systems","365","203","12"
"710","access control","security","21","16","7"
"711","access control","distributed computer systems","21","904","4"
"712","authentication","network protocols","23","1186","12"
"713","authentication","distributed computer systems","23","904","6"
"714","standards","network protocols","678","1186","94"
"715","standards","image quality","678","564","23"
"716","standards","image processing","678","1460","12"
"717","standards","optimization","678","2832","23"
"718","standards","scheduling","678","555","4"
"719","standards","computational complexity","678","1994","11"
"720","standards","benchmarking","678","33","4"
"721","standards","mathematical models","678","7078","47"
"722","standards","computer simulation","678","7474","95"
"723","standards","management information systems","678","262","15"
"724","standards","models","678","218","5"
"725","standards","quality of service","678","115","5"
"726","standards","distributed computer systems","678","904","41"
"727","standards","telecommunication networks","678","435","31"
"728","standards","telecommunication services","678","635","62"
"729","standards","mobile telecommunication systems","678","203","13"
"730","network protocols","security systems","1186","37","5"
"731","network protocols","communication","1186","200","6"
"732","network protocols","image processing","1186","1460","4"
"733","network protocols","heuristic methods","1186","498","7"
"734","network protocols","optimization","1186","2832","46"
"735","network protocols","problem solving","1186","1610","16"
"736","network protocols","scheduling","1186","555","30"
"737","network protocols","computational complexity","1186","1994","51"
"738","network protocols","mathematical models","1186","7078","132"
"739","network protocols","computer simulation","1186","7474","274"
"740","network protocols","graph theory","1186","763","22"
"741","network protocols","management information systems","1186","262","31"
"742","network protocols","formal languages","1186","257","17"
"743","network protocols","models","1186","218","5"
"744","network protocols","quality of service","1186","115","37"
"745","network protocols","distributed computer systems","1186","904","238"
"746","network protocols","telecommunication networks","1186","435","79"
"747","network protocols","telecommunication services","1186","635","156"
"748","network protocols","network architecture","1186","33","5"
"749","network protocols","mobile telecommunication systems","1186","203","45"
"750","network protocols","mobile computing","1186","23","4"
"751","security","distributed computer systems","16","904","4"
"752","computer science","optimization","129","2832","4"
"753","computer science","problem solving","129","1610","13"
"754","computer science","computational complexity","129","1994","11"
"755","computer science","mathematical models","129","7078","25"
"756","computer science","computer simulation","129","7474","23"
"757","computer science","graph theory","129","763","8"
"758","computer science","mathematical operators","129","343","4"
"759","computer science","management information systems","129","262","7"
"760","computer science","formal languages","129","257","9"
"761","computer science","distributed computer systems","129","904","4"
"762","communication","problem solving","200","1610","7"
"763","communication","mathematical models","200","7078","5"
"764","communication","computer simulation","200","7474","13"
"765","communication","distributed computer systems","200","904","4"
"766","image quality","image processing","564","1460","120"
"767","image quality","optimization","564","2832","36"
"768","image quality","computational complexity","564","1994","34"
"769","image quality","mathematical models","564","7078","95"
"770","image quality","computer simulation","564","7474","68"
"771","image quality","mathematical operators","564","343","10"
"772","image processing","optimization","1460","2832","101"
"773","image processing","problem solving","1460","1610","25"
"774","image processing","computational complexity","1460","1994","74"
"775","image processing","mathematical models","1460","7078","245"
"776","image processing","computer simulation","1460","7474","200"
"777","image processing","graph theory","1460","763","12"
"778","image processing","mathematical operators","1460","343","31"
"779","heuristic methods","optimization","498","2832","140"
"780","heuristic methods","problem solving","498","1610","92"
"781","heuristic methods","scheduling","498","555","64"
"782","heuristic methods","simulated annealing","498","164","20"
"783","heuristic methods","computational complexity","498","1994","119"
"784","heuristic methods","integer programming","498","90","14"
"785","heuristic methods","traveling salesman problem","498","30","5"
"786","heuristic methods","heuristic programming","498","89","10"
"787","heuristic methods","mathematical models","498","7078","132"
"788","heuristic methods","computer simulation","498","7474","98"
"789","heuristic methods","graph theory","498","763","60"
"790","heuristic methods","mathematical operators","498","343","7"
"791","heuristic methods","combinatorial mathematics","498","168","23"
"792","heuristic methods","distributed computer systems","498","904","18"
"793","heuristic methods","telecommunication networks","498","435","13"
"794","optimization","problem solving","2832","1610","304"
"795","optimization","scheduling","2832","555","142"
"796","optimization","simulated annealing","2832","164","65"
"797","optimization","computational complexity","2832","1994","327"
"798","optimization","integer programming","2832","90","34"
"799","optimization","global optimization","2832","17","10"
"800","optimization","constrained optimization","2832","12","7"
"801","optimization","mathematical models","2832","7078","786"
"802","optimization","computer simulation","2832","7474","585"
"803","optimization","graph theory","2832","763","144"
"804","optimization","mathematical operators","2832","343","46"
"805","optimization","combinatorial mathematics","2832","168","76"
"806","optimization","models","2832","218","5"
"807","optimization","quality of service","2832","115","4"
"808","optimization","distributed computer systems","2832","904","67"
"809","optimization","telecommunication networks","2832","435","38"
"810","optimization","mobile telecommunication systems","2832","203","7"
"811","combinatorial optimization","genetic algorithms","40","364","6"
"812","combinatorial optimization","problem solving","40","1610","11"
"813","combinatorial optimization","simulated annealing","40","164","10"
"814","combinatorial optimization","combinatorial optimization problems","40","40","40"
"815","combinatorial optimization","computational complexity","40","1994","12"
"816","combinatorial optimization","genetic algorithm","40","364","6"
"817","combinatorial optimization","traveling salesman problem","40","30","5"
"818","combinatorial optimization","neural networks","40","2392","13"
"819","combinatorial optimization","mathematical models","40","7078","4"
"820","combinatorial optimization","computer simulation","40","7474","9"
"821","combinatorial optimization","graph theory","40","763","7"
"822","combinatorial optimization","combinatorial mathematics","40","168","26"
"823","genetic algorithms","problem solving","364","1610","59"
"824","genetic algorithms","scheduling","364","555","26"
"825","genetic algorithms","simulated annealing","364","164","25"
"826","genetic algorithms","learning algorithms","364","490","15"
"827","genetic algorithms","computational complexity","364","1994","43"
"828","genetic algorithms","genetic algorithm","364","364","364"
"829","genetic algorithms","traveling salesman problem","364","30","6"
"830","genetic algorithms","objective functions","364","44","6"
"831","genetic algorithms","mathematical models","364","7078","61"
"832","genetic algorithms","computer simulation","364","7474","81"
"833","genetic algorithms","graph theory","364","763","7"
"834","genetic algorithms","mathematical operators","364","343","22"
"835","genetic algorithms","combinatorial mathematics","364","168","14"
"836","genetic algorithms","decision support systems","364","352","4"
"837","genetic algorithms","distributed computer systems","364","904","4"
"838","genetic algorithms","telecommunication networks","364","435","4"
"839","problem solving","scheduling","1610","555","65"
"840","problem solving","simulated annealing","1610","164","24"
"841","problem solving","computational complexity","1610","1994","204"
"842","problem solving","integer programming","1610","90","17"
"843","problem solving","traveling salesman problem","1610","30","17"
"844","problem solving","mathematical models","1610","7078","368"
"845","problem solving","computer simulation","1610","7474","275"
"846","problem solving","graph theory","1610","763","84"
"847","problem solving","mathematical operators","1610","343","32"
"848","problem solving","combinatorial mathematics","1610","168","45"
"849","problem solving","formal languages","1610","257","13"
"850","problem solving","distributed computer systems","1610","904","35"
"851","problem solving","telecommunication networks","1610","435","11"
"852","scheduling","simulated annealing","555","164","16"
"853","scheduling","computational complexity","555","1994","74"
"854","scheduling","integer programming","555","90","20"
"855","scheduling","heuristic programming","555","89","11"
"856","scheduling","mathematical models","555","7078","113"
"857","scheduling","computer simulation","555","7474","148"
"858","scheduling","graph theory","555","763","31"
"859","scheduling","combinatorial mathematics","555","168","9"
"860","scheduling","management information systems","555","262","10"
"861","scheduling","quality of service","555","115","9"
"862","scheduling","distributed computer systems","555","904","36"
"863","scheduling","telecommunication networks","555","435","7"
"864","scheduling","telecommunication services","555","635","8"
"865","simulated annealing","computational complexity","164","1994","28"
"866","simulated annealing","traveling salesman problem","164","30","5"
"867","simulated annealing","mathematical models","164","7078","39"
"868","simulated annealing","computer simulation","164","7474","22"
"869","simulated annealing","graph theory","164","763","17"
"870","simulated annealing","combinatorial mathematics","164","168","20"
"871","simulated annealing","distributed computer systems","164","904","6"
"872","tabu search","computational complexity","9","1994","4"
"873","combinatorial optimization problems","computational complexity","40","1994","12"
"874","combinatorial optimization problems","genetic algorithm","40","364","6"
"875","combinatorial optimization problems","traveling salesman problem","40","30","5"
"876","combinatorial optimization problems","neural networks","40","2392","13"
"877","combinatorial optimization problems","mathematical models","40","7078","4"
"878","combinatorial optimization problems","computer simulation","40","7474","9"
"879","combinatorial optimization problems","graph theory","40","763","7"
"880","combinatorial optimization problems","combinatorial mathematics","40","168","26"
"881","learning algorithms","computational complexity","490","1994","40"
"882","learning algorithms","genetic algorithm","490","364","15"
"883","learning algorithms","neural networks","490","2392","318"
"884","learning algorithms","mathematical models","490","7078","97"
"885","learning algorithms","computer simulation","490","7474","133"
"886","learning algorithms","graph theory","490","763","8"
"887","learning algorithms","mathematical operators","490","343","6"
"888","computational complexity","integer programming","1994","90","15"
"889","computational complexity","traveling salesman problem","1994","30","10"
"890","computational complexity","cellular automata","1994","23","5"
"891","computational complexity","heuristic programming","1994","89","24"
"892","computational complexity","mathematical models","1994","7078","438"
"893","computational complexity","computer simulation","1994","7474","369"
"894","computational complexity","graph theory","1994","763","160"
"895","computational complexity","mathematical operators","1994","343","32"
"896","computational complexity","combinatorial mathematics","1994","168","55"
"897","computational complexity","formal languages","1994","257","33"
"898","computational complexity","quality of service","1994","115","6"
"899","computational complexity","distributed computer systems","1994","904","80"
"900","computational complexity","telecommunication networks","1994","435","23"
"901","computational complexity","telecommunication services","1994","635","10"
"902","genetic algorithm","traveling salesman problem","364","30","6"
"903","genetic algorithm","objective functions","364","44","6"
"904","genetic algorithm","mathematical models","364","7078","61"
"905","genetic algorithm","computer simulation","364","7474","81"
"906","genetic algorithm","graph theory","364","763","7"
"907","genetic algorithm","mathematical operators","364","343","22"
"908","genetic algorithm","combinatorial mathematics","364","168","14"
"909","genetic algorithm","decision support systems","364","352","4"
"910","genetic algorithm","distributed computer systems","364","904","4"
"911","genetic algorithm","telecommunication networks","364","435","4"
"912","integer programming","mathematical models","90","7078","26"
"913","integer programming","computer simulation","90","7474","13"
"914","integer programming","graph theory","90","763","11"
"915","integer programming","combinatorial mathematics","90","168","8"
"916","integer programming","distributed computer systems","90","904","4"
"917","integer programming","telecommunication networks","90","435","4"
"918","benchmarking","mathematical models","33","7078","7"
"919","benchmarking","computer simulation","33","7474","4"
"920","benchmarking","distributed computer systems","33","904","4"
"921","traveling salesman problem","mathematical models","30","7078","8"
"922","traveling salesman problem","graph theory","30","763","4"
"923","traveling salesman problem","combinatorial mathematics","30","168","7"
"924","routing algorithms","computer simulation","39","7474","5"
"925","routing algorithms","telecommunication networks","39","435","6"
"926","neural networks","mathematical models","2392","7078","524"
"927","neural networks","computer simulation","2392","7474","578"
"928","neural networks","graph theory","2392","763","29"
"929","neural networks","mathematical operators","2392","343","18"
"930","neural networks","decision support systems","2392","352","21"
"931","neural networks","models","2392","218","5"
"932","neural networks","distributed computer systems","2392","904","6"
"933","neural networks","network architecture","2392","33","6"
"934","cellular automata","mathematical models","23","7078","6"
"935","cellular automata","computer simulation","23","7474","7"
"936","objective functions","mathematical models","44","7078","15"
"937","objective functions","computer simulation","44","7474","7"
"938","heuristic programming","mathematical models","89","7078","10"
"939","heuristic programming","computer simulation","89","7474","13"
"940","heuristic programming","combinatorial mathematics","89","168","5"
"941","heuristic programming","distributed computer systems","89","904","4"
"942","mathematical models","computer simulation","7078","7474","1691"
"943","mathematical models","graph theory","7078","763","196"
"944","mathematical models","mathematical operators","7078","343","109"
"945","mathematical models","formal languages","7078","257","39"
"946","mathematical models","models","7078","218","29"
"947","mathematical models","quality of service","7078","115","18"
"948","mathematical models","distributed computer systems","7078","904","106"
"949","mathematical models","telecommunication networks","7078","435","76"
"950","mathematical models","telecommunication services","7078","635","44"
"951","mathematical models","mobile telecommunication systems","7078","203","30"
"952","computer simulation","graph theory","7474","763","127"
"953","computer simulation","models","7474","218","32"
"954","computer simulation","quality of service","7474","115","31"
"955","computer simulation","distributed computer systems","7474","904","235"
"956","computer simulation","telecommunication networks","7474","435","68"
"957","computer simulation","mobile telecommunication systems","7474","203","37"
"958","computer simulation","mobile computing","7474","23","5"
"959","graph theory","mathematical operators","763","343","17"
"960","graph theory","combinatorial mathematics","763","168","26"
"961","graph theory","formal languages","763","257","14"
"962","graph theory","distributed computer systems","763","904","34"
"963","graph theory","telecommunication networks","763","435","10"
"964","mathematical operators","combinatorial mathematics","343","168","7"
"965","mathematical operators","formal languages","343","257","7"
"966","decision support systems","management information systems","352","262","17"
"967","decision support systems","distributed computer systems","352","904","5"
"968","management information systems","quality of service","262","115","5"
"969","management information systems","distributed computer systems","262","904","21"
"970","management information systems","telecommunication networks","262","435","14"
"971","management information systems","telecommunication services","262","635","14"
"972","management information systems","mobile telecommunication systems","262","203","5"
"973","formal languages","distributed computer systems","257","904","12"
"974","formal languages","telecommunication services","257","635","5"
"975","quality of service","distributed computer systems","115","904","9"
"976","quality of service","telecommunication networks","115","435","9"
"977","quality of service","telecommunication services","115","635","57"
"978","distributed computer systems","telecommunication networks","904","435","24"
"979","distributed computer systems","telecommunication services","904","635","47"
"980","distributed computer systems","network architecture","904","33","4"
"981","distributed computer systems","mobile telecommunication systems","904","203","14"
"982","distributed computer systems","mobile computing","904","23","5"
"983","internet protocols","telecommunication services","47","635","7"
"984","telecommunication networks","telecommunication services","435","635","154"
"985","telecommunication networks","network architecture","435","33","5"
"986","telecommunication networks","mobile telecommunication systems","435","203","29"
"987","wireless networks","mobile telecommunication systems","25","203","7"
"988","telecommunication services","network architecture","635","33","5"
"989","telecommunication services","mobile telecommunication systems","635","203","39"
"990","mobile telecommunication systems","mobile computing","203","23","8"
