"1","artificial intelligence","artificial intelligence","0","ambient intelligence","1374"
"2","ubiquitous computing","ubiquitous computing","0","ambient intelligence","2"
"3","intelligent agents","##29018","1","ambient intelligence","55"
"4","sensors","sensors","0","ambient intelligence","1021"
"5","human computer interaction","##29000","1","ambient intelligence","549"
"6","user interfaces","##29004","1","ambient intelligence","973"
"7","multi agent systems","##29008","1","ambient intelligence","61"
"8","middleware","middleware","0","ambient intelligence","15"
"9","sensor networks","##29277","1","ambient intelligence","23"
"10","intelligent systems","intelligent systems","0","ambient intelligence","43"
"11","context-aware","##29815","1","ambient intelligence","0"
"12","wireless sensor networks","##29304","1","ambient intelligence","3"
"13","smart environment","##29602","1","ambient intelligence","0"
"14","smart homes","##29373","1","ambient intelligence","0"
"15","ontology","##29013","1","ambient intelligence","23"
"16","intelligent environment","##29412","1","ambient intelligence","0"
"17","ambient assisted living","ambient assisted living","0","ambient intelligence","0"
"18","intelligent buildings","intelligent buildings","0","ambient intelligence","6"
"19","technology","technology","0","ambient intelligence","571"
"20","virtual reality","virtual reality","0","ambient intelligence","741"
"21","mobile devices","##29264","1","ambient intelligence","1"
"22","information technology","information technology","0","ambient intelligence","816"
"23","automation","automation","0","ambient intelligence","769"
"24","pervasive computing","pervasive computing","0","ambient intelligence","0"
"25","information systems","##29011","1","ambient intelligence","399"
"26","context-awareness","##29368","1","ambient intelligence","1"
"27","semantics","##29518","1","ambient intelligence","363"
"28","ambient intelligent","ambient intelligent","0","ambient intelligence","0"
"29","knowledge management","knowledge management","0","ambient intelligence","33"
"30","design","design","0","ambient intelligence","538"
"31","information services","information services","0","ambient intelligence","258"
"32","embedded systems","##29262","1","ambient intelligence","63"
"33","multi-agent systems","##29008","1","ambient intelligence","61"
"34","behavioral research","behavioral research","0","ambient intelligence","104"
"35","ambient intelligence systems","ambient intelligence systems","0","ambient intelligence","0"
"36","web services","##28995","1","ambient intelligence","0"
"37","telecommunication equipment","telecommunication equipment","0","ambient intelligence","29"
"38","research","research","0","ambient intelligence","1296"
"39","wireless telecommunication systems","wireless telecommunication systems","0","ambient intelligence","45"
"40","software engineering","software engineering","0","ambient intelligence","960"
"41","internet","internet","0","ambient intelligence","845"
"42","context information","context information","0","ambient intelligence","0"
"43","semantic web","##31848","1","ambient intelligence","1"
"44","context awareness","##29368","1","ambient intelligence","1"
"45","robotics","robotics","0","ambient intelligence","475"
"46","decision making","decision making","0","ambient intelligence","930"
"47","wireless networks","##29280","1","ambient intelligence","46"
"48","distributed computer systems","distributed computer systems","0","ambient intelligence","1163"
"49","learning systems","learning systems","0","ambient intelligence","1244"
"50","activity recognition","activity recognition","0","ambient intelligence","0"
"51","rfid","rfid","0","ambient intelligence","0"
"52","communication","communication","0","ambient intelligence","492"
"53","smart environments","##29602","1","ambient intelligence","0"
"54","adaptive systems","adaptive systems","0","ambient intelligence","182"
"55","communication systems","communication systems","0","ambient intelligence","119"
"56","international conferences","international conferences","0","ambient intelligence","2"
"57","mobile computing","mobile computing","0","ambient intelligence","44"
"58","fuzzy logic","##29288","1","ambient intelligence","136"
"59","decision support systems","##29291","1","ambient intelligence","550"
"60","handicapped persons","handicapped persons","0","ambient intelligence","14"
"61","radio","radio","0","cognitive radio","17"
"62","radio systems","radio systems","0","cognitive radio","49"
"63","cognitive radio network","##30554","1","cognitive radio","0"
"64","spectrum sensing","spectrum sensing","0","cognitive radio","0"
"65","wireless telecommunication systems","wireless telecommunication systems","0","cognitive radio","45"
"66","algorithms","algorithms","0","cognitive radio","8250"
"67","optimization","optimization","0","cognitive radio","2629"
"68","wireless networks","##29280","1","cognitive radio","46"
"69","cognitive systems","cognitive systems","0","cognitive radio","222"
"70","signal detection","signal detection","0","cognitive radio","503"
"71","simulation result","simulation result","0","cognitive radio","0"
"72","dynamic spectrum access","dynamic spectrum access","0","cognitive radio","0"
"73","computer simulation","computer simulation","0","cognitive radio","7958"
"74","spectrum sharing","spectrum sharing","0","cognitive radio","0"
"75","cooperative spectrum sensing","##30187","1","cognitive radio","0"
"76","quality of service","quality of service","0","cognitive radio","75"
"77","orthogonal frequency division multiplexing","orthogonal frequency division multiplexing","0","cognitive radio","4"
"78","radio broadcasting","radio broadcasting","0","cognitive radio","48"
"79","frequency bands","frequency bands","0","cognitive radio","22"
"80","signal processing","signal processing","0","cognitive radio","1120"
"81","energy detection","##30713","1","cognitive radio","0"
"82","numerical results","numerical results","0","cognitive radio","18"
"83","sensors","sensors","0","cognitive radio","1021"
"84","cognitive radio networks","##30554","1","cognitive radio","0"
"85","fading channels","##29616","1","cognitive radio","30"
"86","game theory","game theory","0","cognitive radio","124"
"87","communication systems","communication systems","0","cognitive radio","119"
"88","communication","communication","0","cognitive radio","492"
"89","spectrum utilization","spectrum utilization","0","cognitive radio","1"
"90","resource allocation","resource allocation","0","cognitive radio","542"
"91","mobile computing","mobile computing","0","cognitive radio","44"
"92","ad hoc networks","##29089","1","cognitive radio","3"
"93","probability","probability","0","cognitive radio","1863"
"94","power allocations","##29996","1","cognitive radio","0"
"95","signal to noise ratio","##29824","1","cognitive radio","671"
"96","radio transmission","radio transmission","0","cognitive radio","107"
"97","cognitive radio technologies","cognitive radio technologies","0","cognitive radio","0"
"98","power control","power control","0","cognitive radio","79"
"99","fading (radio)","fading (radio)","0","cognitive radio","342"
"100","markov processes","##29290","1","cognitive radio","600"
"101","radio communication","radio communication","0","cognitive radio","174"
"102","opportunistic spectrum access","opportunistic spectrum access","0","cognitive radio","0"
"103","beamforming","beamforming","0","cognitive radio","16"
"104","wireless communications","##29674","1","cognitive radio","20"
"105","spectrum holes","spectrum holes","0","cognitive radio","0"
"106","medium access control","##31131","1","cognitive radio","13"
"107","cooperative sensing","cooperative sensing","0","cognitive radio","0"
"108","cognitive radio (cr)","##29580","1","cognitive radio","0"
"109","antennas","antennas","0","cognitive radio","143"
"110","licensed users","licensed users","0","cognitive radio","0"
"111","interference constraints","interference constraints","0","cognitive radio","1"
"112","information technology","information technology","0","cognitive radio","816"
"113","detection performance","detection performance","0","cognitive radio","3"
"114","telecommunication networks","telecommunication networks","0","cognitive radio","410"
"115","transmitters","transmitters","0","cognitive radio","75"
"116","radio spectra","radio spectra","0","cognitive radio","0"
"117","cognitive network","##30559","1","cognitive radio","0"
"118","communication channels (information theory)","communication channels (information theory)","0","cognitive radio","1573"
"119","spectrum allocation","spectrum allocation","0","cognitive radio","1"
"120","outage probability","##31050","1","cognitive radio","6"
"121","ontology","##29013","1","domain ontologies","23"
"122","semantics","##29518","1","domain ontologies","363"
"123","semantic web","##31848","1","domain ontologies","1"
"124","domain ontology","##29042","1","domain ontologies","0"
"125","ontology-based","##29013","1","domain ontologies","23"
"126","information retrieval","information retrieval","0","domain ontologies","782"
"127","web services","##28995","1","domain ontologies","0"
"128","world wide web","world wide web","0","domain ontologies","242"
"129","information theory","information theory","0","domain ontologies","355"
"130","artificial intelligence","artificial intelligence","0","domain ontologies","1374"
"131","user interfaces","##29004","1","domain ontologies","973"
"132","knowledge based systems","##29006","1","domain ontologies","809"
"133","knowledge management","knowledge management","0","domain ontologies","33"
"134","domain knowledge","domain knowledge","0","domain ontologies","10"
"135","natural language processing systems","natural language processing systems","0","domain ontologies","139"
"136","information systems","##29011","1","domain ontologies","399"
"137","knowledge representation","knowledge representation","0","domain ontologies","352"
"138","search engines","##29189","1","domain ontologies","24"
"139","data mining","data mining","0","domain ontologies","90"
"140","information services","information services","0","domain ontologies","258"
"141","knowledge engineering","knowledge engineering","0","domain ontologies","89"
"142","metadata","metadata","0","domain ontologies","12"
"143","ontologies","##29013","1","domain ontologies","23"
"144","software engineering","software engineering","0","domain ontologies","960"
"145","multi agent systems","##29008","1","domain ontologies","61"
"146","internet","internet","0","domain ontologies","845"
"147","algorithms","algorithms","0","domain ontologies","8250"
"148","information technology","information technology","0","domain ontologies","816"
"149","computational linguistics","computational linguistics","0","domain ontologies","649"
"150","knowledge base","##29170","1","domain ontologies","17"
"151","international conferences","international conferences","0","domain ontologies","2"
"152","interoperability","interoperability","0","domain ontologies","29"
"153","information science","information science","0","domain ontologies","96"
"154","semantic annotations","##29030","1","domain ontologies","0"
"155","database systems","database systems","0","domain ontologies","1520"
"156","knowledge acquisition","knowledge acquisition","0","domain ontologies","264"
"157","websites","websites","0","domain ontologies","6"
"158","linguistics","linguistics","0","domain ontologies","226"
"159","e-learning","##29003","1","domain ontologies","2"
"160","natural language processing","natural language processing","0","domain ontologies","18"
"161","information management","information management","0","domain ontologies","438"
"162","intelligent systems","intelligent systems","0","domain ontologies","43"
"163","ontology construction","ontology construction","0","domain ontologies","0"
"164","learning systems","learning systems","0","domain ontologies","1244"
"165","ontology learning","ontology learning","0","domain ontologies","0"
"166","semantic information","##29913","1","domain ontologies","5"
"167","education","education","0","domain ontologies","701"
"168","research","research","0","domain ontologies","1296"
"169","semantic similarity","##29913","1","domain ontologies","5"
"170","computer software","computer software","0","domain ontologies","2312"
"171","integration","integration","0","domain ontologies","309"
"172","technology","technology","0","domain ontologies","571"
"173","information analysis","information analysis","0","domain ontologies","123"
"174","domain concepts","domain concepts","0","domain ontologies","1"
"175","design","design","0","domain ontologies","538"
"176","electronic commerce","electronic commerce","0","domain ontologies","65"
"177","natural languages","##29113","1","domain ontologies","11"
"178","ontology engineering","##29235","1","domain ontologies","0"
"179","recommender systems","##29083","1","domain ontologies","3"
"180","semantic web technology","##31848","1","domain ontologies","1"
"181","cryptography","cryptography","0","encryption schemes","272"
"182","network security","network security","0","encryption schemes","7"
"183","public key cryptography","##29203","1","encryption schemes","9"
"184","ciphertexts","##29117","1","encryption schemes","1"
"185","security of data","security of data","0","encryption schemes","623"
"186","public keys","##29146","1","encryption schemes","5"
"187","secret key","secret key","0","encryption schemes","1"
"188","encrypted data","encrypted data","0","encryption schemes","0"
"189","access control","access control","0","encryption schemes","40"
"190","authentication","authentication","0","encryption schemes","34"
"191","public-key encryption","##29862","1","encryption schemes","0"
"192","public-key encryption scheme","##29862","1","encryption schemes","0"
"193","chaotic systems","##29179","1","encryption schemes","9"
"194","encryption","##29253","1","encryption schemes","7"
"195","the standard model","the standard model","0","encryption schemes","0"
"196","algorithms","algorithms","0","encryption schemes","8250"
"197","random oracle model","random oracle model","0","encryption schemes","1"
"198","image encryptions","##29023","1","encryption schemes","2"
"199","chosen ciphertext attack","chosen ciphertext attack","0","encryption schemes","0"
"200","standards","standards","0","encryption schemes","708"
"201","network protocols","network protocols","0","encryption schemes","1476"
"202","cryptographic primitives","cryptographic primitives","0","encryption schemes","1"
"203","cryptosystems","##29074","1","encryption schemes","9"
"204","hash functions","##29133","1","encryption schemes","2"
"205","cloud computing","cloud computing","0","encryption schemes","0"
"206","security systems","security systems","0","encryption schemes","89"
"207","encryption algorithms","##29253","1","encryption schemes","7"
"208","identity-based","identity-based","0","encryption schemes","0"
"209","image encryption","##29023","1","encryption schemes","2"
"210","security","security","0","encryption schemes","35"
"211","security analysis","security analysis","0","encryption schemes","0"
"212","identity based encryption","##29462","1","encryption schemes","0"
"213","security requirements","security requirements","0","encryption schemes","0"
"214","random oracle","random oracle","0","encryption schemes","0"
"215","information theory","information theory","0","encryption schemes","355"
"216","data privacy","data privacy","0","encryption schemes","0"
"217","artificial intelligence","artificial intelligence","0","encryption schemes","1374"
"218","computer science","computer science","0","encryption schemes","296"
"219","signature scheme","signature scheme","0","encryption schemes","0"
"220","information technology","information technology","0","encryption schemes","816"
"221","communication","communication","0","encryption schemes","492"
"222","keyword search","keyword search","0","encryption schemes","0"
"223","image quality","image quality","0","encryption schemes","1423"
"224","generic construction","generic construction","0","encryption schemes","0"
"225","diffie-hellman assumption","diffie-hellman assumption","0","encryption schemes","0"
"226","chaotic map","##30069","1","encryption schemes","1"
"227","provable security","provable security","0","encryption schemes","0"
"228","private key","private key","0","encryption schemes","2"
"229","standard model","standard model","0","encryption schemes","1"
"230","chosen-plaintext attack","chosen-plaintext attack","0","encryption schemes","0"
"231","wireless sensor networks","##29304","1","encryption schemes","3"
"232","provably secure","provably secure","0","encryption schemes","0"
"233","international conferences","international conferences","0","encryption schemes","2"
"234","image processing","image processing","0","encryption schemes","2033"
"235","search engines","##29189","1","encryption schemes","24"
"236","internet","internet","0","encryption schemes","845"
"237","security model","##29185","1","encryption schemes","2"
"238","chosen ciphertext security","##30548","1","encryption schemes","0"
"239","sensitive datas","sensitive datas","0","encryption schemes","0"
"240","sensor networks","##29277","1","encryption schemes","23"
"301","intelligent agents","##29018","1","intelligent virtual agents","55"
"302","international conferences","international conferences","0","intelligent virtual agents","2"
"303","virtual reality","virtual reality","0","intelligent virtual agents","741"
"304","virtual agent","##30226","1","intelligent virtual agents","0"
"305","artificial intelligence","artificial intelligence","0","intelligent virtual agents","1374"
"306","agents","##29164","1","intelligent virtual agents","108"
"307","virtual humans","##29045","1","intelligent virtual agents","5"
"308","animation","animation","0","intelligent virtual agents","263"
"309","stabilizers (agents)","stabilizers (agents)","0","intelligent virtual agents","19"
"310","heidelberg (co)","heidelberg (co)","0","intelligent virtual agents","0"
"311","virtual agents","##30226","1","intelligent virtual agents","0"
"312","autonomous agents","autonomous agents","0","intelligent virtual agents","25"
"313","virtual worlds","##29040","1","intelligent virtual agents","7"
"314","multi agent systems","##29008","1","intelligent virtual agents","61"
"315","facial expressions","facial expressions","0","intelligent virtual agents","3"
"316","behavioral research","behavioral research","0","intelligent virtual agents","104"
"317","human computer interaction","##29000","1","intelligent virtual agents","549"
"318","user interfaces","##29004","1","intelligent virtual agents","973"
"319","virtual environments","##29100","1","intelligent virtual agents","35"
"320","linguistics","linguistics","0","intelligent virtual agents","226"
"321","interactive computer graphics","interactive computer graphics","0","intelligent virtual agents","287"
"322","three dimensional","three dimensional","0","intelligent virtual agents","719"
"323","software agents","##29206","1","intelligent virtual agents","20"
"324","computer networks","computer networks","0","intelligent virtual agents","1026"
"325","game theory","game theory","0","intelligent virtual agents","124"
"326","computer science","computer science","0","intelligent virtual agents","296"
"327","decision making","decision making","0","intelligent virtual agents","930"
"328","mathematical models","mathematical models","0","intelligent virtual agents","6311"
"329","computer simulation","computer simulation","0","intelligent virtual agents","7958"
"330","pedagogical agents","pedagogical agents","0","intelligent virtual agents","0"
"331","semantics","##29518","1","intelligent virtual agents","363"
"332","intelligent systems","intelligent systems","0","intelligent virtual agents","43"
"333","teaching","teaching","0","intelligent virtual agents","243"
"334","man machine systems","man machine systems","0","intelligent virtual agents","112"
"335","markup languages","markup languages","0","intelligent virtual agents","7"
"336","gesture recognition","gesture recognition","0","intelligent virtual agents","15"
"337","e-learning","##29003","1","intelligent virtual agents","2"
"338","learning systems","learning systems","0","intelligent virtual agents","1244"
"339","education","education","0","intelligent virtual agents","701"
"340","social interactions","social interactions","0","intelligent virtual agents","9"
"341","computer aided instruction","computer aided instruction","0","intelligent virtual agents","320"
"342","students","students","0","intelligent virtual agents","99"
"343","face recognition","face recognition","0","intelligent virtual agents","69"
"344","agent architectures","##30401","1","intelligent virtual agents","7"
"345","learning algorithms","##29192","1","intelligent virtual agents","628"
"346","neural networks","##29022","1","intelligent virtual agents","2846"
"347","cognitive architectures","##29553","1","intelligent virtual agents","5"
"348","communication","communication","0","intelligent virtual agents","492"
"349","problem solving","problem solving","0","intelligent virtual agents","2006"
"350","research","research","0","intelligent virtual agents","1296"
"351","three dimensional computer graphics","three dimensional computer graphics","0","intelligent virtual agents","556"
"352","technology","technology","0","intelligent virtual agents","571"
"353","human behaviors","human behaviors","0","intelligent virtual agents","0"
"354","intelligent robots","intelligent robots","0","intelligent virtual agents","131"
"355","affective computing","affective computing","0","intelligent virtual agents","0"
"356","agent based","##29190","1","intelligent virtual agents","2"
"357","architectural design","architectural design","0","intelligent virtual agents","42"
"358","experiments","experiments","0","intelligent virtual agents","177"
"359","world wide web","world wide web","0","intelligent virtual agents","242"
"360","knowledge management","knowledge management","0","intelligent virtual agents","33"
"361","mobile devices","##29264","1","location based services","1"
"362","location-based services","##29780","1","location based services","0"
"363","algorithms","algorithms","0","location based services","8250"
"364","telecommunication services","telecommunication services","0","location based services","677"
"365","data privacy","data privacy","0","location based services","0"
"366","location based","location based","0","location based services","0"
"367","ubiquitous computing","ubiquitous computing","0","location based services","2"
"368","location information","location information","0","location based services","0"
"369","location privacy","location privacy","0","location based services","0"
"370","global system for mobile communications","global system for mobile communications","0","location based services","5"
"371","mobile computing","mobile computing","0","location based services","44"
"372","query processing","query processing","0","location based services","25"
"373","social networking (online)","social networking (online)","0","location based services","0"
"374","wireless telecommunication systems","wireless telecommunication systems","0","location based services","45"
"375","privacy","privacy","0","location based services","41"
"376","mobile applications","##29612","1","location based services","1"
"377","location-based service","##29780","1","location based services","0"
"378","mobile users","mobile users","0","location based services","1"
"379","information systems","##29011","1","location based services","399"
"380","information services","information services","0","location based services","258"
"381","information management","information management","0","location based services","438"
"382","communication","communication","0","location based services","492"
"383","sensors","sensors","0","location based services","1021"
"384","tracking (position)","tracking (position)","0","location based services","146"
"385","knowledge based systems","##29006","1","location based services","809"
"386","encoding (symbols)","encoding (symbols)","0","location based services","432"
"387","internet","internet","0","location based services","845"
"388","database systems","database systems","0","location based services","1520"
"389","information technology","information technology","0","location based services","816"
"390","privacy preserving","##29143","1","location based services","0"
"391","mobile phones","##30610","1","location based services","2"
"392","web services","##28995","1","location based services","0"
"393","privacy protection","privacy protection","0","location based services","0"
"394","user interfaces","##29004","1","location based services","973"
"395","indoor positioning","indoor positioning","0","location based services","0"
"396","navigation systems","##30465","1","location based services","35"
"397","location services","##30479","1","location based services","0"
"398","semantics","##29518","1","location based services","363"
"399","wireless networks","##29280","1","location based services","46"
"400","quality of service","quality of service","0","location based services","75"
"401","service provider","##30491","1","location based services","3"
"402","middleware","middleware","0","location based services","15"
"403","moving objects","##29818","1","location based services","11"
"404","social networks","##29010","1","location based services","12"
"405","data mining","data mining","0","location based services","90"
"406","query languages","query languages","0","location based services","474"
"407","wi-fi","##29585","1","location based services","0"
"408","error analysis","error analysis","0","location based services","751"
"409","data processing","data processing","0","location based services","672"
"410","location based service","##29780","1","location based services","0"
"411","human computer interaction","##29000","1","location based services","549"
"412","estimation","estimation","0","location based services","637"
"413","user location","user location","0","location based services","0"
"414","websites","websites","0","location based services","6"
"415","optimization","optimization","0","location based services","2629"
"416","security","security","0","location based services","35"
"417","information retrieval","information retrieval","0","location based services","782"
"418","distributed computer systems","distributed computer systems","0","location based services","1163"
"419","wireless sensor networks","##29304","1","location based services","3"
"420","k-anonymity","k-anonymity","0","location based services","0"
"421","mobile ad hoc networks","##29764","1","manet","0"
"422","ad hoc networks","##29089","1","manet","3"
"423","routing protocols","##29054","1","manet","12"
"424","access control","access control","0","manet","40"
"425","mobile telecommunication systems","mobile telecommunication systems","0","manet","248"
"426","telecommunication networks","telecommunication networks","0","manet","410"
"427","wireless telecommunication systems","wireless telecommunication systems","0","manet","45"
"428","computer simulation","computer simulation","0","manet","7958"
"429","aodv","aodv","0","manet","0"
"430","network protocols","network protocols","0","manet","1476"
"431","algorithms","algorithms","0","manet","8250"
"432","routing","routing","0","manet","60"
"433","mobile nodes","##29756","1","manet","0"
"434","quality of service","quality of service","0","manet","75"
"435","communication","communication","0","manet","492"
"436","wireless networks","##29280","1","manet","46"
"437","routing algorithms","##29002","1","manet","43"
"438","dsr","dsr","0","manet","0"
"439","internet protocols","##30532","1","manet","98"
"440","routers","##29205","1","manet","15"
"441","information technology","information technology","0","manet","816"
"442","network security","network security","0","manet","7"
"443","qos","qos","0","manet","20"
"444","simulation result","simulation result","0","manet","0"
"445","security","security","0","manet","35"
"446","internet","internet","0","manet","845"
"447","multicasting","##29261","1","manet","63"
"448","olsr","olsr","0","manet","0"
"449","electric network topology","electric network topology","0","manet","272"
"450","mobile devices","##29264","1","manet","1"
"451","packet delivery ratio","##29902","1","manet","0"
"452","mobile computing","mobile computing","0","manet","44"
"453","distributed computer systems","distributed computer systems","0","manet","1163"
"454","topology","topology","0","manet","248"
"455","routing protocol","##29054","1","manet","12"
"456","network routing","network routing","0","manet","11"
"457","end to end delay","##29688","1","manet","4"
"458","network performance","network performance","0","manet","12"
"459","optimization","optimization","0","manet","2629"
"460","computer science","computer science","0","manet","296"
"461","telecommunication links","telecommunication links","0","manet","243"
"462","energy efficiency","energy efficiency","0","manet","48"
"463","broadcasting","broadcasting","0","manet","58"
"464","communication systems","communication systems","0","manet","119"
"465","transmission control protocol","transmission control protocol","0","manet","14"
"466","computer crime","computer crime","0","manet","33"
"467","artificial intelligence","artificial intelligence","0","manet","1374"
"468","cryptography","cryptography","0","manet","272"
"469","bandwidth","bandwidth","0","manet","992"
"470","authentication","authentication","0","manet","34"
"471","route discovery","route discovery","0","manet","0"
"472","wireless sensor networks","##29304","1","manet","3"
"473","standards","standards","0","manet","708"
"474","ad hoc on demand distance vector","ad hoc on demand distance vector","0","manet","0"
"475","routing overheads","routing overheads","0","manet","0"
"476","telecommunication systems","telecommunication systems","0","manet","200"
"477","mobility model","##29512","1","manet","1"
"478","network architecture","network architecture","0","manet","47"
"479","computer networks","computer networks","0","manet","1026"
"480","gateways (computer networks)","gateways (computer networks)","0","manet","71"
"481","heuristic methods","heuristic methods","0","metaheuristic","458"
"482","optimization","optimization","0","metaheuristic","2629"
"483","algorithms","algorithms","0","metaheuristic","8250"
"484","heuristic algorithms","##29281","1","metaheuristic","31"
"485","artificial intelligence","artificial intelligence","0","metaheuristic","1374"
"486","combinatorial optimization","##31831","1","metaheuristic","48"
"487","meta heuristics","##29678","1","metaheuristic","1"
"488","genetic algorithms","##29021","1","metaheuristic","715"
"489","problem solving","problem solving","0","metaheuristic","2006"
"490","scheduling","scheduling","0","metaheuristic","412"
"491","evolutionary algorithms","##29148","1","metaheuristic","43"
"492","simulated annealing","simulated annealing","0","metaheuristic","179"
"493","particle swarm optimization (pso)","particle swarm optimization (pso)","0","metaheuristic","0"
"494","tabu search","tabu search","0","metaheuristic","27"
"495","combinatorial optimization problems","##31831","1","metaheuristic","48"
"496","learning algorithms","##29192","1","metaheuristic","628"
"497","meta-heuristic","##29678","1","metaheuristic","1"
"498","computational complexity","computational complexity","0","metaheuristic","1985"
"499","optimal solutions","optimal solutions","0","metaheuristic","7"
"500","genetic algorithm","##29021","1","metaheuristic","715"
"501","computational results","##30763","1","metaheuristic","5"
"502","scheduling algorithms","##29263","1","metaheuristic","28"
"503","integer programming","integer programming","0","metaheuristic","106"
"504","search spaces","##31830","1","metaheuristic","8"
"505","benchmarking","benchmarking","0","metaheuristic","47"
"506","traveling salesman problem","traveling salesman problem","0","metaheuristic","16"
"507","routing algorithms","##29002","1","metaheuristic","43"
"508","multiobjective optimization","##31879","1","metaheuristic","9"
"509","swarm intelligence","##29791","1","metaheuristic","1"
"510","neural networks","##29022","1","metaheuristic","2846"
"511","computational experiment","##30763","1","metaheuristic","5"
"512","particle swarm optimization","##29857","1","metaheuristic","1"
"513","intelligent systems","intelligent systems","0","metaheuristic","43"
"514","scheduling problem","scheduling problem","0","metaheuristic","9"
"515","cellular automata","cellular automata","0","metaheuristic","48"
"516","global optimization","global optimization","0","metaheuristic","22"
"517","data sets","data sets","0","metaheuristic","0"
"518","meta-heuristic approach","meta-heuristic approach","0","metaheuristic","0"
"519","design","design","0","metaheuristic","538"
"520","constrained optimization","constrained optimization","0","metaheuristic","28"
"521","data mining","data mining","0","metaheuristic","90"
"522","computer science","computer science","0","metaheuristic","296"
"523","vehicle routing","##29273","1","metaheuristic","4"
"524","variable neighborhood search","variable neighborhood search","0","metaheuristic","0"
"525","objective functions","##29593","1","metaheuristic","34"
"526","aco algorithms","aco algorithms","0","metaheuristic","0"
"527","vehicle routing problems","##29273","1","metaheuristic","4"
"528","network routing","network routing","0","metaheuristic","11"
"529","soft computing","soft computing","0","metaheuristic","36"
"530","heuristic programming","heuristic programming","0","metaheuristic","88"
"531","scatter search","scatter search","0","metaheuristic","1"
"532","mathematical models","mathematical models","0","metaheuristic","6311"
"533","computer simulation","computer simulation","0","metaheuristic","7958"
"534","hybrid algorithms","##29435","1","metaheuristic","10"
"535","graph theory","graph theory","0","metaheuristic","695"
"536","differential evolution","##29854","1","metaheuristic","0"
"537","mathematical operators","mathematical operators","0","metaheuristic","312"
"538","combinatorial mathematics","combinatorial mathematics","0","metaheuristic","118"
"539","particle swarm","##29857","1","metaheuristic","1"
"540","information technology","information technology","0","metaheuristic","816"
"541","wireless sensor networks","##29304","1","network lifetime","3"
"542","sensor nodes","##29279","1","network lifetime","2"
"543","sensor networks","##29277","1","network lifetime","23"
"544","energy efficiency","energy efficiency","0","network lifetime","48"
"545","energy utilization","energy utilization","0","network lifetime","38"
"546","computer simulation","computer simulation","0","network lifetime","7958"
"547","sensors","sensors","0","network lifetime","1021"
"548","wireless telecommunication systems","wireless telecommunication systems","0","network lifetime","45"
"549","routing protocols","##29054","1","network lifetime","12"
"550","simulation result","simulation result","0","network lifetime","0"
"551","algorithms","algorithms","0","network lifetime","8250"
"552","energy consumption","##30589","1","network lifetime","52"
"553","telecommunication equipment","telecommunication equipment","0","network lifetime","29"
"554","wireless sensor network","##29304","1","network lifetime","3"
"555","optimization","optimization","0","network lifetime","2629"
"556","cluster head","##31578","1","network lifetime","0"
"557","wireless sensor","##29639","1","network lifetime","0"
"558","clustering algorithms","##29184","1","network lifetime","27"
"559","residual energy","residual energy","0","network lifetime","0"
"560","ad hoc networks","##29089","1","network lifetime","3"
"561","network protocols","network protocols","0","network lifetime","1476"
"562","wireless networks","##29280","1","network lifetime","46"
"563","routing algorithms","##29002","1","network lifetime","43"
"564","clustering","clustering","0","network lifetime","95"
"565","communication","communication","0","network lifetime","492"
"566","wireless sensor network (wsns)","##29304","1","network lifetime","3"
"567","telecommunication networks","telecommunication networks","0","network lifetime","410"
"568","data aggregation","data aggregation","0","network lifetime","1"
"569","electric load forecasting","electric load forecasting","0","network lifetime","13"
"570","information technology","information technology","0","network lifetime","816"
"571","topology","topology","0","network lifetime","248"
"572","data gathering","data gathering","0","network lifetime","2"
"573","energy conservation","energy conservation","0","network lifetime","69"
"574","energy aware","##29680","1","network lifetime","0"
"575","computer science","computer science","0","network lifetime","296"
"576","extensive simulations","extensive simulations","0","network lifetime","5"
"577","routing","routing","0","network lifetime","60"
"578","base stations","##29763","1","network lifetime","3"
"579","mobile ad hoc networks","##29764","1","network lifetime","0"
"580","quality of service","quality of service","0","network lifetime","75"
"581","multihop","##29668","1","network lifetime","2"
"582","routing protocol","##29054","1","network lifetime","12"
"583","scheduling","scheduling","0","network lifetime","412"
"584","energy efficient routing","energy efficient routing","0","network lifetime","0"
"585","sink nodes","sink nodes","0","network lifetime","0"
"586","mobile computing","mobile computing","0","network lifetime","44"
"587","electric network topology","electric network topology","0","network lifetime","272"
"588","mobile sinks","##29453","1","network lifetime","0"
"589","trees (mathematics)","##31109","1","network lifetime","536"
"590","clustering protocol","clustering protocol","0","network lifetime","0"
"591","topology control","topology control","0","network lifetime","1"
"592","wireless sensor network (wsn)","##29304","1","network lifetime","3"
"593","wireless ad hoc networks","##29677","1","network lifetime","0"
"594","life-times","life-times","0","network lifetime","32"
"595","network routing","network routing","0","network lifetime","11"
"596","medium access control","##31131","1","network lifetime","13"
"597","cluster-based","##31578","1","network lifetime","0"
"598","wsn","wsn","0","network lifetime","0"
"599","artificial intelligence","artificial intelligence","0","network lifetime","1374"
"600","energy resources","energy resources","0","network lifetime","9"
"601","ontology","##29013","1","ontology engineering","23"
"602","semantics","##29518","1","ontology engineering","363"
"603","semantic web","##31848","1","ontology engineering","1"
"604","knowledge engineering","knowledge engineering","0","ontology engineering","89"
"605","knowledge management","knowledge management","0","ontology engineering","33"
"606","knowledge representation","knowledge representation","0","ontology engineering","352"
"607","information systems","##29011","1","ontology engineering","399"
"608","world wide web","world wide web","0","ontology engineering","242"
"609","ontology development","##29235","1","ontology engineering","0"
"610","domain ontologies","##29042","1","ontology engineering","0"
"611","knowledge based systems","##29006","1","ontology engineering","809"
"612","internet","internet","0","ontology engineering","845"
"613","artificial intelligence","artificial intelligence","0","ontology engineering","1374"
"614","software engineering","software engineering","0","ontology engineering","960"
"615","user interfaces","##29004","1","ontology engineering","973"
"616","ontology-based","##29013","1","ontology engineering","23"
"617","information retrieval","information retrieval","0","ontology engineering","782"
"618","intelligent systems","intelligent systems","0","ontology engineering","43"
"619","ontology design","ontology design","0","ontology engineering","0"
"620","interoperability","interoperability","0","ontology engineering","29"
"621","ontologies","##29013","1","ontology engineering","23"
"622","natural language processing systems","natural language processing systems","0","ontology engineering","139"
"623","metadata","metadata","0","ontology engineering","12"
"624","ontology construction","ontology construction","0","ontology engineering","0"
"625","owl","owl","0","ontology engineering","6"
"626","information theory","information theory","0","ontology engineering","355"
"627","owl ontologies","owl ontologies","0","ontology engineering","0"
"628","information technology","information technology","0","ontology engineering","816"
"629","knowledge acquisition","knowledge acquisition","0","ontology engineering","264"
"630","natural language processing","natural language processing","0","ontology engineering","18"
"631","domain knowledge","domain knowledge","0","ontology engineering","10"
"632","technology","technology","0","ontology engineering","571"
"633","research","research","0","ontology engineering","1296"
"634","decision support systems","##29291","1","ontology engineering","550"
"635","ontology learning","ontology learning","0","ontology engineering","0"
"636","linguistics","linguistics","0","ontology engineering","226"
"637","information analysis","information analysis","0","ontology engineering","123"
"638","knowledge base","##29170","1","ontology engineering","17"
"639","data mining","data mining","0","ontology engineering","90"
"640","multi agent systems","##29008","1","ontology engineering","61"
"641","semantic web technology","##31848","1","ontology engineering","1"
"642","web services","##28995","1","ontology engineering","0"
"643","description logic","##29065","1","ontology engineering","15"
"644","management information systems","management information systems","0","ontology engineering","386"
"645","ontology matching","##29245","1","ontology engineering","0"
"646","information science","information science","0","ontology engineering","96"
"647","semantic interoperability","semantic interoperability","0","ontology engineering","0"
"648","database systems","database systems","0","ontology engineering","1520"
"649","design","design","0","ontology engineering","538"
"650","formal languages","formal languages","0","ontology engineering","232"
"651","semantic technologies","##29052","1","ontology engineering","0"
"652","domain ontology","##29042","1","ontology engineering","0"
"653","natural languages","##29113","1","ontology engineering","11"
"654","models","models","0","ontology engineering","214"
"655","computer software","computer software","0","ontology engineering","2312"
"656","formal concept analysis","formal concept analysis","0","ontology engineering","0"
"657","computational linguistics","computational linguistics","0","ontology engineering","649"
"658","search engines","##29189","1","ontology engineering","24"
"659","mathematical models","mathematical models","0","ontology engineering","6311"
"660","information services","information services","0","ontology engineering","258"
"661","peer to peer networks","##29126","1","p2p network","0"
"662","distributed computer systems","distributed computer systems","0","p2p network","1163"
"663","peer to peer","##29168","1","p2p network","0"
"664","client server computer systems","client server computer systems","0","p2p network","3"
"665","network architecture","network architecture","0","p2p network","47"
"666","p2p","##29246","1","p2p network","0"
"667","computer simulation","computer simulation","0","p2p network","7958"
"668","algorithms","algorithms","0","p2p network","8250"
"669","p2p networks","##29246","1","p2p network","0"
"670","internet","internet","0","p2p network","845"
"671","p2p system","##31160","1","p2p network","0"
"672","overlay networks","##29145","1","p2p network","0"
"673","peer-to-peer","##29168","1","p2p network","0"
"674","peer-to-peer networks","##29126","1","p2p network","0"
"675","network security","network security","0","p2p network","7"
"676","simulation result","simulation result","0","p2p network","0"
"677","semantics","##29518","1","p2p network","363"
"678","computer science","computer science","0","p2p network","296"
"679","topology","topology","0","p2p network","248"
"680","file sharing","file sharing","0","p2p network","1"
"681","internet protocols","##30532","1","p2p network","98"
"682","video streaming","video streaming","0","p2p network","12"
"683","p2p applications","p2p applications","0","p2p network","0"
"684","telecommunication networks","telecommunication networks","0","p2p network","410"
"685","wireless networks","##29280","1","p2p network","46"
"686","quality of service","quality of service","0","p2p network","75"
"687","optimization","optimization","0","p2p network","2629"
"688","ad hoc networks","##29089","1","p2p network","3"
"689","unstructured p2p network","unstructured p2p network","0","p2p network","0"
"690","information technology","information technology","0","p2p network","816"
"691","electric network topology","electric network topology","0","p2p network","272"
"692","peer-to-peer system","##31160","1","p2p network","0"
"693","network protocols","network protocols","0","p2p network","1476"
"694","information retrieval","information retrieval","0","p2p network","782"
"695","bittorrent","##29099","1","p2p network","0"
"696","computer networks","computer networks","0","p2p network","1026"
"697","peer to peer (p2p) network","peer to peer (p2p) network","0","p2p network","0"
"698","computer crime","computer crime","0","p2p network","33"
"699","communication","communication","0","p2p network","492"
"700","videotex","videotex","0","p2p network","10"
"701","network management","network management","0","p2p network","59"
"702","p2p-based","p2p-based","0","p2p network","0"
"703","information systems","##29011","1","p2p network","399"
"704","gnutella","gnutella","0","p2p network","0"
"705","distributed hash table","##30680","1","p2p network","0"
"706","content distribution","content distribution","0","p2p network","0"
"707","bandwidth","bandwidth","0","p2p network","992"
"708","malicious peer","malicious peer","0","p2p network","0"
"709","wireless telecommunication systems","wireless telecommunication systems","0","p2p network","45"
"710","incentive mechanism","##30561","1","p2p network","0"
"711","acoustic streaming","acoustic streaming","0","p2p network","0"
"712","information science","information science","0","p2p network","96"
"713","dht","dht","0","p2p network","1"
"714","social networks","##29010","1","p2p network","12"
"715","distributed hash tables","##30680","1","p2p network","0"
"716","web services","##28995","1","p2p network","0"
"717","p2p overlays","p2p overlays","0","p2p network","0"
"718","reputation","reputation","0","p2p network","1"
"719","fault tolerance","##30717","1","p2p network","124"
"720","peer-to-peer network","##29126","1","p2p network","0"
"781","semantics","##29518","1","semantic annotations","363"
"782","semantic web","##31848","1","semantic annotations","1"
"783","ontology","##29013","1","semantic annotations","23"
"784","semantic annotation","##29030","1","semantic annotations","0"
"785","web services","##28995","1","semantic annotations","0"
"786","world wide web","world wide web","0","semantic annotations","242"
"787","information theory","information theory","0","semantic annotations","355"
"788","information retrieval","information retrieval","0","semantic annotations","782"
"789","metadata","metadata","0","semantic annotations","12"
"790","websites","websites","0","semantic annotations","6"
"791","artificial intelligence","artificial intelligence","0","semantic annotations","1374"
"792","natural language processing systems","natural language processing systems","0","semantic annotations","139"
"793","search engines","##29189","1","semantic annotations","24"
"794","ontology-based","##29013","1","semantic annotations","23"
"795","knowledge based systems","##29006","1","semantic annotations","809"
"796","knowledge management","knowledge management","0","semantic annotations","33"
"797","domain ontologies","##29042","1","semantic annotations","0"
"798","information services","information services","0","semantic annotations","258"
"799","user interfaces","##29004","1","semantic annotations","973"
"800","linguistics","linguistics","0","semantic annotations","226"
"801","natural language processing","natural language processing","0","semantic annotations","18"
"802","semantic web technology","##31848","1","semantic annotations","1"
"803","semantic information","##29913","1","semantic annotations","5"
"804","image analysis","image analysis","0","semantic annotations","2060"
"805","data mining","data mining","0","semantic annotations","90"
"806","information systems","##29011","1","semantic annotations","399"
"807","algorithms","algorithms","0","semantic annotations","8250"
"808","computational linguistics","computational linguistics","0","semantic annotations","649"
"809","image retrieval","image retrieval","0","semantic annotations","59"
"810","data sets","data sets","0","semantic annotations","0"
"811","linked datum","##29214","1","semantic annotations","0"
"812","internet","internet","0","semantic annotations","845"
"813","semantic web services","semantic web services","0","semantic annotations","0"
"814","information management","information management","0","semantic annotations","438"
"815","international conferences","international conferences","0","semantic annotations","2"
"816","information extraction","information extraction","0","semantic annotations","10"
"817","semantic descriptions","semantic descriptions","0","semantic annotations","0"
"818","ontologies","##29013","1","semantic annotations","23"
"819","three dimensional","three dimensional","0","semantic annotations","719"
"820","multimedia systems","multimedia systems","0","semantic annotations","115"
"821","interoperability","interoperability","0","semantic annotations","29"
"822","database systems","database systems","0","semantic annotations","1520"
"823","knowledge engineering","knowledge engineering","0","semantic annotations","89"
"824","image annotation","image annotation","0","semantic annotations","1"
"825","xml","xml","0","semantic annotations","1"
"826","semantic data","semantic data","0","semantic annotations","0"
"827","business process","##29171","1","semantic annotations","12"
"828","technology","technology","0","semantic annotations","571"
"829","information science","information science","0","semantic annotations","96"
"830","data handling","data handling","0","semantic annotations","149"
"831","semantic gap","semantic gap","0","semantic annotations","1"
"832","learning systems","learning systems","0","semantic annotations","1244"
"833","linked data","##29214","1","semantic annotations","0"
"834","information technology","information technology","0","semantic annotations","816"
"835","automation","automation","0","semantic annotations","769"
"836","service oriented architecture (soa)","##29073","1","semantic annotations","0"
"837","computer science","computer science","0","semantic annotations","296"
"838","indexing (of information)","indexing (of information)","0","semantic annotations","142"
"839","knowledge representation","knowledge representation","0","semantic annotations","352"
"840","tools","tools","0","semantic annotations","48"
"841","semantic web","##31848","1","semantic web technology","1"
"842","ontology","##29013","1","semantic web technology","23"
"843","semantics","##29518","1","semantic web technology","363"
"844","world wide web","world wide web","0","semantic web technology","242"
"845","web services","##28995","1","semantic web technology","0"
"846","user interfaces","##29004","1","semantic web technology","973"
"847","metadata","metadata","0","semantic web technology","12"
"848","knowledge management","knowledge management","0","semantic web technology","33"
"849","technology","technology","0","semantic web technology","571"
"850","knowledge based systems","##29006","1","semantic web technology","809"
"851","information retrieval","information retrieval","0","semantic web technology","782"
"852","artificial intelligence","artificial intelligence","0","semantic web technology","1374"
"853","ontology-based","##29013","1","semantic web technology","23"
"854","ontologies","##29013","1","semantic web technology","23"
"855","linked datum","##29214","1","semantic web technology","0"
"856","interoperability","interoperability","0","semantic web technology","29"
"857","websites","websites","0","semantic web technology","6"
"858","information systems","##29011","1","semantic web technology","399"
"859","e-learning","##29003","1","semantic web technology","2"
"860","research","research","0","semantic web technology","1296"
"861","information technology","information technology","0","semantic web technology","816"
"862","multi agent systems","##29008","1","semantic web technology","61"
"863","internet","internet","0","semantic web technology","845"
"864","knowledge representation","knowledge representation","0","semantic web technology","352"
"865","search engines","##29189","1","semantic web technology","24"
"866","semantic annotations","##29030","1","semantic web technology","0"
"867","rdf","rdf","0","semantic web technology","0"
"868","semantic web technologies","##31848","1","semantic web technology","1"
"869","information services","information services","0","semantic web technology","258"
"870","information management","information management","0","semantic web technology","438"
"871","data handling","data handling","0","semantic web technology","149"
"872","linked data","##29214","1","semantic web technology","0"
"873","knowledge base","##29170","1","semantic web technology","17"
"874","natural language processing systems","natural language processing systems","0","semantic web technology","139"
"875","linguistics","linguistics","0","semantic web technology","226"
"876","knowledge engineering","knowledge engineering","0","semantic web technology","89"
"877","owl","owl","0","semantic web technology","6"
"878","algorithms","algorithms","0","semantic web technology","8250"
"879","social networking (online)","social networking (online)","0","semantic web technology","0"
"880","resource description framework","resource description framework","0","semantic web technology","0"
"881","information science","information science","0","semantic web technology","96"
"882","web ontology language","web ontology language","0","semantic web technology","0"
"883","domain ontologies","##29042","1","semantic web technology","0"
"884","query languages","query languages","0","semantic web technology","474"
"885","description logic","##29065","1","semantic web technology","15"
"886","tools","tools","0","semantic web technology","48"
"887","web 2.0","web 2.0","0","semantic web technology","0"
"888","data integration","data integration","0","semantic web technology","6"
"889","design","design","0","semantic web technology","538"
"890","data mining","data mining","0","semantic web technology","90"
"891","database systems","database systems","0","semantic web technology","1520"
"892","semantic web applications","semantic web applications","0","semantic web technology","0"
"893","decision support systems","##29291","1","semantic web technology","550"
"894","software engineering","software engineering","0","semantic web technology","960"
"895","integration","integration","0","semantic web technology","309"
"896","industry","industry","0","semantic web technology","191"
"897","data sets","data sets","0","semantic web technology","0"
"898","semantic technologies","##29052","1","semantic web technology","0"
"899","natural language processing","natural language processing","0","semantic web technology","18"
"900","domain knowledge","domain knowledge","0","semantic web technology","10"
"901","supervised learning","supervised learning","0","semi-supervised learning","25"
"902","semi-supervised","semi-supervised","0","semi-supervised learning","0"
"903","learning algorithms","##29192","1","semi-supervised learning","628"
"904","algorithms","algorithms","0","semi-supervised learning","8250"
"905","unlabeled data","##30753","1","semi-supervised learning","0"
"906","classification (of information)","classification (of information)","0","semi-supervised learning","76"
"907","data sets","data sets","0","semi-supervised learning","0"
"908","labeled data","##30753","1","semi-supervised learning","0"
"909","artificial intelligence","artificial intelligence","0","semi-supervised learning","1374"
"910","education","education","0","semi-supervised learning","701"
"911","learning systems","learning systems","0","semi-supervised learning","1244"
"912","data mining","data mining","0","semi-supervised learning","90"
"913","clustering algorithms","##29184","1","semi-supervised learning","27"
"914","support vector machines","##29298","1","semi-supervised learning","10"
"915","active learning","active learning","0","semi-supervised learning","6"
"916","semi-supervised learning methods","semi-supervised learning methods","0","semi-supervised learning","0"
"917","machine learning","##29015","1","semi-supervised learning","45"
"918","labeled and unlabeled data","labeled and unlabeled data","0","semi-supervised learning","1"
"919","classification","classification","0","semi-supervised learning","1574"
"920","co-training","co-training","0","semi-supervised learning","0"
"921","graph-based","graph-based","0","semi-supervised learning","0"
"922","optimization","optimization","0","semi-supervised learning","2629"
"923","image retrieval","image retrieval","0","semi-supervised learning","59"
"924","pattern recognition","pattern recognition","0","semi-supervised learning","941"
"925","neural networks","##29022","1","semi-supervised learning","2846"
"926","label propagation","label propagation","0","semi-supervised learning","0"
"927","semantics","##29518","1","semi-supervised learning","363"
"928","classifiers","##29191","1","semi-supervised learning","44"
"929","feature extraction","feature extraction","0","semi-supervised learning","1086"
"930","unlabeled samples","unlabeled samples","0","semi-supervised learning","0"
"931","image analysis","image analysis","0","semi-supervised learning","2060"
"932","information retrieval","information retrieval","0","semi-supervised learning","782"
"933","natural language processing systems","natural language processing systems","0","semi-supervised learning","139"
"934","dimensionality reduction","dimensionality reduction","0","semi-supervised learning","7"
"935","text processing","text processing","0","semi-supervised learning","6"
"936","semi-supervised classification","semi-supervised classification","0","semi-supervised learning","0"
"937","face recognition","face recognition","0","semi-supervised learning","69"
"938","machine-learning","##29015","1","semi-supervised learning","45"
"939","classification accuracy","##29903","1","semi-supervised learning","33"
"940","computer vision","computer vision","0","semi-supervised learning","901"
"941","regression analysis","regression analysis","0","semi-supervised learning","2359"
"942","graphic methods","graphic methods","0","semi-supervised learning","119"
"943","image segmentation","image segmentation","0","semi-supervised learning","863"
"944","classification performance","##29903","1","semi-supervised learning","33"
"945","graph theory","graph theory","0","semi-supervised learning","695"
"946","manifold learning","manifold learning","0","semi-supervised learning","2"
"947","image classification","image classification","0","semi-supervised learning","102"
"948","signal processing","signal processing","0","semi-supervised learning","1120"
"949","data processing","data processing","0","semi-supervised learning","672"
"950","computational linguistics","computational linguistics","0","semi-supervised learning","649"
"951","clustering","clustering","0","semi-supervised learning","95"
"952","semi-supervised method","semi-supervised method","0","semi-supervised learning","0"
"953","problem solving","problem solving","0","semi-supervised learning","2006"
"954","self-training","self-training","0","semi-supervised learning","0"
"955","semisupervised learning","##29773","1","semi-supervised learning","0"
"956","support vector machine","##29298","1","semi-supervised learning","10"
"957","iterative methods","iterative methods","0","semi-supervised learning","876"
"958","data reduction","data reduction","0","semi-supervised learning","473"
"959","semi-supervised algorithm","semi-supervised algorithm","0","semi-supervised learning","0"
"960","image processing","image processing","0","semi-supervised learning","2033"
"961","quality of service","quality of service","0","service compositions","75"
"962","web services","##28995","1","service compositions","0"
"963","service composition","##29027","1","service compositions","0"
"964","information services","information services","0","service compositions","258"
"965","web service composition","web service composition","0","service compositions","0"
"966","semantics","##29518","1","service compositions","363"
"967","composite services","composite services","0","service compositions","0"
"968","service oriented architecture (soa)","##29073","1","service compositions","0"
"969","websites","websites","0","service compositions","6"
"970","semantic web","##31848","1","service compositions","1"
"971","ontology","##29013","1","service compositions","23"
"972","algorithms","algorithms","0","service compositions","8250"
"973","service selection","service selection","0","service compositions","0"
"974","optimization","optimization","0","service compositions","2629"
"975","web service","##28995","1","service compositions","0"
"976","world wide web","world wide web","0","service compositions","242"
"977","runtimes","runtimes","0","service compositions","0"
"978","business process","##29171","1","service compositions","12"
"979","service discovery","service discovery","0","service compositions","0"
"980","user interfaces","##29004","1","service compositions","973"
"981","qos","qos","0","service compositions","20"
"982","service oriented","##29230","1","service compositions","0"
"983","petri nets","##29122","1","service compositions","237"
"984","distributed computer systems","distributed computer systems","0","service compositions","1163"
"985","internet","internet","0","service compositions","845"
"986","telecommunication services","telecommunication services","0","service compositions","677"
"987","international conferences","international conferences","0","service compositions","2"
"988","software engineering","software engineering","0","service compositions","960"
"989","artificial intelligence","artificial intelligence","0","service compositions","1374"
"990","service oriented computing","##29360","1","service compositions","0"
"991","ubiquitous computing","ubiquitous computing","0","service compositions","2"
"992","web services composition","web services composition","0","service compositions","0"
"993","service provider","##30491","1","service compositions","3"
"994","information systems","##29011","1","service compositions","399"
"995","information theory","information theory","0","service compositions","355"
"996","information technology","information technology","0","service compositions","816"
"997","management","management","0","service compositions","457"
"998","dynamic service composition","dynamic service composition","0","service compositions","0"
"999","middleware","middleware","0","service compositions","15"
"1000","cloud computing","cloud computing","0","service compositions","0"
"1001","soa","soa","0","service compositions","3"
"1002","computer science","computer science","0","service compositions","296"
"1003","service-oriented computing","##29360","1","service compositions","0"
"1004","computer software","computer software","0","service compositions","2312"
"1005","internet protocols","##30532","1","service compositions","98"
"1006","electronic commerce","electronic commerce","0","service compositions","65"
"1007","graph theory","graph theory","0","service compositions","695"
"1008","composition of services","composition of services","0","service compositions","0"
"1009","quality control","quality control","0","service compositions","1354"
"1010","services composition","services composition","0","service compositions","0"
"1011","service description","service description","0","service compositions","0"
"1012","network architecture","network architecture","0","service compositions","47"
"1013","linguistics","linguistics","0","service compositions","226"
"1014","composite web services","composite web services","0","service compositions","0"
"1015","model checking","##29186","1","service compositions","22"
"1016","service-based","service-based","0","service compositions","0"
"1017","grid computing","grid computing","0","service compositions","0"
"1018","technology","technology","0","service compositions","571"
"1019","automatic service composition","automatic service composition","0","service compositions","0"
"1020","genetic algorithms","##29021","1","service compositions","715"
"1021","web services","##28995","1","service discovery","0"
"1022","semantics","##29518","1","service discovery","363"
"1023","information services","information services","0","service discovery","258"
"1024","ontology","##29013","1","service discovery","23"
"1025","semantic web","##31848","1","service discovery","1"
"1026","quality of service","quality of service","0","service discovery","75"
"1027","ubiquitous computing","ubiquitous computing","0","service discovery","2"
"1028","websites","websites","0","service discovery","6"
"1029","service compositions","##29027","1","service discovery","0"
"1030","service oriented architecture (soa)","##29073","1","service discovery","0"
"1031","ad hoc networks","##29089","1","service discovery","3"
"1032","web service discovery","web service discovery","0","service discovery","0"
"1033","internet","internet","0","service discovery","845"
"1034","world wide web","world wide web","0","service discovery","242"
"1035","distributed computer systems","distributed computer systems","0","service discovery","1163"
"1036","wireless telecommunication systems","wireless telecommunication systems","0","service discovery","45"
"1037","middleware","middleware","0","service discovery","15"
"1038","mobile ad hoc networks","##29764","1","service discovery","0"
"1039","algorithms","algorithms","0","service discovery","8250"
"1040","network protocols","network protocols","0","service discovery","1476"
"1041","internet protocols","##30532","1","service discovery","98"
"1042","service description","service description","0","service discovery","0"
"1043","user interfaces","##29004","1","service discovery","973"
"1044","service composition","##29027","1","service discovery","0"
"1045","international conferences","international conferences","0","service discovery","2"
"1046","information theory","information theory","0","service discovery","355"
"1047","mobile devices","##29264","1","service discovery","1"
"1048","service provider","##30491","1","service discovery","3"
"1049","web service","##28995","1","service discovery","0"
"1050","telecommunication networks","telecommunication networks","0","service discovery","410"
"1051","semantic web services","semantic web services","0","service discovery","0"
"1052","wireless networks","##29280","1","service discovery","46"
"1053","telecommunication services","telecommunication services","0","service discovery","677"
"1054","service discovery protocol","service discovery protocol","0","service discovery","0"
"1055","network architecture","network architecture","0","service discovery","47"
"1056","mobile telecommunication systems","mobile telecommunication systems","0","service discovery","248"
"1057","service oriented","##29230","1","service discovery","0"
"1058","grid computing","grid computing","0","service discovery","0"
"1059","pervasive computing","pervasive computing","0","service discovery","0"
"1060","service selection","service selection","0","service discovery","0"
"1061","information technology","information technology","0","service discovery","816"
"1062","interoperability","interoperability","0","service discovery","29"
"1063","qos","qos","0","service discovery","20"
"1064","information retrieval","information retrieval","0","service discovery","782"
"1065","semantic service","##30249","1","service discovery","0"
"1066","peer to peer networks","##29126","1","service discovery","0"
"1067","mobile computing","mobile computing","0","service discovery","44"
"1068","service matching","service matching","0","service discovery","0"
"1069","ontology-based","##29013","1","service discovery","23"
"1070","search engines","##29189","1","service discovery","24"
"1071","manet","manet","0","service discovery","0"
"1072","semantic descriptions","semantic descriptions","0","service discovery","0"
"1073","computer simulation","computer simulation","0","service discovery","7958"
"1074","computer software","computer software","0","service discovery","2312"
"1075","computer science","computer science","0","service discovery","296"
"1076","semantic web service discovery","semantic web service discovery","0","service discovery","0"
"1077","information systems","##29011","1","service discovery","399"
"1078","multi agent systems","##29008","1","service discovery","61"
"1079","technology","technology","0","service discovery","571"
"1080","service discovery mechanism","service discovery mechanism","0","service discovery","0"
"1081","virtualization","##29024","1","virtualizations","0"
"1082","virtual reality","virtual reality","0","virtualizations","741"
"1083","cloud computing","cloud computing","0","virtualizations","0"
"1084","virtual machines","##29066","1","virtualizations","6"
"1085","computer simulation","computer simulation","0","virtualizations","7958"
"1086","computer operating systems","computer operating systems","0","virtualizations","343"
"1087","computer systems","##29295","1","virtualizations","495"
"1088","information technology","information technology","0","virtualizations","816"
"1089","internet","internet","0","virtualizations","845"
"1090","hypervisor","hypervisor","0","virtualizations","0"
"1091","network architecture","network architecture","0","virtualizations","47"
"1092","grid computing","grid computing","0","virtualizations","0"
"1093","scheduling","scheduling","0","virtualizations","412"
"1094","resource allocation","resource allocation","0","virtualizations","542"
"1095","virtual machine monitors","##30122","1","virtualizations","1"
"1096","quality of service","quality of service","0","virtualizations","75"
"1097","computer science","computer science","0","virtualizations","296"
"1098","hardware","hardware","0","virtualizations","86"
"1099","virtualized environment","virtualized environment","0","virtualizations","0"
"1100","virtual machine","##29066","1","virtualizations","6"
"1101","operating systems","##29431","1","virtualizations","23"
"1102","distributed computer systems","distributed computer systems","0","virtualizations","1163"
"1103","optimization","optimization","0","virtualizations","2629"
"1104","web services","##28995","1","virtualizations","0"
"1105","network virtualization","network virtualization","0","virtualizations","1"
"1106","algorithms","algorithms","0","virtualizations","8250"
"1107","resource management","##30445","1","virtualizations","65"
"1108","energy efficiency","energy efficiency","0","virtualizations","48"
"1109","virtual networks","##30486","1","virtualizations","6"
"1110","security of data","security of data","0","virtualizations","623"
"1111","network security","network security","0","virtualizations","7"
"1112","middleware","middleware","0","virtualizations","15"
"1113","information management","information management","0","virtualizations","438"
"1114","security","security","0","virtualizations","35"
"1115","internet protocols","##30532","1","virtualizations","98"
"1116","server consolidation","server consolidation","0","virtualizations","0"
"1117","cluster computing","cluster computing","0","virtualizations","11"
"1118","xen","xen","0","virtualizations","0"
"1119","computing environments","computing environments","0","virtualizations","2"
"1120","computer architecture","computer architecture","0","virtualizations","2025"
"1121","communication","communication","0","virtualizations","492"
"1122","computer hardware","computer hardware","0","virtualizations","605"
"1123","management","management","0","virtualizations","457"
"1124","servers","servers","0","virtualizations","18"
"1125","parallel architectures","parallel architectures","0","virtualizations","42"
"1126","energy utilization","energy utilization","0","virtualizations","38"
"1127","cloud services","##29109","1","virtualizations","0"
"1128","benchmarking","benchmarking","0","virtualizations","47"
"1129","embedded systems","##29262","1","virtualizations","63"
"1130","runtimes","runtimes","0","virtualizations","0"
"1131","computing resource","computing resource","0","virtualizations","1"
"1132","fault tolerance","##30717","1","virtualizations","124"
"1133","program processors","program processors","0","virtualizations","366"
"1134","live migrations","live migrations","0","virtualizations","0"
"1135","telecommunication networks","telecommunication networks","0","virtualizations","410"
"1136","performance","performance","0","virtualizations","1114"
"1137","technology","technology","0","virtualizations","571"
"1138","multi core","##29151","1","virtualizations","0"
"1139","computer crime","computer crime","0","virtualizations","33"
"1140","research","research","0","virtualizations","1296"
"1141","wireless sensor networks","##29304","1","wireless sensor network","3"
"1142","sensor nodes","##29279","1","wireless sensor network","2"
"1143","sensor networks","##29277","1","wireless sensor network","23"
"1144","wireless sensor","##29639","1","wireless sensor network","0"
"1145","sensors","sensors","0","wireless sensor network","1021"
"1146","wireless telecommunication systems","wireless telecommunication systems","0","wireless sensor network","45"
"1147","algorithms","algorithms","0","wireless sensor network","8250"
"1148","energy efficiency","energy efficiency","0","wireless sensor network","48"
"1149","energy utilization","energy utilization","0","wireless sensor network","38"
"1150","telecommunication equipment","telecommunication equipment","0","wireless sensor network","29"
"1151","routing protocols","##29054","1","wireless sensor network","12"
"1152","computer simulation","computer simulation","0","wireless sensor network","7958"
"1153","network lifetime","network lifetime","0","wireless sensor network","0"
"1154","wireless networks","##29280","1","wireless sensor network","46"
"1155","energy consumption","##30589","1","wireless sensor network","52"
"1156","network protocols","network protocols","0","wireless sensor network","1476"
"1157","simulation result","simulation result","0","wireless sensor network","0"
"1158","communication","communication","0","wireless sensor network","492"
"1159","optimization","optimization","0","wireless sensor network","2629"
"1160","cluster head","##31578","1","wireless sensor network","0"
"1161","clustering algorithms","##29184","1","wireless sensor network","27"
"1162","wireless sensor network (wsns)","##29304","1","wireless sensor network","3"
"1163","zigbee","##29354","1","wireless sensor network","0"
"1164","hybrid sensors","hybrid sensors","0","wireless sensor network","2"
"1165","mobile computing","mobile computing","0","wireless sensor network","44"
"1166","information technology","information technology","0","wireless sensor network","816"
"1167","network security","network security","0","wireless sensor network","7"
"1168","telecommunication networks","telecommunication networks","0","wireless sensor network","410"
"1169","clustering","clustering","0","wireless sensor network","95"
"1170","network architecture","network architecture","0","wireless sensor network","47"
"1171","computer science","computer science","0","wireless sensor network","296"
"1172","routing algorithms","##29002","1","wireless sensor network","43"
"1173","internet","internet","0","wireless sensor network","845"
"1174","data aggregation","data aggregation","0","wireless sensor network","1"
"1175","security","security","0","wireless sensor network","35"
"1176","routing","routing","0","wireless sensor network","60"
"1177","topology","topology","0","wireless sensor network","248"
"1178","signal processing","signal processing","0","wireless sensor network","1120"
"1179","electric network synthesis","electric network synthesis","0","wireless sensor network","161"
"1180","data processing","data processing","0","wireless sensor network","672"
"1181","electric network topology","electric network topology","0","wireless sensor network","272"
"1182","wireless sensor node","##29589","1","wireless sensor network","0"
"1183","ubiquitous computing","ubiquitous computing","0","wireless sensor network","2"
"1184","ad hoc networks","##29089","1","wireless sensor network","3"
"1185","artificial intelligence","artificial intelligence","0","wireless sensor network","1374"
"1186","target tracking","target tracking","0","wireless sensor network","22"
"1187","energy conservation","energy conservation","0","wireless sensor network","69"
"1188","ieee 802.15.4","ieee 802.15.4","0","wireless sensor network","0"
"1189","quality of service","quality of service","0","wireless sensor network","75"
"1190","medium access control","##31131","1","wireless sensor network","13"
"1191","computer networks","computer networks","0","wireless sensor network","1026"
"1192","sink nodes","sink nodes","0","wireless sensor network","0"
"1193","information science","information science","0","wireless sensor network","96"
"1194","internet protocols","##30532","1","wireless sensor network","98"
"1195","wireless communications","##29674","1","wireless sensor network","20"
"1196","standards","standards","0","wireless sensor network","708"
"1197","scheduling","scheduling","0","wireless sensor network","412"
"1198","electric load forecasting","electric load forecasting","0","wireless sensor network","13"
"1199","zig-bee","##29354","1","wireless sensor network","0"
"1200","data acquisition","data acquisition","0","wireless sensor network","791"
