"1","ontology","##29013","1","domain ontologies","10"
"2","semantics","##29518","1","domain ontologies","374"
"3","semantic web","##31848","1","domain ontologies","0"
"4","domain ontology","##29042","1","domain ontologies","0"
"5","ontology-based","##29013","1","domain ontologies","10"
"6","information retrieval","information retrieval","0","domain ontologies","438"
"7","web services","##28995","1","domain ontologies","1"
"8","world wide web","world wide web","0","domain ontologies","89"
"9","information theory","information theory","0","domain ontologies","453"
"10","artificial intelligence","artificial intelligence","0","domain ontologies","945"
"11","user interfaces","##29004","1","domain ontologies","1169"
"12","knowledge based systems","##29006","1","domain ontologies","838"
"13","knowledge management","knowledge management","0","domain ontologies","2"
"14","domain knowledge","domain knowledge","0","domain ontologies","12"
"15","natural language processing systems","natural language processing systems","0","domain ontologies","167"
"16","information systems","##29011","1","domain ontologies","307"
"17","knowledge representation","knowledge representation","0","domain ontologies","342"
"18","search engines","##29189","1","domain ontologies","2"
"19","data mining","data mining","0","domain ontologies","7"
"20","information services","information services","0","domain ontologies","241"
"21","knowledge engineering","knowledge engineering","0","domain ontologies","95"
"22","metadata","metadata","0","domain ontologies","12"
"23","ontologies","##29013","1","domain ontologies","10"
"24","software engineering","software engineering","0","domain ontologies","877"
"25","multi agent systems","##29008","1","domain ontologies","13"
"26","internet","internet","0","domain ontologies","166"
"27","algorithms","algorithms","0","domain ontologies","7734"
"28","information technology","information technology","0","domain ontologies","455"
"29","computational linguistics","computational linguistics","0","domain ontologies","619"
"30","knowledge base","##29170","1","domain ontologies","10"
"31","international conferences","international conferences","0","domain ontologies","0"
"32","interoperability","interoperability","0","domain ontologies","45"
"33","information science","information science","0","domain ontologies","75"
"34","semantic annotations","##29030","1","domain ontologies","0"
"35","database systems","database systems","0","domain ontologies","1389"
"36","knowledge acquisition","knowledge acquisition","0","domain ontologies","191"
"37","websites","websites","0","domain ontologies","0"
"38","linguistics","linguistics","0","domain ontologies","159"
"39","e-learning","##29003","1","domain ontologies","0"
"40","natural language processing","natural language processing","0","domain ontologies","10"
"41","information management","information management","0","domain ontologies","218"
"42","intelligent systems","intelligent systems","0","domain ontologies","14"
"43","ontology construction","ontology construction","0","domain ontologies","0"
"44","learning systems","learning systems","0","domain ontologies","1038"
"45","ontology learning","ontology learning","0","domain ontologies","0"
"46","semantic information","##29913","1","domain ontologies","6"
"47","education","education","0","domain ontologies","558"
"48","research","research","0","domain ontologies","773"
"49","semantic similarity","##29913","1","domain ontologies","6"
"50","computer software","computer software","0","domain ontologies","2599"
"51","integration","integration","0","domain ontologies","332"
"52","technology","technology","0","domain ontologies","683"
"53","information analysis","information analysis","0","domain ontologies","49"
"54","domain concepts","domain concepts","0","domain ontologies","0"
"55","design","design","0","domain ontologies","286"
"56","electronic commerce","electronic commerce","0","domain ontologies","9"
"57","natural languages","##29113","1","domain ontologies","16"
"58","ontology engineering","##29235","1","domain ontologies","0"
"59","recommender systems","##29083","1","domain ontologies","0"
"60","semantic web technology","##31848","1","domain ontologies","0"
"61","cryptography","cryptography","0","encryption schemes","177"
"62","network security","network security","0","encryption schemes","8"
"63","public key cryptography","##29203","1","encryption schemes","7"
"64","ciphertexts","##29117","1","encryption schemes","2"
"65","security of data","security of data","0","encryption schemes","365"
"66","public keys","##29146","1","encryption schemes","6"
"67","secret key","secret key","0","encryption schemes","3"
"68","encrypted data","encrypted data","0","encryption schemes","0"
"69","access control","access control","0","encryption schemes","21"
"70","authentication","authentication","0","encryption schemes","23"
"71","public-key encryption","##29862","1","encryption schemes","1"
"72","public-key encryption scheme","##29862","1","encryption schemes","1"
"73","chaotic systems","##29179","1","encryption schemes","5"
"74","encryption","##29253","1","encryption schemes","2"
"75","the standard model","the standard model","0","encryption schemes","0"
"76","algorithms","algorithms","0","encryption schemes","7734"
"77","random oracle model","random oracle model","0","encryption schemes","0"
"78","image encryptions","##29023","1","encryption schemes","0"
"79","chosen ciphertext attack","chosen ciphertext attack","0","encryption schemes","0"
"80","standards","standards","0","encryption schemes","678"
"81","network protocols","network protocols","0","encryption schemes","1186"
"82","cryptographic primitives","cryptographic primitives","0","encryption schemes","0"
"83","cryptosystems","##29074","1","encryption schemes","1"
"84","hash functions","##29133","1","encryption schemes","7"
"85","cloud computing","cloud computing","0","encryption schemes","0"
"86","security systems","security systems","0","encryption schemes","37"
"87","encryption algorithms","##29253","1","encryption schemes","2"
"88","identity-based","identity-based","0","encryption schemes","0"
"89","image encryption","##29023","1","encryption schemes","0"
"90","security","security","0","encryption schemes","16"
"91","security analysis","security analysis","0","encryption schemes","2"
"92","identity based encryption","##29462","1","encryption schemes","0"
"93","security requirements","security requirements","0","encryption schemes","0"
"94","random oracle","random oracle","0","encryption schemes","0"
"95","information theory","information theory","0","encryption schemes","453"
"96","data privacy","data privacy","0","encryption schemes","3"
"97","artificial intelligence","artificial intelligence","0","encryption schemes","945"
"98","computer science","computer science","0","encryption schemes","129"
"99","signature scheme","signature scheme","0","encryption schemes","0"
"100","information technology","information technology","0","encryption schemes","455"
"101","communication","communication","0","encryption schemes","200"
"102","keyword search","keyword search","0","encryption schemes","0"
"103","image quality","image quality","0","encryption schemes","564"
"104","generic construction","generic construction","0","encryption schemes","0"
"105","diffie-hellman assumption","diffie-hellman assumption","0","encryption schemes","0"
"106","chaotic map","##30069","1","encryption schemes","0"
"107","provable security","provable security","0","encryption schemes","0"
"108","private key","private key","0","encryption schemes","0"
"109","standard model","standard model","0","encryption schemes","0"
"110","chosen-plaintext attack","chosen-plaintext attack","0","encryption schemes","0"
"111","wireless sensor networks","##29304","1","encryption schemes","0"
"112","provably secure","provably secure","0","encryption schemes","0"
"113","international conferences","international conferences","0","encryption schemes","0"
"114","image processing","image processing","0","encryption schemes","1460"
"115","search engines","##29189","1","encryption schemes","2"
"116","internet","internet","0","encryption schemes","166"
"117","security model","##29185","1","encryption schemes","0"
"118","chosen ciphertext security","##30548","1","encryption schemes","0"
"119","sensitive datas","sensitive datas","0","encryption schemes","0"
"120","sensor networks","##29277","1","encryption schemes","0"
"121","heuristic methods","heuristic methods","0","metaheuristic","498"
"122","optimization","optimization","0","metaheuristic","2832"
"123","algorithms","algorithms","0","metaheuristic","7734"
"124","heuristic algorithms","##29281","1","metaheuristic","16"
"125","artificial intelligence","artificial intelligence","0","metaheuristic","945"
"126","combinatorial optimization","##31831","1","metaheuristic","40"
"127","meta heuristics","##29678","1","metaheuristic","1"
"128","genetic algorithms","##29021","1","metaheuristic","364"
"129","problem solving","problem solving","0","metaheuristic","1610"
"130","scheduling","scheduling","0","metaheuristic","555"
"131","evolutionary algorithms","##29148","1","metaheuristic","7"
"132","simulated annealing","simulated annealing","0","metaheuristic","164"
"133","particle swarm optimization (pso)","particle swarm optimization (pso)","0","metaheuristic","0"
"134","tabu search","tabu search","0","metaheuristic","9"
"135","combinatorial optimization problems","##31831","1","metaheuristic","40"
"136","learning algorithms","##29192","1","metaheuristic","490"
"137","meta-heuristic","##29678","1","metaheuristic","1"
"138","computational complexity","computational complexity","0","metaheuristic","1994"
"139","optimal solutions","optimal solutions","0","metaheuristic","3"
"140","genetic algorithm","##29021","1","metaheuristic","364"
"141","computational results","##30763","1","metaheuristic","2"
"142","scheduling algorithms","##29263","1","metaheuristic","18"
"143","integer programming","integer programming","0","metaheuristic","90"
"144","search spaces","##31830","1","metaheuristic","11"
"145","benchmarking","benchmarking","0","metaheuristic","33"
"146","traveling salesman problem","traveling salesman problem","0","metaheuristic","30"
"147","routing algorithms","##29002","1","metaheuristic","39"
"148","multiobjective optimization","##31879","1","metaheuristic","2"
"149","swarm intelligence","##29791","1","metaheuristic","1"
"150","neural networks","##29022","1","metaheuristic","2392"
"151","computational experiment","##30763","1","metaheuristic","2"
"152","particle swarm optimization","##29857","1","metaheuristic","1"
"153","intelligent systems","intelligent systems","0","metaheuristic","14"
"154","scheduling problem","scheduling problem","0","metaheuristic","2"
"155","cellular automata","cellular automata","0","metaheuristic","23"
"156","global optimization","global optimization","0","metaheuristic","17"
"157","data sets","data sets","0","metaheuristic","0"
"158","meta-heuristic approach","meta-heuristic approach","0","metaheuristic","0"
"159","design","design","0","metaheuristic","286"
"160","constrained optimization","constrained optimization","0","metaheuristic","12"
"161","data mining","data mining","0","metaheuristic","7"
"162","computer science","computer science","0","metaheuristic","129"
"163","vehicle routing","##29273","1","metaheuristic","3"
"164","variable neighborhood search","variable neighborhood search","0","metaheuristic","0"
"165","objective functions","##29593","1","metaheuristic","44"
"166","aco algorithms","aco algorithms","0","metaheuristic","0"
"167","vehicle routing problems","##29273","1","metaheuristic","3"
"168","network routing","network routing","0","metaheuristic","1"
"169","soft computing","soft computing","0","metaheuristic","10"
"170","heuristic programming","heuristic programming","0","metaheuristic","89"
"171","scatter search","scatter search","0","metaheuristic","0"
"172","mathematical models","mathematical models","0","metaheuristic","7078"
"173","computer simulation","computer simulation","0","metaheuristic","7474"
"174","hybrid algorithms","##29435","1","metaheuristic","7"
"175","graph theory","graph theory","0","metaheuristic","763"
"176","differential evolution","##29854","1","metaheuristic","0"
"177","mathematical operators","mathematical operators","0","metaheuristic","343"
"178","combinatorial mathematics","combinatorial mathematics","0","metaheuristic","168"
"179","particle swarm","##29857","1","metaheuristic","1"
"180","information technology","information technology","0","metaheuristic","455"
"181","ontology","##29013","1","ontology engineering","10"
"182","semantics","##29518","1","ontology engineering","374"
"183","semantic web","##31848","1","ontology engineering","0"
"184","knowledge engineering","knowledge engineering","0","ontology engineering","95"
"185","knowledge management","knowledge management","0","ontology engineering","2"
"186","knowledge representation","knowledge representation","0","ontology engineering","342"
"187","information systems","##29011","1","ontology engineering","307"
"188","world wide web","world wide web","0","ontology engineering","89"
"189","ontology development","##29235","1","ontology engineering","0"
"190","domain ontologies","##29042","1","ontology engineering","0"
"191","knowledge based systems","##29006","1","ontology engineering","838"
"192","internet","internet","0","ontology engineering","166"
"193","artificial intelligence","artificial intelligence","0","ontology engineering","945"
"194","software engineering","software engineering","0","ontology engineering","877"
"195","user interfaces","##29004","1","ontology engineering","1169"
"196","ontology-based","##29013","1","ontology engineering","10"
"197","information retrieval","information retrieval","0","ontology engineering","438"
"198","intelligent systems","intelligent systems","0","ontology engineering","14"
"199","ontology design","ontology design","0","ontology engineering","1"
"200","interoperability","interoperability","0","ontology engineering","45"
"201","ontologies","##29013","1","ontology engineering","10"
"202","natural language processing systems","natural language processing systems","0","ontology engineering","167"
"203","metadata","metadata","0","ontology engineering","12"
"204","ontology construction","ontology construction","0","ontology engineering","0"
"205","owl","owl","0","ontology engineering","1"
"206","information theory","information theory","0","ontology engineering","453"
"207","owl ontologies","owl ontologies","0","ontology engineering","0"
"208","information technology","information technology","0","ontology engineering","455"
"209","knowledge acquisition","knowledge acquisition","0","ontology engineering","191"
"210","natural language processing","natural language processing","0","ontology engineering","10"
"211","domain knowledge","domain knowledge","0","ontology engineering","12"
"212","technology","technology","0","ontology engineering","683"
"213","research","research","0","ontology engineering","773"
"214","decision support systems","##29291","1","ontology engineering","352"
"215","ontology learning","ontology learning","0","ontology engineering","0"
"216","linguistics","linguistics","0","ontology engineering","159"
"217","information analysis","information analysis","0","ontology engineering","49"
"218","knowledge base","##29170","1","ontology engineering","10"
"219","data mining","data mining","0","ontology engineering","7"
"220","multi agent systems","##29008","1","ontology engineering","13"
"221","semantic web technology","##31848","1","ontology engineering","0"
"222","web services","##28995","1","ontology engineering","1"
"223","description logic","##29065","1","ontology engineering","5"
"224","management information systems","management information systems","0","ontology engineering","262"
"225","ontology matching","##29245","1","ontology engineering","0"
"226","information science","information science","0","ontology engineering","75"
"227","semantic interoperability","semantic interoperability","0","ontology engineering","2"
"228","database systems","database systems","0","ontology engineering","1389"
"229","design","design","0","ontology engineering","286"
"230","formal languages","formal languages","0","ontology engineering","257"
"231","semantic technologies","##29052","1","ontology engineering","0"
"232","domain ontology","##29042","1","ontology engineering","0"
"233","natural languages","##29113","1","ontology engineering","16"
"234","models","models","0","ontology engineering","218"
"235","computer software","computer software","0","ontology engineering","2599"
"236","formal concept analysis","formal concept analysis","0","ontology engineering","2"
"237","computational linguistics","computational linguistics","0","ontology engineering","619"
"238","search engines","##29189","1","ontology engineering","2"
"239","mathematical models","mathematical models","0","ontology engineering","7078"
"240","information services","information services","0","ontology engineering","241"
"241","web services","##28995","1","service discovery","1"
"242","semantics","##29518","1","service discovery","374"
"243","information services","information services","0","service discovery","241"
"244","ontology","##29013","1","service discovery","10"
"245","semantic web","##31848","1","service discovery","0"
"246","quality of service","quality of service","0","service discovery","115"
"247","ubiquitous computing","ubiquitous computing","0","service discovery","4"
"248","websites","websites","0","service discovery","0"
"249","service compositions","##29027","1","service discovery","0"
"250","service oriented architecture (soa)","##29073","1","service discovery","0"
"251","ad hoc networks","##29089","1","service discovery","3"
"252","web service discovery","web service discovery","0","service discovery","0"
"253","internet","internet","0","service discovery","166"
"254","world wide web","world wide web","0","service discovery","89"
"255","distributed computer systems","distributed computer systems","0","service discovery","904"
"256","wireless telecommunication systems","wireless telecommunication systems","0","service discovery","7"
"257","middleware","middleware","0","service discovery","7"
"258","mobile ad hoc networks","##29764","1","service discovery","0"
"259","algorithms","algorithms","0","service discovery","7734"
"260","network protocols","network protocols","0","service discovery","1186"
"261","internet protocols","##30532","1","service discovery","47"
"262","service description","service description","0","service discovery","0"
"263","user interfaces","##29004","1","service discovery","1169"
"264","service composition","##29027","1","service discovery","0"
"265","international conferences","international conferences","0","service discovery","0"
"266","information theory","information theory","0","service discovery","453"
"267","mobile devices","##29264","1","service discovery","0"
"268","service provider","##30491","1","service discovery","3"
"269","web service","##28995","1","service discovery","1"
"270","telecommunication networks","telecommunication networks","0","service discovery","435"
"271","semantic web services","semantic web services","0","service discovery","0"
"272","wireless networks","##29280","1","service discovery","25"
"273","telecommunication services","telecommunication services","0","service discovery","635"
"274","service discovery protocol","service discovery protocol","0","service discovery","0"
"275","network architecture","network architecture","0","service discovery","33"
"276","mobile telecommunication systems","mobile telecommunication systems","0","service discovery","203"
"277","service oriented","##29230","1","service discovery","0"
"278","grid computing","grid computing","0","service discovery","0"
"279","pervasive computing","pervasive computing","0","service discovery","0"
"280","service selection","service selection","0","service discovery","0"
"281","information technology","information technology","0","service discovery","455"
"282","interoperability","interoperability","0","service discovery","45"
"283","qos","qos","0","service discovery","2"
"284","information retrieval","information retrieval","0","service discovery","438"
"285","semantic service","##30249","1","service discovery","0"
"286","peer to peer networks","##29126","1","service discovery","0"
"287","mobile computing","mobile computing","0","service discovery","23"
"288","service matching","service matching","0","service discovery","0"
"289","ontology-based","##29013","1","service discovery","10"
"290","search engines","##29189","1","service discovery","2"
"291","manet","manet","0","service discovery","0"
"292","semantic descriptions","semantic descriptions","0","service discovery","0"
"293","computer simulation","computer simulation","0","service discovery","7474"
"294","computer software","computer software","0","service discovery","2599"
"295","computer science","computer science","0","service discovery","129"
"296","semantic web service discovery","semantic web service discovery","0","service discovery","0"
"297","information systems","##29011","1","service discovery","307"
"298","multi agent systems","##29008","1","service discovery","13"
"299","technology","technology","0","service discovery","683"
"300","service discovery mechanism","service discovery mechanism","0","service discovery","0"
