"1","radio","radio","0","cognitive radio","22"
"2","radio systems","radio systems","0","cognitive radio","86"
"3","cognitive radio network","##30554","1","cognitive radio","0"
"4","spectrum sensing","spectrum sensing","0","cognitive radio","0"
"5","wireless telecommunication systems","wireless telecommunication systems","0","cognitive radio","10"
"6","algorithms","algorithms","0","cognitive radio","8287"
"7","optimization","optimization","0","cognitive radio","3065"
"8","wireless networks","##29280","1","cognitive radio","35"
"9","cognitive systems","cognitive systems","0","cognitive radio","166"
"10","signal detection","signal detection","0","cognitive radio","521"
"11","simulation result","simulation result","0","cognitive radio","1"
"12","dynamic spectrum access","dynamic spectrum access","0","cognitive radio","0"
"13","computer simulation","computer simulation","0","cognitive radio","7784"
"14","spectrum sharing","spectrum sharing","0","cognitive radio","1"
"15","cooperative spectrum sensing","##30187","1","cognitive radio","0"
"16","quality of service","quality of service","0","cognitive radio","129"
"17","orthogonal frequency division multiplexing","orthogonal frequency division multiplexing","0","cognitive radio","9"
"18","radio broadcasting","radio broadcasting","0","cognitive radio","25"
"19","frequency bands","frequency bands","0","cognitive radio","22"
"20","signal processing","signal processing","0","cognitive radio","1070"
"21","energy detection","##30713","1","cognitive radio","2"
"22","numerical results","numerical results","0","cognitive radio","19"
"23","sensors","sensors","0","cognitive radio","780"
"24","cognitive radio networks","##30554","1","cognitive radio","0"
"25","fading channels","##29616","1","cognitive radio","24"
"26","game theory","game theory","0","cognitive radio","121"
"27","communication systems","communication systems","0","cognitive radio","52"
"28","communication","communication","0","cognitive radio","239"
"29","spectrum utilization","spectrum utilization","0","cognitive radio","1"
"30","resource allocation","resource allocation","0","cognitive radio","482"
"31","mobile computing","mobile computing","0","cognitive radio","34"
"32","ad hoc networks","##29089","1","cognitive radio","3"
"33","probability","probability","0","cognitive radio","1889"
"34","power allocations","##29996","1","cognitive radio","0"
"35","signal to noise ratio","##29824","1","cognitive radio","631"
"36","radio transmission","radio transmission","0","cognitive radio","124"
"37","cognitive radio technologies","cognitive radio technologies","0","cognitive radio","0"
"38","power control","power control","0","cognitive radio","59"
"39","fading (radio)","fading (radio)","0","cognitive radio","260"
"40","markov processes","##29290","1","cognitive radio","631"
"41","radio communication","radio communication","0","cognitive radio","178"
"42","opportunistic spectrum access","opportunistic spectrum access","0","cognitive radio","0"
"43","beamforming","beamforming","0","cognitive radio","7"
"44","wireless communications","##29674","1","cognitive radio","15"
"45","spectrum holes","spectrum holes","0","cognitive radio","0"
"46","medium access control","##31131","1","cognitive radio","22"
"47","cooperative sensing","cooperative sensing","0","cognitive radio","0"
"48","cognitive radio (cr)","##29580","1","cognitive radio","0"
"49","antennas","antennas","0","cognitive radio","248"
"50","licensed users","licensed users","0","cognitive radio","0"
"51","interference constraints","interference constraints","0","cognitive radio","0"
"52","information technology","information technology","0","cognitive radio","1035"
"53","detection performance","detection performance","0","cognitive radio","1"
"54","telecommunication networks","telecommunication networks","0","cognitive radio","497"
"55","transmitters","transmitters","0","cognitive radio","104"
"56","radio spectra","radio spectra","0","cognitive radio","0"
"57","cognitive network","##30559","1","cognitive radio","1"
"58","communication channels (information theory)","communication channels (information theory)","0","cognitive radio","1163"
"59","spectrum allocation","spectrum allocation","0","cognitive radio","4"
"60","outage probability","##31050","1","cognitive radio","7"
"61","ontology","##29013","1","domain ontologies","25"
"62","semantics","##29518","1","domain ontologies","371"
"63","semantic web","##31848","1","domain ontologies","1"
"64","domain ontology","##29042","1","domain ontologies","0"
"65","ontology-based","##29013","1","domain ontologies","25"
"66","information retrieval","information retrieval","0","domain ontologies","628"
"67","web services","##28995","1","domain ontologies","3"
"68","world wide web","world wide web","0","domain ontologies","297"
"69","information theory","information theory","0","domain ontologies","323"
"70","artificial intelligence","artificial intelligence","0","domain ontologies","1110"
"71","user interfaces","##29004","1","domain ontologies","1288"
"72","knowledge based systems","##29006","1","domain ontologies","861"
"73","knowledge management","knowledge management","0","domain ontologies","5"
"74","domain knowledge","domain knowledge","0","domain ontologies","3"
"75","natural language processing systems","natural language processing systems","0","domain ontologies","222"
"76","information systems","##29011","1","domain ontologies","380"
"77","knowledge representation","knowledge representation","0","domain ontologies","365"
"78","search engines","##29189","1","domain ontologies","12"
"79","data mining","data mining","0","domain ontologies","72"
"80","information services","information services","0","domain ontologies","259"
"81","knowledge engineering","knowledge engineering","0","domain ontologies","132"
"82","metadata","metadata","0","domain ontologies","21"
"83","ontologies","##29013","1","domain ontologies","25"
"84","software engineering","software engineering","0","domain ontologies","976"
"85","multi agent systems","##29008","1","domain ontologies","28"
"86","internet","internet","0","domain ontologies","426"
"87","algorithms","algorithms","0","domain ontologies","8287"
"88","information technology","information technology","0","domain ontologies","1035"
"89","computational linguistics","computational linguistics","0","domain ontologies","740"
"90","knowledge base","##29170","1","domain ontologies","20"
"91","international conferences","international conferences","0","domain ontologies","1"
"92","interoperability","interoperability","0","domain ontologies","42"
"93","information science","information science","0","domain ontologies","102"
"94","semantic annotations","##29030","1","domain ontologies","0"
"95","database systems","database systems","0","domain ontologies","1747"
"96","knowledge acquisition","knowledge acquisition","0","domain ontologies","275"
"97","websites","websites","0","domain ontologies","1"
"98","linguistics","linguistics","0","domain ontologies","340"
"99","e-learning","##29003","1","domain ontologies","0"
"100","natural language processing","natural language processing","0","domain ontologies","14"
"101","information management","information management","0","domain ontologies","389"
"102","intelligent systems","intelligent systems","0","domain ontologies","16"
"103","ontology construction","ontology construction","0","domain ontologies","0"
"104","learning systems","learning systems","0","domain ontologies","1301"
"105","ontology learning","ontology learning","0","domain ontologies","0"
"106","semantic information","##29913","1","domain ontologies","7"
"107","education","education","0","domain ontologies","861"
"108","research","research","0","domain ontologies","1005"
"109","semantic similarity","##29913","1","domain ontologies","7"
"110","computer software","computer software","0","domain ontologies","2850"
"111","integration","integration","0","domain ontologies","322"
"112","technology","technology","0","domain ontologies","493"
"113","information analysis","information analysis","0","domain ontologies","90"
"114","domain concepts","domain concepts","0","domain ontologies","0"
"115","design","design","0","domain ontologies","439"
"116","electronic commerce","electronic commerce","0","domain ontologies","25"
"117","natural languages","##29113","1","domain ontologies","12"
"118","ontology engineering","##29235","1","domain ontologies","0"
"119","recommender systems","##29083","1","domain ontologies","0"
"120","semantic web technology","##31848","1","domain ontologies","1"
"121","cryptography","cryptography","0","encryption schemes","204"
"122","network security","network security","0","encryption schemes","10"
"123","public key cryptography","##29203","1","encryption schemes","8"
"124","ciphertexts","##29117","1","encryption schemes","3"
"125","security of data","security of data","0","encryption schemes","395"
"126","public keys","##29146","1","encryption schemes","6"
"127","secret key","secret key","0","encryption schemes","1"
"128","encrypted data","encrypted data","0","encryption schemes","0"
"129","access control","access control","0","encryption schemes","35"
"130","authentication","authentication","0","encryption schemes","36"
"131","public-key encryption","##29862","1","encryption schemes","0"
"132","public-key encryption scheme","##29862","1","encryption schemes","0"
"133","chaotic systems","##29179","1","encryption schemes","11"
"134","encryption","##29253","1","encryption schemes","5"
"135","the standard model","the standard model","0","encryption schemes","1"
"136","algorithms","algorithms","0","encryption schemes","8287"
"137","random oracle model","random oracle model","0","encryption schemes","0"
"138","image encryptions","##29023","1","encryption schemes","1"
"139","chosen ciphertext attack","chosen ciphertext attack","0","encryption schemes","0"
"140","standards","standards","0","encryption schemes","797"
"141","network protocols","network protocols","0","encryption schemes","1252"
"142","cryptographic primitives","cryptographic primitives","0","encryption schemes","0"
"143","cryptosystems","##29074","1","encryption schemes","3"
"144","hash functions","##29133","1","encryption schemes","4"
"145","cloud computing","cloud computing","0","encryption schemes","0"
"146","security systems","security systems","0","encryption schemes","34"
"147","encryption algorithms","##29253","1","encryption schemes","5"
"148","identity-based","identity-based","0","encryption schemes","0"
"149","image encryption","##29023","1","encryption schemes","1"
"150","security","security","0","encryption schemes","21"
"151","security analysis","security analysis","0","encryption schemes","0"
"152","identity based encryption","##29462","1","encryption schemes","0"
"153","security requirements","security requirements","0","encryption schemes","1"
"154","random oracle","random oracle","0","encryption schemes","2"
"155","information theory","information theory","0","encryption schemes","323"
"156","data privacy","data privacy","0","encryption schemes","3"
"157","artificial intelligence","artificial intelligence","0","encryption schemes","1110"
"158","computer science","computer science","0","encryption schemes","309"
"159","signature scheme","signature scheme","0","encryption schemes","1"
"160","information technology","information technology","0","encryption schemes","1035"
"161","communication","communication","0","encryption schemes","239"
"162","keyword search","keyword search","0","encryption schemes","3"
"163","image quality","image quality","0","encryption schemes","840"
"164","generic construction","generic construction","0","encryption schemes","0"
"165","diffie-hellman assumption","diffie-hellman assumption","0","encryption schemes","0"
"166","chaotic map","##30069","1","encryption schemes","0"
"167","provable security","provable security","0","encryption schemes","0"
"168","private key","private key","0","encryption schemes","1"
"169","standard model","standard model","0","encryption schemes","0"
"170","chosen-plaintext attack","chosen-plaintext attack","0","encryption schemes","0"
"171","wireless sensor networks","##29304","1","encryption schemes","1"
"172","provably secure","provably secure","0","encryption schemes","0"
"173","international conferences","international conferences","0","encryption schemes","1"
"174","image processing","image processing","0","encryption schemes","1923"
"175","search engines","##29189","1","encryption schemes","12"
"176","internet","internet","0","encryption schemes","426"
"177","security model","##29185","1","encryption schemes","1"
"178","chosen ciphertext security","##30548","1","encryption schemes","0"
"179","sensitive datas","sensitive datas","0","encryption schemes","0"
"180","sensor networks","##29277","1","encryption schemes","4"
"241","mobile devices","##29264","1","location based services","1"
"242","location-based services","##29780","1","location based services","0"
"243","algorithms","algorithms","0","location based services","8287"
"244","telecommunication services","telecommunication services","0","location based services","686"
"245","data privacy","data privacy","0","location based services","3"
"246","location based","location based","0","location based services","0"
"247","ubiquitous computing","ubiquitous computing","0","location based services","5"
"248","location information","location information","0","location based services","1"
"249","location privacy","location privacy","0","location based services","0"
"250","global system for mobile communications","global system for mobile communications","0","location based services","6"
"251","mobile computing","mobile computing","0","location based services","34"
"252","query processing","query processing","0","location based services","55"
"253","social networking (online)","social networking (online)","0","location based services","0"
"254","wireless telecommunication systems","wireless telecommunication systems","0","location based services","10"
"255","privacy","privacy","0","location based services","28"
"256","mobile applications","##29612","1","location based services","1"
"257","location-based service","##29780","1","location based services","0"
"258","mobile users","mobile users","0","location based services","3"
"259","information systems","##29011","1","location based services","380"
"260","information services","information services","0","location based services","259"
"261","information management","information management","0","location based services","389"
"262","communication","communication","0","location based services","239"
"263","sensors","sensors","0","location based services","780"
"264","tracking (position)","tracking (position)","0","location based services","139"
"265","knowledge based systems","##29006","1","location based services","861"
"266","encoding (symbols)","encoding (symbols)","0","location based services","358"
"267","internet","internet","0","location based services","426"
"268","database systems","database systems","0","location based services","1747"
"269","information technology","information technology","0","location based services","1035"
"270","privacy preserving","##29143","1","location based services","0"
"271","mobile phones","##30610","1","location based services","3"
"272","web services","##28995","1","location based services","3"
"273","privacy protection","privacy protection","0","location based services","1"
"274","user interfaces","##29004","1","location based services","1288"
"275","indoor positioning","indoor positioning","0","location based services","0"
"276","navigation systems","##30465","1","location based services","36"
"277","location services","##30479","1","location based services","0"
"278","semantics","##29518","1","location based services","371"
"279","wireless networks","##29280","1","location based services","35"
"280","quality of service","quality of service","0","location based services","129"
"281","service provider","##30491","1","location based services","4"
"282","middleware","middleware","0","location based services","11"
"283","moving objects","##29818","1","location based services","19"
"284","social networks","##29010","1","location based services","12"
"285","data mining","data mining","0","location based services","72"
"286","query languages","query languages","0","location based services","425"
"287","wi-fi","##29585","1","location based services","0"
"288","error analysis","error analysis","0","location based services","484"
"289","data processing","data processing","0","location based services","795"
"290","location based service","##29780","1","location based services","0"
"291","human computer interaction","##29000","1","location based services","612"
"292","estimation","estimation","0","location based services","959"
"293","user location","user location","0","location based services","1"
"294","websites","websites","0","location based services","1"
"295","optimization","optimization","0","location based services","3065"
"296","security","security","0","location based services","21"
"297","information retrieval","information retrieval","0","location based services","628"
"298","distributed computer systems","distributed computer systems","0","location based services","936"
"299","wireless sensor networks","##29304","1","location based services","1"
"300","k-anonymity","k-anonymity","0","location based services","0"
"301","mobile ad hoc networks","##29764","1","manet","0"
"302","ad hoc networks","##29089","1","manet","3"
"303","routing protocols","##29054","1","manet","8"
"304","access control","access control","0","manet","35"
"305","mobile telecommunication systems","mobile telecommunication systems","0","manet","254"
"306","telecommunication networks","telecommunication networks","0","manet","497"
"307","wireless telecommunication systems","wireless telecommunication systems","0","manet","10"
"308","computer simulation","computer simulation","0","manet","7784"
"309","aodv","aodv","0","manet","0"
"310","network protocols","network protocols","0","manet","1252"
"311","algorithms","algorithms","0","manet","8287"
"312","routing","routing","0","manet","61"
"313","mobile nodes","##29756","1","manet","1"
"314","quality of service","quality of service","0","manet","129"
"315","communication","communication","0","manet","239"
"316","wireless networks","##29280","1","manet","35"
"317","routing algorithms","##29002","1","manet","32"
"318","dsr","dsr","0","manet","0"
"319","internet protocols","##30532","1","manet","82"
"320","routers","##29205","1","manet","11"
"321","information technology","information technology","0","manet","1035"
"322","network security","network security","0","manet","10"
"323","qos","qos","0","manet","11"
"324","simulation result","simulation result","0","manet","1"
"325","security","security","0","manet","21"
"326","internet","internet","0","manet","426"
"327","multicasting","##29261","1","manet","32"
"328","olsr","olsr","0","manet","0"
"329","electric network topology","electric network topology","0","manet","334"
"330","mobile devices","##29264","1","manet","1"
"331","packet delivery ratio","##29902","1","manet","0"
"332","mobile computing","mobile computing","0","manet","34"
"333","distributed computer systems","distributed computer systems","0","manet","936"
"334","topology","topology","0","manet","346"
"335","routing protocol","##29054","1","manet","8"
"336","network routing","network routing","0","manet","3"
"337","end to end delay","##29688","1","manet","5"
"338","network performance","network performance","0","manet","4"
"339","optimization","optimization","0","manet","3065"
"340","computer science","computer science","0","manet","309"
"341","telecommunication links","telecommunication links","0","manet","248"
"342","energy efficiency","energy efficiency","0","manet","34"
"343","broadcasting","broadcasting","0","manet","57"
"344","communication systems","communication systems","0","manet","52"
"345","transmission control protocol","transmission control protocol","0","manet","13"
"346","computer crime","computer crime","0","manet","28"
"347","artificial intelligence","artificial intelligence","0","manet","1110"
"348","cryptography","cryptography","0","manet","204"
"349","bandwidth","bandwidth","0","manet","786"
"350","authentication","authentication","0","manet","36"
"351","route discovery","route discovery","0","manet","0"
"352","wireless sensor networks","##29304","1","manet","1"
"353","standards","standards","0","manet","797"
"354","ad hoc on demand distance vector","ad hoc on demand distance vector","0","manet","0"
"355","routing overheads","routing overheads","0","manet","0"
"356","telecommunication systems","telecommunication systems","0","manet","193"
"357","mobility model","##29512","1","manet","0"
"358","network architecture","network architecture","0","manet","36"
"359","computer networks","computer networks","0","manet","1140"
"360","gateways (computer networks)","gateways (computer networks)","0","manet","57"
"361","heuristic methods","heuristic methods","0","metaheuristic","499"
"362","optimization","optimization","0","metaheuristic","3065"
"363","algorithms","algorithms","0","metaheuristic","8287"
"364","heuristic algorithms","##29281","1","metaheuristic","25"
"365","artificial intelligence","artificial intelligence","0","metaheuristic","1110"
"366","combinatorial optimization","##31831","1","metaheuristic","42"
"367","meta heuristics","##29678","1","metaheuristic","1"
"368","genetic algorithms","##29021","1","metaheuristic","475"
"369","problem solving","problem solving","0","metaheuristic","1750"
"370","scheduling","scheduling","0","metaheuristic","556"
"371","evolutionary algorithms","##29148","1","metaheuristic","21"
"372","simulated annealing","simulated annealing","0","metaheuristic","162"
"373","particle swarm optimization (pso)","particle swarm optimization (pso)","0","metaheuristic","0"
"374","tabu search","tabu search","0","metaheuristic","17"
"375","combinatorial optimization problems","##31831","1","metaheuristic","42"
"376","learning algorithms","##29192","1","metaheuristic","626"
"377","meta-heuristic","##29678","1","metaheuristic","1"
"378","computational complexity","computational complexity","0","metaheuristic","1791"
"379","optimal solutions","optimal solutions","0","metaheuristic","2"
"380","genetic algorithm","##29021","1","metaheuristic","475"
"381","computational results","##30763","1","metaheuristic","3"
"382","scheduling algorithms","##29263","1","metaheuristic","18"
"383","integer programming","integer programming","0","metaheuristic","95"
"384","search spaces","##31830","1","metaheuristic","6"
"385","benchmarking","benchmarking","0","metaheuristic","19"
"386","traveling salesman problem","traveling salesman problem","0","metaheuristic","28"
"387","routing algorithms","##29002","1","metaheuristic","32"
"388","multiobjective optimization","##31879","1","metaheuristic","5"
"389","swarm intelligence","##29791","1","metaheuristic","0"
"390","neural networks","##29022","1","metaheuristic","2639"
"391","computational experiment","##30763","1","metaheuristic","3"
"392","particle swarm optimization","##29857","1","metaheuristic","0"
"393","intelligent systems","intelligent systems","0","metaheuristic","16"
"394","scheduling problem","scheduling problem","0","metaheuristic","2"
"395","cellular automata","cellular automata","0","metaheuristic","30"
"396","global optimization","global optimization","0","metaheuristic","17"
"397","data sets","data sets","0","metaheuristic","0"
"398","meta-heuristic approach","meta-heuristic approach","0","metaheuristic","0"
"399","design","design","0","metaheuristic","439"
"400","constrained optimization","constrained optimization","0","metaheuristic","18"
"401","data mining","data mining","0","metaheuristic","72"
"402","computer science","computer science","0","metaheuristic","309"
"403","vehicle routing","##29273","1","metaheuristic","8"
"404","variable neighborhood search","variable neighborhood search","0","metaheuristic","0"
"405","objective functions","##29593","1","metaheuristic","43"
"406","aco algorithms","aco algorithms","0","metaheuristic","0"
"407","vehicle routing problems","##29273","1","metaheuristic","8"
"408","network routing","network routing","0","metaheuristic","3"
"409","soft computing","soft computing","0","metaheuristic","5"
"410","heuristic programming","heuristic programming","0","metaheuristic","78"
"411","scatter search","scatter search","0","metaheuristic","1"
"412","mathematical models","mathematical models","0","metaheuristic","7364"
"413","computer simulation","computer simulation","0","metaheuristic","7784"
"414","hybrid algorithms","##29435","1","metaheuristic","5"
"415","graph theory","graph theory","0","metaheuristic","761"
"416","differential evolution","##29854","1","metaheuristic","0"
"417","mathematical operators","mathematical operators","0","metaheuristic","336"
"418","combinatorial mathematics","combinatorial mathematics","0","metaheuristic","155"
"419","particle swarm","##29857","1","metaheuristic","0"
"420","information technology","information technology","0","metaheuristic","1035"
"421","ontology","##29013","1","ontology engineering","25"
"422","semantics","##29518","1","ontology engineering","371"
"423","semantic web","##31848","1","ontology engineering","1"
"424","knowledge engineering","knowledge engineering","0","ontology engineering","132"
"425","knowledge management","knowledge management","0","ontology engineering","5"
"426","knowledge representation","knowledge representation","0","ontology engineering","365"
"427","information systems","##29011","1","ontology engineering","380"
"428","world wide web","world wide web","0","ontology engineering","297"
"429","ontology development","##29235","1","ontology engineering","0"
"430","domain ontologies","##29042","1","ontology engineering","0"
"431","knowledge based systems","##29006","1","ontology engineering","861"
"432","internet","internet","0","ontology engineering","426"
"433","artificial intelligence","artificial intelligence","0","ontology engineering","1110"
"434","software engineering","software engineering","0","ontology engineering","976"
"435","user interfaces","##29004","1","ontology engineering","1288"
"436","ontology-based","##29013","1","ontology engineering","25"
"437","information retrieval","information retrieval","0","ontology engineering","628"
"438","intelligent systems","intelligent systems","0","ontology engineering","16"
"439","ontology design","ontology design","0","ontology engineering","0"
"440","interoperability","interoperability","0","ontology engineering","42"
"441","ontologies","##29013","1","ontology engineering","25"
"442","natural language processing systems","natural language processing systems","0","ontology engineering","222"
"443","metadata","metadata","0","ontology engineering","21"
"444","ontology construction","ontology construction","0","ontology engineering","0"
"445","owl","owl","0","ontology engineering","4"
"446","information theory","information theory","0","ontology engineering","323"
"447","owl ontologies","owl ontologies","0","ontology engineering","0"
"448","information technology","information technology","0","ontology engineering","1035"
"449","knowledge acquisition","knowledge acquisition","0","ontology engineering","275"
"450","natural language processing","natural language processing","0","ontology engineering","14"
"451","domain knowledge","domain knowledge","0","ontology engineering","3"
"452","technology","technology","0","ontology engineering","493"
"453","research","research","0","ontology engineering","1005"
"454","decision support systems","##29291","1","ontology engineering","425"
"455","ontology learning","ontology learning","0","ontology engineering","0"
"456","linguistics","linguistics","0","ontology engineering","340"
"457","information analysis","information analysis","0","ontology engineering","90"
"458","knowledge base","##29170","1","ontology engineering","20"
"459","data mining","data mining","0","ontology engineering","72"
"460","multi agent systems","##29008","1","ontology engineering","28"
"461","semantic web technology","##31848","1","ontology engineering","1"
"462","web services","##28995","1","ontology engineering","3"
"463","description logic","##29065","1","ontology engineering","9"
"464","management information systems","management information systems","0","ontology engineering","454"
"465","ontology matching","##29245","1","ontology engineering","0"
"466","information science","information science","0","ontology engineering","102"
"467","semantic interoperability","semantic interoperability","0","ontology engineering","1"
"468","database systems","database systems","0","ontology engineering","1747"
"469","design","design","0","ontology engineering","439"
"470","formal languages","formal languages","0","ontology engineering","253"
"471","semantic technologies","##29052","1","ontology engineering","0"
"472","domain ontology","##29042","1","ontology engineering","0"
"473","natural languages","##29113","1","ontology engineering","12"
"474","models","models","0","ontology engineering","353"
"475","computer software","computer software","0","ontology engineering","2850"
"476","formal concept analysis","formal concept analysis","0","ontology engineering","1"
"477","computational linguistics","computational linguistics","0","ontology engineering","740"
"478","search engines","##29189","1","ontology engineering","12"
"479","mathematical models","mathematical models","0","ontology engineering","7364"
"480","information services","information services","0","ontology engineering","259"
"541","semantic web","##31848","1","semantic web technology","1"
"542","ontology","##29013","1","semantic web technology","25"
"543","semantics","##29518","1","semantic web technology","371"
"544","world wide web","world wide web","0","semantic web technology","297"
"545","web services","##28995","1","semantic web technology","3"
"546","user interfaces","##29004","1","semantic web technology","1288"
"547","metadata","metadata","0","semantic web technology","21"
"548","knowledge management","knowledge management","0","semantic web technology","5"
"549","technology","technology","0","semantic web technology","493"
"550","knowledge based systems","##29006","1","semantic web technology","861"
"551","information retrieval","information retrieval","0","semantic web technology","628"
"552","artificial intelligence","artificial intelligence","0","semantic web technology","1110"
"553","ontology-based","##29013","1","semantic web technology","25"
"554","ontologies","##29013","1","semantic web technology","25"
"555","linked datum","##29214","1","semantic web technology","0"
"556","interoperability","interoperability","0","semantic web technology","42"
"557","websites","websites","0","semantic web technology","1"
"558","information systems","##29011","1","semantic web technology","380"
"559","e-learning","##29003","1","semantic web technology","0"
"560","research","research","0","semantic web technology","1005"
"561","information technology","information technology","0","semantic web technology","1035"
"562","multi agent systems","##29008","1","semantic web technology","28"
"563","internet","internet","0","semantic web technology","426"
"564","knowledge representation","knowledge representation","0","semantic web technology","365"
"565","search engines","##29189","1","semantic web technology","12"
"566","semantic annotations","##29030","1","semantic web technology","0"
"567","rdf","rdf","0","semantic web technology","0"
"568","semantic web technologies","##31848","1","semantic web technology","1"
"569","information services","information services","0","semantic web technology","259"
"570","information management","information management","0","semantic web technology","389"
"571","data handling","data handling","0","semantic web technology","190"
"572","linked data","##29214","1","semantic web technology","0"
"573","knowledge base","##29170","1","semantic web technology","20"
"574","natural language processing systems","natural language processing systems","0","semantic web technology","222"
"575","linguistics","linguistics","0","semantic web technology","340"
"576","knowledge engineering","knowledge engineering","0","semantic web technology","132"
"577","owl","owl","0","semantic web technology","4"
"578","algorithms","algorithms","0","semantic web technology","8287"
"579","social networking (online)","social networking (online)","0","semantic web technology","0"
"580","resource description framework","resource description framework","0","semantic web technology","0"
"581","information science","information science","0","semantic web technology","102"
"582","web ontology language","web ontology language","0","semantic web technology","0"
"583","domain ontologies","##29042","1","semantic web technology","0"
"584","query languages","query languages","0","semantic web technology","425"
"585","description logic","##29065","1","semantic web technology","9"
"586","tools","tools","0","semantic web technology","29"
"587","web 2.0","web 2.0","0","semantic web technology","0"
"588","data integration","data integration","0","semantic web technology","7"
"589","design","design","0","semantic web technology","439"
"590","data mining","data mining","0","semantic web technology","72"
"591","database systems","database systems","0","semantic web technology","1747"
"592","semantic web applications","semantic web applications","0","semantic web technology","0"
"593","decision support systems","##29291","1","semantic web technology","425"
"594","software engineering","software engineering","0","semantic web technology","976"
"595","integration","integration","0","semantic web technology","322"
"596","industry","industry","0","semantic web technology","196"
"597","data sets","data sets","0","semantic web technology","0"
"598","semantic technologies","##29052","1","semantic web technology","0"
"599","natural language processing","natural language processing","0","semantic web technology","14"
"600","domain knowledge","domain knowledge","0","semantic web technology","3"
"601","supervised learning","supervised learning","0","semi-supervised learning","30"
"602","semi-supervised","semi-supervised","0","semi-supervised learning","0"
"603","learning algorithms","##29192","1","semi-supervised learning","626"
"604","algorithms","algorithms","0","semi-supervised learning","8287"
"605","unlabeled data","##30753","1","semi-supervised learning","0"
"606","classification (of information)","classification (of information)","0","semi-supervised learning","202"
"607","data sets","data sets","0","semi-supervised learning","0"
"608","labeled data","##30753","1","semi-supervised learning","0"
"609","artificial intelligence","artificial intelligence","0","semi-supervised learning","1110"
"610","education","education","0","semi-supervised learning","861"
"611","learning systems","learning systems","0","semi-supervised learning","1301"
"612","data mining","data mining","0","semi-supervised learning","72"
"613","clustering algorithms","##29184","1","semi-supervised learning","34"
"614","support vector machines","##29298","1","semi-supervised learning","3"
"615","active learning","active learning","0","semi-supervised learning","7"
"616","semi-supervised learning methods","semi-supervised learning methods","0","semi-supervised learning","0"
"617","machine learning","##29015","1","semi-supervised learning","50"
"618","labeled and unlabeled data","labeled and unlabeled data","0","semi-supervised learning","0"
"619","classification","classification","0","semi-supervised learning","1511"
"620","co-training","co-training","0","semi-supervised learning","0"
"621","graph-based","graph-based","0","semi-supervised learning","1"
"622","optimization","optimization","0","semi-supervised learning","3065"
"623","image retrieval","image retrieval","0","semi-supervised learning","71"
"624","pattern recognition","pattern recognition","0","semi-supervised learning","1707"
"625","neural networks","##29022","1","semi-supervised learning","2639"
"626","label propagation","label propagation","0","semi-supervised learning","1"
"627","semantics","##29518","1","semi-supervised learning","371"
"628","classifiers","##29191","1","semi-supervised learning","22"
"629","feature extraction","feature extraction","0","semi-supervised learning","958"
"630","unlabeled samples","unlabeled samples","0","semi-supervised learning","0"
"631","image analysis","image analysis","0","semi-supervised learning","1731"
"632","information retrieval","information retrieval","0","semi-supervised learning","628"
"633","natural language processing systems","natural language processing systems","0","semi-supervised learning","222"
"634","dimensionality reduction","dimensionality reduction","0","semi-supervised learning","9"
"635","text processing","text processing","0","semi-supervised learning","3"
"636","semi-supervised classification","semi-supervised classification","0","semi-supervised learning","0"
"637","face recognition","face recognition","0","semi-supervised learning","75"
"638","machine-learning","##29015","1","semi-supervised learning","50"
"639","classification accuracy","##29903","1","semi-supervised learning","22"
"640","computer vision","computer vision","0","semi-supervised learning","931"
"641","regression analysis","regression analysis","0","semi-supervised learning","2078"
"642","graphic methods","graphic methods","0","semi-supervised learning","112"
"643","image segmentation","image segmentation","0","semi-supervised learning","818"
"644","classification performance","##29903","1","semi-supervised learning","22"
"645","graph theory","graph theory","0","semi-supervised learning","761"
"646","manifold learning","manifold learning","0","semi-supervised learning","0"
"647","image classification","image classification","0","semi-supervised learning","69"
"648","signal processing","signal processing","0","semi-supervised learning","1070"
"649","data processing","data processing","0","semi-supervised learning","795"
"650","computational linguistics","computational linguistics","0","semi-supervised learning","740"
"651","clustering","clustering","0","semi-supervised learning","84"
"652","semi-supervised method","semi-supervised method","0","semi-supervised learning","0"
"653","problem solving","problem solving","0","semi-supervised learning","1750"
"654","self-training","self-training","0","semi-supervised learning","0"
"655","semisupervised learning","##29773","1","semi-supervised learning","0"
"656","support vector machine","##29298","1","semi-supervised learning","3"
"657","iterative methods","iterative methods","0","semi-supervised learning","941"
"658","data reduction","data reduction","0","semi-supervised learning","401"
"659","semi-supervised algorithm","semi-supervised algorithm","0","semi-supervised learning","0"
"660","image processing","image processing","0","semi-supervised learning","1923"
"661","web services","##28995","1","service discovery","3"
"662","semantics","##29518","1","service discovery","371"
"663","information services","information services","0","service discovery","259"
"664","ontology","##29013","1","service discovery","25"
"665","semantic web","##31848","1","service discovery","1"
"666","quality of service","quality of service","0","service discovery","129"
"667","ubiquitous computing","ubiquitous computing","0","service discovery","5"
"668","websites","websites","0","service discovery","1"
"669","service compositions","##29027","1","service discovery","0"
"670","service oriented architecture (soa)","##29073","1","service discovery","0"
"671","ad hoc networks","##29089","1","service discovery","3"
"672","web service discovery","web service discovery","0","service discovery","0"
"673","internet","internet","0","service discovery","426"
"674","world wide web","world wide web","0","service discovery","297"
"675","distributed computer systems","distributed computer systems","0","service discovery","936"
"676","wireless telecommunication systems","wireless telecommunication systems","0","service discovery","10"
"677","middleware","middleware","0","service discovery","11"
"678","mobile ad hoc networks","##29764","1","service discovery","0"
"679","algorithms","algorithms","0","service discovery","8287"
"680","network protocols","network protocols","0","service discovery","1252"
"681","internet protocols","##30532","1","service discovery","82"
"682","service description","service description","0","service discovery","0"
"683","user interfaces","##29004","1","service discovery","1288"
"684","service composition","##29027","1","service discovery","0"
"685","international conferences","international conferences","0","service discovery","1"
"686","information theory","information theory","0","service discovery","323"
"687","mobile devices","##29264","1","service discovery","1"
"688","service provider","##30491","1","service discovery","4"
"689","web service","##28995","1","service discovery","3"
"690","telecommunication networks","telecommunication networks","0","service discovery","497"
"691","semantic web services","semantic web services","0","service discovery","0"
"692","wireless networks","##29280","1","service discovery","35"
"693","telecommunication services","telecommunication services","0","service discovery","686"
"694","service discovery protocol","service discovery protocol","0","service discovery","0"
"695","network architecture","network architecture","0","service discovery","36"
"696","mobile telecommunication systems","mobile telecommunication systems","0","service discovery","254"
"697","service oriented","##29230","1","service discovery","0"
"698","grid computing","grid computing","0","service discovery","0"
"699","pervasive computing","pervasive computing","0","service discovery","0"
"700","service selection","service selection","0","service discovery","0"
"701","information technology","information technology","0","service discovery","1035"
"702","interoperability","interoperability","0","service discovery","42"
"703","qos","qos","0","service discovery","11"
"704","information retrieval","information retrieval","0","service discovery","628"
"705","semantic service","##30249","1","service discovery","1"
"706","peer to peer networks","##29126","1","service discovery","0"
"707","mobile computing","mobile computing","0","service discovery","34"
"708","service matching","service matching","0","service discovery","0"
"709","ontology-based","##29013","1","service discovery","25"
"710","search engines","##29189","1","service discovery","12"
"711","manet","manet","0","service discovery","0"
"712","semantic descriptions","semantic descriptions","0","service discovery","1"
"713","computer simulation","computer simulation","0","service discovery","7784"
"714","computer software","computer software","0","service discovery","2850"
"715","computer science","computer science","0","service discovery","309"
"716","semantic web service discovery","semantic web service discovery","0","service discovery","0"
"717","information systems","##29011","1","service discovery","380"
"718","multi agent systems","##29008","1","service discovery","28"
"719","technology","technology","0","service discovery","493"
"720","service discovery mechanism","service discovery mechanism","0","service discovery","0"
"721","wireless sensor networks","##29304","1","wireless sensor network","1"
"722","sensor nodes","##29279","1","wireless sensor network","0"
"723","sensor networks","##29277","1","wireless sensor network","4"
"724","wireless sensor","##29639","1","wireless sensor network","0"
"725","sensors","sensors","0","wireless sensor network","780"
"726","wireless telecommunication systems","wireless telecommunication systems","0","wireless sensor network","10"
"727","algorithms","algorithms","0","wireless sensor network","8287"
"728","energy efficiency","energy efficiency","0","wireless sensor network","34"
"729","energy utilization","energy utilization","0","wireless sensor network","51"
"730","telecommunication equipment","telecommunication equipment","0","wireless sensor network","40"
"731","routing protocols","##29054","1","wireless sensor network","8"
"732","computer simulation","computer simulation","0","wireless sensor network","7784"
"733","network lifetime","network lifetime","0","wireless sensor network","0"
"734","wireless networks","##29280","1","wireless sensor network","35"
"735","energy consumption","##30589","1","wireless sensor network","51"
"736","network protocols","network protocols","0","wireless sensor network","1252"
"737","simulation result","simulation result","0","wireless sensor network","1"
"738","communication","communication","0","wireless sensor network","239"
"739","optimization","optimization","0","wireless sensor network","3065"
"740","cluster head","##31578","1","wireless sensor network","0"
"741","clustering algorithms","##29184","1","wireless sensor network","34"
"742","wireless sensor network (wsns)","##29304","1","wireless sensor network","1"
"743","zigbee","##29354","1","wireless sensor network","0"
"744","hybrid sensors","hybrid sensors","0","wireless sensor network","0"
"745","mobile computing","mobile computing","0","wireless sensor network","34"
"746","information technology","information technology","0","wireless sensor network","1035"
"747","network security","network security","0","wireless sensor network","10"
"748","telecommunication networks","telecommunication networks","0","wireless sensor network","497"
"749","clustering","clustering","0","wireless sensor network","84"
"750","network architecture","network architecture","0","wireless sensor network","36"
"751","computer science","computer science","0","wireless sensor network","309"
"752","routing algorithms","##29002","1","wireless sensor network","32"
"753","internet","internet","0","wireless sensor network","426"
"754","data aggregation","data aggregation","0","wireless sensor network","0"
"755","security","security","0","wireless sensor network","21"
"756","routing","routing","0","wireless sensor network","61"
"757","topology","topology","0","wireless sensor network","346"
"758","signal processing","signal processing","0","wireless sensor network","1070"
"759","electric network synthesis","electric network synthesis","0","wireless sensor network","273"
"760","data processing","data processing","0","wireless sensor network","795"
"761","electric network topology","electric network topology","0","wireless sensor network","334"
"762","wireless sensor node","##29589","1","wireless sensor network","0"
"763","ubiquitous computing","ubiquitous computing","0","wireless sensor network","5"
"764","ad hoc networks","##29089","1","wireless sensor network","3"
"765","artificial intelligence","artificial intelligence","0","wireless sensor network","1110"
"766","target tracking","target tracking","0","wireless sensor network","9"
"767","energy conservation","energy conservation","0","wireless sensor network","42"
"768","ieee 802.15.4","ieee 802.15.4","0","wireless sensor network","0"
"769","quality of service","quality of service","0","wireless sensor network","129"
"770","medium access control","##31131","1","wireless sensor network","22"
"771","computer networks","computer networks","0","wireless sensor network","1140"
"772","sink nodes","sink nodes","0","wireless sensor network","0"
"773","information science","information science","0","wireless sensor network","102"
"774","internet protocols","##30532","1","wireless sensor network","82"
"775","wireless communications","##29674","1","wireless sensor network","15"
"776","standards","standards","0","wireless sensor network","797"
"777","scheduling","scheduling","0","wireless sensor network","556"
"778","electric load forecasting","electric load forecasting","0","wireless sensor network","15"
"779","zig-bee","##29354","1","wireless sensor network","0"
"780","data acquisition","data acquisition","0","wireless sensor network","610"
