"1","artificial bee colony","##30678","1","artificial bee colonies","0"
"2","evolutionary algorithms","##29148","1","artificial bee colonies","1738"
"3","algorithms","algorithms","0","artificial bee colonies","22232"
"4","artificial intelligence","artificial intelligence","0","artificial bee colonies","6844"
"5","optimization","optimization","0","artificial bee colonies","10650"
"6","artificial bee colony algorithms","##29766","1","artificial bee colonies","0"
"7","artificial bee colony algorithm","##29766","1","artificial bee colonies","0"
"8","swarm intelligence","##29791","1","artificial bee colonies","118"
"9","particle swarm optimization (pso)","particle swarm optimization (pso)","0","artificial bee colonies","408"
"10","abc algorithms","abc algorithms","0","artificial bee colonies","0"
"11","genetic algorithms","##29021","1","artificial bee colonies","3691"
"12","cellular automata","cellular automata","0","artificial bee colonies","293"
"13","particle swarm optimization","##29857","1","artificial bee colonies","429"
"14","differential evolution","##29854","1","artificial bee colonies","106"
"15","problem solving","problem solving","0","artificial bee colonies","14260"
"16","foraging behaviors","foraging behaviors","0","artificial bee colonies","4"
"17","artificial bee colonies (abc)","##30678","1","artificial bee colonies","0"
"18","benchmarking","benchmarking","0","artificial bee colonies","957"
"19","multiobjective optimization","##31879","1","artificial bee colonies","644"
"20","artificial bee colony algorithms (abc)","##29766","1","artificial bee colonies","0"
"21","clustering algorithms","##29184","1","artificial bee colonies","1783"
"22","global optimization","global optimization","0","artificial bee colonies","633"
"23","heuristic algorithms","##29281","1","artificial bee colonies","857"
"24","constrained optimization","constrained optimization","0","artificial bee colonies","425"
"25","intelligent systems","intelligent systems","0","artificial bee colonies","2030"
"26","neural networks","##29022","1","artificial bee colonies","5889"
"27","scheduling","scheduling","0","artificial bee colonies","2219"
"28","computational complexity","computational complexity","0","artificial bee colonies","4565"
"29","particle swarm optimization algorithm","##29857","1","artificial bee colonies","429"
"30","genetic algorithm","##29021","1","artificial bee colonies","3691"
"31","simulation result","simulation result","0","artificial bee colonies","223"
"32","numerical optimizations","##29397","1","artificial bee colonies","27"
"33","parameter estimation","parameter estimation","0","artificial bee colonies","5310"
"34","heuristic methods","heuristic methods","0","artificial bee colonies","1073"
"35","convergence of numerical methods","convergence of numerical methods","0","artificial bee colonies","1371"
"36","design","design","0","artificial bee colonies","1828"
"37","learning algorithms","##29192","1","artificial bee colonies","1943"
"38","information technology","information technology","0","artificial bee colonies","4170"
"39","particle swarm","##29857","1","artificial bee colonies","429"
"40","combinatorial optimization","##31831","1","artificial bee colonies","357"
"41","exploration and exploitation","exploration and exploitation","0","artificial bee colonies","4"
"42","hybrid algorithms","##29435","1","artificial bee colonies","80"
"43","metaheuristic","##29678","1","artificial bee colonies","68"
"44","computer simulation","computer simulation","0","artificial bee colonies","21296"
"45","objective functions","##29593","1","artificial bee colonies","252"
"46","computation theory","computation theory","0","artificial bee colonies","2022"
"47","meta heuristics","##29678","1","artificial bee colonies","68"
"48","mathematical models","mathematical models","0","artificial bee colonies","17304"
"49","local optima","local optima","0","artificial bee colonies","4"
"50","scheduling algorithms","##29263","1","artificial bee colonies","896"
"51","bioinformatics","bioinformatics","0","artificial bee colonies","2963"
"52","data sets","data sets","0","artificial bee colonies","0"
"53","optimal solutions","optimal solutions","0","artificial bee colonies","213"
"54","image segmentation","image segmentation","0","artificial bee colonies","2476"
"55","computational results","##30763","1","artificial bee colonies","88"
"56","search spaces","##31830","1","artificial bee colonies","191"
"57","iterative methods","iterative methods","0","artificial bee colonies","1873"
"58","support vector machines","##29298","1","artificial bee colonies","2196"
"59","information science","information science","0","artificial bee colonies","1902"
"60","feature extraction","feature extraction","0","artificial bee colonies","4544"
"61","cloud computing","cloud computing","0","cloud infrastructures","0"
"62","virtual machines","##29066","1","cloud infrastructures","142"
"63","quality of service","quality of service","0","cloud infrastructures","2706"
"64","web services","##28995","1","cloud infrastructures","3463"
"65","computer systems","##29295","1","cloud infrastructures","2165"
"66","grid computing","grid computing","0","cloud infrastructures","1718"
"67","internet","internet","0","cloud infrastructures","6111"
"68","distributed computer systems","distributed computer systems","0","cloud infrastructures","3387"
"69","cloud services","##29109","1","cloud infrastructures","0"
"70","computer simulation","computer simulation","0","cloud infrastructures","21296"
"71","virtual reality","virtual reality","0","cloud infrastructures","3087"
"72","service level agreements","##29741","1","cloud infrastructures","76"
"73","algorithms","algorithms","0","cloud infrastructures","22232"
"74","distributed database systems","distributed database systems","0","cloud infrastructures","179"
"75","virtualizations","##29024","1","cloud infrastructures","121"
"76","resource allocation","resource allocation","0","cloud infrastructures","2533"
"77","energy utilization","energy utilization","0","cloud infrastructures","636"
"78","scheduling","scheduling","0","cloud infrastructures","2219"
"79","information management","information management","0","cloud infrastructures","3358"
"80","network architecture","network architecture","0","cloud infrastructures","1391"
"81","cloud providers","cloud providers","0","cloud infrastructures","0"
"82","information technology","information technology","0","cloud infrastructures","4170"
"83","cloud environments","cloud environments","0","cloud infrastructures","0"
"84","management","management","0","cloud infrastructures","1703"
"85","benchmarking","benchmarking","0","cloud infrastructures","957"
"86","optimization","optimization","0","cloud infrastructures","10650"
"87","research","research","0","cloud infrastructures","2668"
"88","infrastructure as a service (iaas)","infrastructure as a service (iaas)","0","cloud infrastructures","0"
"89","cloud service providers","cloud service providers","0","cloud infrastructures","0"
"90","map-reduce","##29341","1","cloud infrastructures","4"
"91","mapreduce","##29341","1","cloud infrastructures","4"
"92","costs","costs","0","cloud infrastructures","934"
"93","data processing","data processing","0","cloud infrastructures","2248"
"94","service provider","##30491","1","cloud infrastructures","238"
"95","industry","industry","0","cloud infrastructures","947"
"96","interoperability","interoperability","0","cloud infrastructures","834"
"97","information services","information services","0","cloud infrastructures","2460"
"98","scientific applications","scientific applications","0","cloud infrastructures","66"
"99","computing resource","computing resource","0","cloud infrastructures","19"
"100","ubiquitous computing","ubiquitous computing","0","cloud infrastructures","1846"
"101","energy efficiency","energy efficiency","0","cloud infrastructures","1120"
"102","cloud computing environments","cloud computing environments","0","cloud infrastructures","0"
"103","artificial intelligence","artificial intelligence","0","cloud infrastructures","6844"
"104","service oriented architecture (soa)","##29073","1","cloud infrastructures","301"
"105","middleware","middleware","0","cloud infrastructures","1258"
"106","computer science","computer science","0","cloud infrastructures","1917"
"107","network security","network security","0","cloud infrastructures","1410"
"108","distributed applications","distributed applications","0","cloud infrastructures","89"
"109","resource management","##30445","1","cloud infrastructures","412"
"110","mobile devices","##29264","1","cloud infrastructures","1397"
"111","information science","information science","0","cloud infrastructures","1902"
"112","autonomic computing","autonomic computing","0","cloud infrastructures","85"
"113","high performance computing","##29475","1","cloud infrastructures","161"
"114","visualization","visualization","0","cloud infrastructures","1863"
"115","virtualization","##29024","1","cloud infrastructures","121"
"116","semantics","##29518","1","cloud infrastructures","4884"
"117","windows operating system","windows operating system","0","cloud infrastructures","103"
"118","computer programming","computer programming","0","cloud infrastructures","1320"
"119","computing paradigm","computing paradigm","0","cloud infrastructures","7"
"120","service level agreement","##29741","1","cloud infrastructures","76"
"121","cloud computing","cloud computing","0","cloud providers","0"
"122","computer systems","##29295","1","cloud providers","2165"
"123","cloud services","##29109","1","cloud providers","0"
"124","virtual machines","##29066","1","cloud providers","142"
"125","virtualizations","##29024","1","cloud providers","121"
"126","quality of service","quality of service","0","cloud providers","2706"
"127","service level agreements","##29741","1","cloud providers","76"
"128","computer simulation","computer simulation","0","cloud providers","21296"
"129","web services","##28995","1","cloud providers","3463"
"130","costs","costs","0","cloud providers","934"
"131","distributed database systems","distributed database systems","0","cloud providers","179"
"132","computing resource","computing resource","0","cloud providers","19"
"133","grid computing","grid computing","0","cloud providers","1718"
"134","commerce","commerce","0","cloud providers","907"
"135","resource allocation","resource allocation","0","cloud providers","2533"
"136","internet","internet","0","cloud providers","6111"
"137","algorithms","algorithms","0","cloud providers","22232"
"138","security","security","0","cloud providers","854"
"139","optimization","optimization","0","cloud providers","10650"
"140","cryptography","cryptography","0","cloud providers","2081"
"141","information technology","information technology","0","cloud providers","4170"
"142","information management","information management","0","cloud providers","3358"
"143","computing environments","computing environments","0","cloud providers","55"
"144","virtualization","##29024","1","cloud providers","121"
"145","cloud systems","cloud systems","0","cloud providers","0"
"146","security of data","security of data","0","cloud providers","3384"
"147","industry","industry","0","cloud providers","947"
"148","amazon ec2","amazon ec2","0","cloud providers","0"
"149","computing paradigm","computing paradigm","0","cloud providers","7"
"150","virtual reality","virtual reality","0","cloud providers","3087"
"151","resource provisioning","resource provisioning","0","cloud providers","8"
"152","data privacy","data privacy","0","cloud providers","837"
"153","service provider","##30491","1","cloud providers","238"
"154","resource management","##30445","1","cloud providers","412"
"155","network security","network security","0","cloud providers","1410"
"156","scheduling","scheduling","0","cloud providers","2219"
"157","information systems","##29011","1","cloud providers","5074"
"158","interoperability","interoperability","0","cloud providers","834"
"159","network architecture","network architecture","0","cloud providers","1391"
"160","software as a service","software as a service","0","cloud providers","4"
"161","communication","communication","0","cloud providers","2518"
"162","computing infrastructures","computing infrastructures","0","cloud providers","9"
"163","access control","access control","0","cloud providers","1865"
"164","security and privacy","security and privacy","0","cloud providers","68"
"165","business models","##29698","1","cloud providers","147"
"166","middleware","middleware","0","cloud providers","1258"
"167","semantics","##29518","1","cloud providers","4884"
"168","cloud environments","cloud environments","0","cloud providers","0"
"169","map-reduce","##29341","1","cloud providers","4"
"170","distributed computer systems","distributed computer systems","0","cloud providers","3387"
"171","fault tolerance","##30717","1","cloud providers","942"
"172","third parties","third parties","0","cloud providers","54"
"173","energy efficiency","energy efficiency","0","cloud providers","1120"
"174","extensive simulations","extensive simulations","0","cloud providers","105"
"175","management","management","0","cloud providers","1703"
"176","security issues","##29255","1","cloud providers","132"
"177","runtimes","runtimes","0","cloud providers","0"
"178","scheduling algorithms","##29263","1","cloud providers","896"
"179","computing system","computing system","0","cloud providers","19"
"180","security systems","security systems","0","cloud providers","1228"
"181","cloud computing","cloud computing","0","cloud security","0"
"182","cloud securities","##29328","1","cloud security","0"
"183","computer systems","##29295","1","cloud security","2165"
"184","network security","network security","0","cloud security","1410"
"185","cloud services","##29109","1","cloud security","0"
"186","security of data","security of data","0","cloud security","3384"
"187","cryptography","cryptography","0","cloud security","2081"
"188","data privacy","data privacy","0","cloud security","837"
"189","information technology","information technology","0","cloud security","4170"
"190","web services","##28995","1","cloud security","3463"
"191","internet","internet","0","cloud security","6111"
"192","security issues","##29255","1","cloud security","132"
"193","virtualizations","##29024","1","cloud security","121"
"194","information science","information science","0","cloud security","1902"
"195","access control","access control","0","cloud security","1865"
"196","authentication","authentication","0","cloud security","1390"
"197","virtual machines","##29066","1","cloud security","142"
"198","distributed database systems","distributed database systems","0","cloud security","179"
"199","cloud providers","cloud providers","0","cloud security","0"
"200","grid computing","grid computing","0","cloud security","1718"
"201","cloud service providers","cloud service providers","0","cloud security","0"
"202","computer crime","computer crime","0","cloud security","981"
"203","service level agreements","##29741","1","cloud security","76"
"204","security challenges","security challenges","0","cloud security","17"
"205","computing environments","computing environments","0","cloud security","55"
"206","iaas","iaas","0","cloud security","0"
"207","quality of service","quality of service","0","cloud security","2706"
"208","forestry","forestry","0","cloud security","2734"
"209","network architecture","network architecture","0","cloud security","1391"
"210","security requirements","security requirements","0","cloud security","91"
"211","computer simulation","computer simulation","0","cloud security","21296"
"212","computer viruses","computer viruses","0","cloud security","165"
"213","industry","industry","0","cloud security","947"
"214","virtual reality","virtual reality","0","cloud security","3087"
"215","computing paradigm","computing paradigm","0","cloud security","7"
"216","security and privacy","security and privacy","0","cloud security","68"
"217","virtualization","##29024","1","cloud security","121"
"218","information systems","##29011","1","cloud security","5074"
"219","ubiquitous computing","ubiquitous computing","0","cloud security","1846"
"220","security systems","security systems","0","cloud security","1228"
"221","third parties","third parties","0","cloud security","54"
"222","intrusion detection","##29325","1","cloud security","873"
"223","management","management","0","cloud security","1703"
"224","security problems","##29255","1","cloud security","132"
"225","computing system","computing system","0","cloud security","19"
"226","cloud systems","cloud systems","0","cloud security","0"
"227","software engineering","software engineering","0","cloud security","3276"
"228","computing resource","computing resource","0","cloud security","19"
"229","computer science","computer science","0","cloud security","1917"
"230","service provider","##30491","1","cloud security","238"
"231","algorithms","algorithms","0","cloud security","22232"
"232","privacy","privacy","0","cloud security","385"
"233","hardware","hardware","0","cloud security","532"
"234","interoperability","interoperability","0","cloud security","834"
"235","computing infrastructures","computing infrastructures","0","cloud security","9"
"236","computer privacy","computer privacy","0","cloud security","77"
"237","intelligent computing","intelligent computing","0","cloud security","6"
"238","distributed computer systems","distributed computer systems","0","cloud security","3387"
"239","data handling","data handling","0","cloud security","377"
"240","mobile devices","##29264","1","cloud security","1397"
"241","cloud computing","cloud computing","0","cloud services","0"
"242","distributed database systems","distributed database systems","0","cloud services","179"
"243","web services","##28995","1","cloud services","3463"
"244","computer systems","##29295","1","cloud services","2165"
"245","information technology","information technology","0","cloud services","4170"
"246","quality of service","quality of service","0","cloud services","2706"
"247","cloud providers","cloud providers","0","cloud services","0"
"248","cloud service","##29109","1","cloud services","0"
"249","service provider","##30491","1","cloud services","238"
"250","internet","internet","0","cloud services","6111"
"251","virtualizations","##29024","1","cloud services","121"
"252","grid computing","grid computing","0","cloud services","1718"
"253","mobile devices","##29264","1","cloud services","1397"
"254","industry","industry","0","cloud services","947"
"255","virtual machines","##29066","1","cloud services","142"
"256","costs","costs","0","cloud services","934"
"257","service level agreements","##29741","1","cloud services","76"
"258","security of data","security of data","0","cloud services","3384"
"259","algorithms","algorithms","0","cloud services","22232"
"260","computing environments","computing environments","0","cloud services","55"
"261","network architecture","network architecture","0","cloud services","1391"
"262","computer simulation","computer simulation","0","cloud services","21296"
"263","optimization","optimization","0","cloud services","10650"
"264","communication","communication","0","cloud services","2518"
"265","computing resource","computing resource","0","cloud services","19"
"266","middleware","middleware","0","cloud services","1258"
"267","security","security","0","cloud services","854"
"268","data privacy","data privacy","0","cloud services","837"
"269","information management","information management","0","cloud services","3358"
"270","virtual reality","virtual reality","0","cloud services","3087"
"271","information systems","##29011","1","cloud services","5074"
"272","access control","access control","0","cloud services","1865"
"273","cryptography","cryptography","0","cloud services","2081"
"274","computing services","computing services","0","cloud services","9"
"275","virtualization","##29024","1","cloud services","121"
"276","semantics","##29518","1","cloud services","4884"
"277","software as a service","software as a service","0","cloud services","4"
"278","user interfaces","##29004","1","cloud services","5237"
"279","commerce","commerce","0","cloud services","907"
"280","cloud systems","cloud systems","0","cloud services","0"
"281","management","management","0","cloud services","1703"
"282","information services","information services","0","cloud services","2460"
"283","ubiquitous computing","ubiquitous computing","0","cloud services","1846"
"284","computing paradigm","computing paradigm","0","cloud services","7"
"285","resource allocation","resource allocation","0","cloud services","2533"
"286","service oriented architecture (soa)","##29073","1","cloud services","301"
"287","distributed computer systems","distributed computer systems","0","cloud services","3387"
"288","scheduling","scheduling","0","cloud services","2219"
"289","ontology","##29013","1","cloud services","2446"
"290","network security","network security","0","cloud services","1410"
"291","computer science","computer science","0","cloud services","1917"
"292","interoperability","interoperability","0","cloud services","834"
"293","internet protocols","##30532","1","cloud services","2347"
"294","map-reduce","##29341","1","cloud services","4"
"295","saas","saas","0","cloud services","5"
"296","research","research","0","cloud services","2668"
"297","cloud service providers","cloud service providers","0","cloud services","0"
"298","privacy","privacy","0","cloud services","385"
"299","information science","information science","0","cloud services","1902"
"300","mobile applications","##29612","1","cloud services","146"
"361","cloud storage","##29401","1","cloud storages","0"
"362","cloud computing","cloud computing","0","cloud storages","0"
"363","cryptography","cryptography","0","cloud storages","2081"
"364","security of data","security of data","0","cloud storages","3384"
"365","access control","access control","0","cloud storages","1865"
"366","algorithms","algorithms","0","cloud storages","22232"
"367","information management","information management","0","cloud storages","3358"
"368","data privacy","data privacy","0","cloud storages","837"
"369","security","security","0","cloud storages","854"
"370","optimization","optimization","0","cloud storages","10650"
"371","costs","costs","0","cloud storages","934"
"372","internet","internet","0","cloud storages","6111"
"373","information technology","information technology","0","cloud storages","4170"
"374","network security","network security","0","cloud storages","1410"
"375","computer systems","##29295","1","cloud storages","2165"
"376","mobile devices","##29264","1","cloud storages","1397"
"377","metadata","metadata","0","cloud storages","1104"
"378","distributed computer systems","distributed computer systems","0","cloud storages","3387"
"379","cloud providers","cloud providers","0","cloud storages","0"
"380","distributed database systems","distributed database systems","0","cloud storages","179"
"381","search engines","##29189","1","cloud storages","1971"
"382","public key cryptography","##29203","1","cloud storages","846"
"383","data security","data security","0","cloud storages","70"
"384","cloud data","cloud data","0","cloud storages","2"
"385","cloud services","##29109","1","cloud storages","0"
"386","communication","communication","0","cloud storages","2518"
"387","ciphertexts","##29117","1","cloud storages","37"
"388","technology","technology","0","cloud storages","4944"
"389","fault tolerance","##30717","1","cloud storages","942"
"390","management","management","0","cloud storages","1703"
"391","privacy preserving","##29143","1","cloud storages","53"
"392","hash functions","##29133","1","cloud storages","150"
"393","cloud environments","cloud environments","0","cloud storages","0"
"394","proxy re encryptions","##29927","1","cloud storages","2"
"395","multiprocessing systems","multiprocessing systems","0","cloud storages","311"
"396","cloud service providers","cloud service providers","0","cloud storages","0"
"397","grid computing","grid computing","0","cloud storages","1718"
"398","virtual storage","virtual storage","0","cloud storages","45"
"399","web services","##28995","1","cloud storages","3463"
"400","key management","key management","0","cloud storages","96"
"401","information science","information science","0","cloud storages","1902"
"402","distributed storage system","distributed storage system","0","cloud storages","6"
"403","secret sharing","secret sharing","0","cloud storages","55"
"404","industry","industry","0","cloud storages","947"
"405","peer to peer networks","##29126","1","cloud storages","258"
"406","artificial intelligence","artificial intelligence","0","cloud storages","6844"
"407","semantics","##29518","1","cloud storages","4884"
"408","file systems","##29775","1","cloud storages","122"
"409","computer science","computer science","0","cloud storages","1917"
"410","quality of service","quality of service","0","cloud storages","2706"
"411","authentication","authentication","0","cloud storages","1390"
"412","security analysis","security analysis","0","cloud storages","84"
"413","regenerating codes","regenerating codes","0","cloud storages","1"
"414","bandwidth","bandwidth","0","cloud storages","2272"
"415","service provider","##30491","1","cloud storages","238"
"416","software engineering","software engineering","0","cloud storages","3276"
"417","hadoop","hadoop","0","cloud storages","0"
"418","encrypted data","encrypted data","0","cloud storages","10"
"419","cryptographic primitives","cryptographic primitives","0","cloud storages","18"
"420","cloud securities","##29328","1","cloud storages","0"
"421","embedded systems","##29262","1","cyber physical systems (cpss)","2199"
"422","cyber-physical systems","##31505","1","cyber physical systems (cpss)","1"
"423","models","models","0","cyber physical systems (cpss)","565"
"424","cyber-physical systems (cps)","##31505","1","cyber physical systems (cpss)","1"
"425","cyber-physical system","##31505","1","cyber physical systems (cpss)","1"
"426","algorithms","algorithms","0","cyber physical systems (cpss)","22232"
"427","design","design","0","cyber physical systems (cpss)","1828"
"428","sensors","sensors","0","cyber physical systems (cpss)","3466"
"429","computer simulation","computer simulation","0","cyber physical systems (cpss)","21296"
"430","smart power grids","smart power grids","0","cyber physical systems (cpss)","0"
"431","semantics","##29518","1","cyber physical systems (cpss)","4884"
"432","smart grid","##28996","1","cyber physical systems (cpss)","3"
"433","internet","internet","0","cyber physical systems (cpss)","6111"
"434","cyber physical systems","##31505","1","cyber physical systems (cpss)","1"
"435","communication","communication","0","cyber physical systems (cpss)","2518"
"436","information technology","information technology","0","cyber physical systems (cpss)","4170"
"437","security of data","security of data","0","cyber physical systems (cpss)","3384"
"438","wireless sensor networks","##29304","1","cyber physical systems (cpss)","3090"
"439","internet of things (iot)","internet of things (iot)","0","cyber physical systems (cpss)","2"
"440","scheduling","scheduling","0","cyber physical systems (cpss)","2219"
"441","optimization","optimization","0","cyber physical systems (cpss)","10650"
"442","sensor networks","##29277","1","cyber physical systems (cpss)","2816"
"443","sensor nodes","##29279","1","cyber physical systems (cpss)","519"
"444","middleware","middleware","0","cyber physical systems (cpss)","1258"
"445","wireless telecommunication systems","wireless telecommunication systems","0","cyber physical systems (cpss)","3704"
"446","security","security","0","cyber physical systems (cpss)","854"
"447","real time systems","##29005","1","cyber physical systems (cpss)","3242"
"448","cps","cps","0","cyber physical systems (cpss)","9"
"449","network security","network security","0","cyber physical systems (cpss)","1410"
"450","automata theory","automata theory","0","cyber physical systems (cpss)","500"
"451","energy utilization","energy utilization","0","cyber physical systems (cpss)","636"
"452","information science","information science","0","cyber physical systems (cpss)","1902"
"453","research","research","0","cyber physical systems (cpss)","2668"
"454","software engineering","software engineering","0","cyber physical systems (cpss)","3276"
"455","model checking","##29186","1","cyber physical systems (cpss)","958"
"456","ubiquitous computing","ubiquitous computing","0","cyber physical systems (cpss)","1846"
"457","hardware","hardware","0","cyber physical systems (cpss)","532"
"458","specifications","##29196","1","cyber physical systems (cpss)","966"
"459","artificial intelligence","artificial intelligence","0","cyber physical systems (cpss)","6844"
"460","internet of things","internet of things","0","cyber physical systems (cpss)","4"
"461","fault tolerance","##30717","1","cyber physical systems (cpss)","942"
"462","information management","information management","0","cyber physical systems (cpss)","3358"
"463","data processing","data processing","0","cyber physical systems (cpss)","2248"
"464","network architecture","network architecture","0","cyber physical systems (cpss)","1391"
"465","automation","automation","0","cyber physical systems (cpss)","2840"
"466","networked control systems","##29841","1","cyber physical systems (cpss)","115"
"467","distributed computer systems","distributed computer systems","0","cyber physical systems (cpss)","3387"
"468","intelligent systems","intelligent systems","0","cyber physical systems (cpss)","2030"
"469","information services","information services","0","cyber physical systems (cpss)","2460"
"470","verification","verification","0","cyber physical systems (cpss)","1008"
"471","computer science","computer science","0","cyber physical systems (cpss)","1917"
"472","systems analysis","systems analysis","0","cyber physical systems (cpss)","2574"
"473","quality of service","quality of service","0","cyber physical systems (cpss)","2706"
"474","systems engineering","systems engineering","0","cyber physical systems (cpss)","777"
"475","computer crime","computer crime","0","cyber physical systems (cpss)","981"
"476","information systems","##29011","1","cyber physical systems (cpss)","5074"
"477","intelligent buildings","intelligent buildings","0","cyber physical systems (cpss)","102"
"478","wireless sensor network (wsns)","##29304","1","cyber physical systems (cpss)","3090"
"479","hybrid automatons","hybrid automatons","0","cyber physical systems (cpss)","7"
"480","embedded software","embedded software","0","cyber physical systems (cpss)","66"
"541","search engines","##29189","1","information retrieval technology","1971"
"542","computer networks","computer networks","0","information retrieval technology","5017"
"543","information technology","information technology","0","information retrieval technology","4170"
"544","information services","information services","0","information retrieval technology","2460"
"545","technology","technology","0","information retrieval technology","4944"
"546","information analysis","information analysis","0","information retrieval technology","2042"
"547","information retrieval","information retrieval","0","information retrieval technology","4374"
"548","retrieval (mir)","retrieval (mir)","0","information retrieval technology","160"
"549","information science","information science","0","information retrieval technology","1902"
"550","heidelberg (co)","heidelberg (co)","0","information retrieval technology","147"
"551","natural language processing systems","natural language processing systems","0","information retrieval technology","1212"
"552","information theory","information theory","0","information retrieval technology","2890"
"553","mathematical models","mathematical models","0","information retrieval technology","17304"
"554","semantics","##29518","1","information retrieval technology","4884"
"555","algorithms","algorithms","0","information retrieval technology","22232"
"556","scheduling algorithms","##29263","1","information retrieval technology","896"
"557","evolutionary algorithms","##29148","1","information retrieval technology","1738"
"558","world wide web","world wide web","0","information retrieval technology","2674"
"559","boolean functions","boolean functions","0","information retrieval technology","1985"
"560","computational linguistics","computational linguistics","0","information retrieval technology","732"
"561","learning systems","learning systems","0","information retrieval technology","5147"
"562","internet","internet","0","information retrieval technology","6111"
"563","flow of solids","flow of solids","0","information retrieval technology","385"
"564","content based retrieval","##29175","1","information retrieval technology","618"
"565","multitasking","multitasking","0","information retrieval technology","258"
"566","information retrieval systems","information retrieval systems","0","information retrieval technology","855"
"567","linguistics","linguistics","0","information retrieval technology","2118"
"568","integer programming","integer programming","0","information retrieval technology","834"
"569","computer software","computer software","0","information retrieval technology","4615"
"570","numerical methods","##29303","1","information retrieval technology","3918"
"571","web pages","web pages","0","information retrieval technology","144"
"572","metropolitan area networks","metropolitan area networks","0","information retrieval technology","550"
"573","aerospace applications","aerospace applications","0","information retrieval technology","140"
"574","network protocols","network protocols","0","information retrieval technology","3816"
"575","image retrieval","image retrieval","0","information retrieval technology","1043"
"576","feature extraction","feature extraction","0","information retrieval technology","4544"
"577","fuzzy logic","##29288","1","information retrieval technology","2145"
"578","number theory","number theory","0","information retrieval technology","580"
"579","ontology","##29013","1","information retrieval technology","2446"
"580","text processing","text processing","0","information retrieval technology","864"
"581","clustering algorithms","##29184","1","information retrieval technology","1783"
"582","set theory","set theory","0","information retrieval technology","1851"
"583","computational methods","computational methods","0","information retrieval technology","4273"
"584","data sets","data sets","0","information retrieval technology","0"
"585","classification (of information)","classification (of information)","0","information retrieval technology","3074"
"586","information systems","##29011","1","information retrieval technology","5074"
"587","artificial intelligence","artificial intelligence","0","information retrieval technology","6844"
"588","graph theory","graph theory","0","information retrieval technology","3157"
"589","probability distributions","##29294","1","information retrieval technology","1126"
"590","industrial economics","industrial economics","0","information retrieval technology","606"
"591","standards","standards","0","information retrieval technology","2682"
"592","video streaming","video streaming","0","information retrieval technology","802"
"593","retrieval performance","retrieval performance","0","information retrieval technology","56"
"594","hypertext systems","hypertext systems","0","information retrieval technology","133"
"595","semantic information","##29913","1","information retrieval technology","249"
"596","support vector machines","##29298","1","information retrieval technology","2196"
"597","language modelling","language modelling","0","information retrieval technology","29"
"598","probability","probability","0","information retrieval technology","4439"
"599","markup languages","markup languages","0","information retrieval technology","584"
"600","spamming","spamming","0","information retrieval technology","129"
"601","internet","internet","0","iot","6111"
"602","internet of things (iot)","internet of things (iot)","0","iot","2"
"603","internet of things","internet of things","0","iot","4"
"604","rfid","rfid","0","iot","298"
"605","sensors","sensors","0","iot","3466"
"606","wireless sensor networks","##29304","1","iot","3090"
"607","internet protocols","##30532","1","iot","2347"
"608","wsn","wsn","0","iot","61"
"609","ubiquitous computing","ubiquitous computing","0","iot","1846"
"610","communication","communication","0","iot","2518"
"611","network architecture","network architecture","0","iot","1391"
"612","information technology","information technology","0","iot","4170"
"613","algorithms","algorithms","0","iot","22232"
"614","cloud computing","cloud computing","0","iot","0"
"615","sensor networks","##29277","1","iot","2816"
"616","web services","##28995","1","iot","3463"
"617","security","security","0","iot","854"
"618","electronic commerce","electronic commerce","0","iot","1882"
"619","cryptography","cryptography","0","iot","2081"
"620","artificial intelligence","artificial intelligence","0","iot","6844"
"621","intelligent buildings","intelligent buildings","0","iot","102"
"622","telecommunication networks","telecommunication networks","0","iot","2017"
"623","automation","automation","0","iot","2840"
"624","information services","information services","0","iot","2460"
"625","middleware","middleware","0","iot","1258"
"626","mobile devices","##29264","1","iot","1397"
"627","sensor nodes","##29279","1","iot","519"
"628","wireless telecommunication systems","wireless telecommunication systems","0","iot","3704"
"629","6lowpan","6lowpan","0","iot","3"
"630","computer science","computer science","0","iot","1917"
"631","security of data","security of data","0","iot","3384"
"632","technology","technology","0","iot","4944"
"633","information management","information management","0","iot","3358"
"634","standards","standards","0","iot","2682"
"635","quality of service","quality of service","0","iot","2706"
"636","authentication","authentication","0","iot","1390"
"637","ipv6","ipv6","0","iot","49"
"638","management","management","0","iot","1703"
"639","research","research","0","iot","2668"
"640","data processing","data processing","0","iot","2248"
"641","semantics","##29518","1","iot","4884"
"642","privacy","privacy","0","iot","385"
"643","soa","soa","0","iot","110"
"644","gateways (computer networks)","gateways (computer networks)","0","iot","294"
"645","network security","network security","0","iot","1410"
"646","energy utilization","energy utilization","0","iot","636"
"647","intelligent systems","intelligent systems","0","iot","2030"
"648","service oriented architecture (soa)","##29073","1","iot","301"
"649","information science","information science","0","iot","1902"
"650","sensor","sensor","0","iot","585"
"651","rfid technology","rfid technology","0","iot","61"
"652","wireless sensor","##29639","1","iot","421"
"653","smart objects","smart objects","0","iot","11"
"654","heterogeneous networks","##30444","1","iot","196"
"655","industry","industry","0","iot","947"
"656","zigbee","##29354","1","iot","63"
"657","data privacy","data privacy","0","iot","837"
"658","mobile computing","mobile computing","0","iot","1203"
"659","smart power grids","smart power grids","0","iot","0"
"660","mobile telecommunication systems","mobile telecommunication systems","0","iot","1943"
"661","linked open datum","linked open datum","0","linked open data","0"
"662","semantic web","##31848","1","linked open data","1425"
"663","semantics","##29518","1","linked open data","4884"
"664","ontology","##29013","1","linked open data","2446"
"665","world wide web","world wide web","0","linked open data","2674"
"666","data handling","data handling","0","linked open data","377"
"667","linked datum","##29214","1","linked open data","6"
"668","metadata","metadata","0","linked open data","1104"
"669","rdf","rdf","0","linked open data","54"
"670","knowledge based systems","##29006","1","linked open data","1593"
"671","visualization","visualization","0","linked open data","1863"
"672","data sets","data sets","0","linked open data","0"
"673","user interfaces","##29004","1","linked open data","5237"
"674","knowledge base","##29170","1","linked open data","311"
"675","ontologies","##29013","1","linked open data","2446"
"676","data integration","data integration","0","linked open data","192"
"677","dbpedia","dbpedia","0","linked open data","0"
"678","semantic technologies","##29052","1","linked open data","42"
"679","resource description framework","resource description framework","0","linked open data","28"
"680","information management","information management","0","linked open data","3358"
"681","digital libraries","##29150","1","linked open data","769"
"682","flow visualization","flow visualization","0","linked open data","99"
"683","sparql","sparql","0","linked open data","9"
"684","semantic web technology","##31848","1","linked open data","1425"
"685","research","research","0","linked open data","2668"
"686","information retrieval","information retrieval","0","linked open data","4374"
"687","computer applications","##29296","1","linked open data","684"
"688","natural language processing systems","natural language processing systems","0","linked open data","1212"
"689","data mining","data mining","0","linked open data","3411"
"690","information science","information science","0","linked open data","1902"
"691","social networking (online)","social networking (online)","0","linked open data","208"
"692","information systems","##29011","1","linked open data","5074"
"693","websites","websites","0","linked open data","1626"
"694","knowledge management","knowledge management","0","linked open data","1553"
"695","linked data","##29214","1","linked open data","6"
"696","web services","##28995","1","linked open data","3463"
"697","social networks","##29010","1","linked open data","392"
"698","personalizations","##29406","1","linked open data","285"
"699","tools","tools","0","linked open data","551"
"700","integration","integration","0","linked open data","1144"
"701","personalization","##29406","1","linked open data","285"
"702","semantic data","semantic data","0","linked open data","8"
"703","government data processing","government data processing","0","linked open data","211"
"704","semantic search","semantic search","0","linked open data","48"
"705","wordnet","wordnet","0","linked open data","72"
"706","web application","##29075","1","linked open data","327"
"707","search engines","##29189","1","linked open data","1971"
"708","owl","owl","0","linked open data","110"
"709","multimedia systems","multimedia systems","0","linked open data","1722"
"710","algorithms","algorithms","0","linked open data","22232"
"711","information technology","information technology","0","linked open data","4170"
"712","semantic relationships","##29913","1","linked open data","249"
"713","electronic document exchange","electronic document exchange","0","linked open data","203"
"714","virtual reality","virtual reality","0","linked open data","3087"
"715","artificial intelligence","artificial intelligence","0","linked open data","6844"
"716","query processing","query processing","0","linked open data","1769"
"717","management","management","0","linked open data","1703"
"718","bioinformatics","bioinformatics","0","linked open data","2963"
"719","dublin core","dublin core","0","linked open data","18"
"720","learning systems","learning systems","0","linked open data","5147"
"721","linked open data","linked open data","0","linked open datum","0"
"722","semantic web","##31848","1","linked open datum","1425"
"723","linked datum","##29214","1","linked open datum","6"
"724","semantics","##29518","1","linked open datum","4884"
"725","data handling","data handling","0","linked open datum","377"
"726","world wide web","world wide web","0","linked open datum","2674"
"727","ontology","##29013","1","linked open datum","2446"
"728","metadata","metadata","0","linked open datum","1104"
"729","linked data","##29214","1","linked open datum","6"
"730","rdf","rdf","0","linked open datum","54"
"731","knowledge based systems","##29006","1","linked open datum","1593"
"732","artificial intelligence","artificial intelligence","0","linked open datum","6844"
"733","computer science","computer science","0","linked open datum","1917"
"734","semantic web technology","##31848","1","linked open datum","1425"
"735","research","research","0","linked open datum","2668"
"736","information retrieval","information retrieval","0","linked open datum","4374"
"737","tools","tools","0","linked open datum","551"
"738","search engines","##29189","1","linked open datum","1971"
"739","knowledge management","knowledge management","0","linked open datum","1553"
"740","visualization","visualization","0","linked open datum","1863"
"741","web of datum","web of datum","0","linked open datum","3"
"742","natural language processing systems","natural language processing systems","0","linked open datum","1212"
"743","websites","websites","0","linked open datum","1626"
"744","information management","information management","0","linked open datum","3358"
"745","digital libraries","##29150","1","linked open datum","769"
"746","database systems","database systems","0","linked open datum","4450"
"747","knowledge engineering","knowledge engineering","0","linked open datum","738"
"748","data integration","data integration","0","linked open datum","192"
"749","query processing","query processing","0","linked open datum","1769"
"750","data sets","data sets","0","linked open datum","0"
"751","algorithms","algorithms","0","linked open datum","22232"
"752","data processing","data processing","0","linked open datum","2248"
"753","semantic technologies","##29052","1","linked open datum","42"
"754","web services","##28995","1","linked open datum","3463"
"755","semantic annotations","##29030","1","linked open datum","110"
"756","dbpedia","dbpedia","0","linked open datum","0"
"757","computer applications","##29296","1","linked open datum","684"
"758","sparql","sparql","0","linked open datum","9"
"759","knowledge base","##29170","1","linked open datum","311"
"760","management","management","0","linked open datum","1703"
"761","ontologies","##29013","1","linked open datum","2446"
"762","internet","internet","0","linked open datum","6111"
"763","recommender systems","##29083","1","linked open datum","200"
"764","user interfaces","##29004","1","linked open datum","5237"
"765","semantic web applications","semantic web applications","0","linked open datum","36"
"766","rdf data","rdf data","0","linked open datum","14"
"767","flow visualization","flow visualization","0","linked open datum","99"
"768","information science","information science","0","linked open datum","1902"
"769","semantic relationships","##29913","1","linked open datum","249"
"770","information systems","##29011","1","linked open datum","5074"
"771","information technology","information technology","0","linked open datum","4170"
"772","industry","industry","0","linked open datum","947"
"773","computer programming","computer programming","0","linked open datum","1320"
"774","knowledge basis","knowledge basis","0","linked open datum","24"
"775","web application","##29075","1","linked open datum","327"
"776","social networking (online)","social networking (online)","0","linked open datum","208"
"777","query languages","query languages","0","linked open datum","1230"
"778","computers","computers","0","linked open datum","782"
"779","mash-up","##30145","1","linked open datum","14"
"780","sensor networks","##29277","1","linked open datum","2816"
"781","map-reduce","##29341","1","mapreduce frameworks","4"
"782","mapreduce","##29341","1","mapreduce frameworks","4"
"783","algorithms","algorithms","0","mapreduce frameworks","22232"
"784","cloud computing","cloud computing","0","mapreduce frameworks","0"
"785","data mining","data mining","0","mapreduce frameworks","3411"
"786","big datum","big datum","0","mapreduce frameworks","0"
"787","data handling","data handling","0","mapreduce frameworks","377"
"788","data processing","data processing","0","mapreduce frameworks","2248"
"789","hadoop","hadoop","0","mapreduce frameworks","0"
"790","big data","big data","0","mapreduce frameworks","0"
"791","distributed computer systems","distributed computer systems","0","mapreduce frameworks","3387"
"792","optimization","optimization","0","mapreduce frameworks","10650"
"793","database systems","database systems","0","mapreduce frameworks","4450"
"794","fault tolerance","##30717","1","mapreduce frameworks","942"
"795","scheduling","scheduling","0","mapreduce frameworks","2219"
"796","clustering algorithms","##29184","1","mapreduce frameworks","1783"
"797","iterative methods","iterative methods","0","mapreduce frameworks","1873"
"798","programming models","##29197","1","mapreduce frameworks","90"
"799","distributed file systems","##30530","1","mapreduce frameworks","22"
"800","query processing","query processing","0","mapreduce frameworks","1769"
"801","benchmarking","benchmarking","0","mapreduce frameworks","957"
"802","software engineering","software engineering","0","mapreduce frameworks","3276"
"803","information management","information management","0","mapreduce frameworks","3358"
"804","parallel architectures","parallel architectures","0","mapreduce frameworks","153"
"805","distributed computing","distributed computing","0","mapreduce frameworks","185"
"806","query languages","query languages","0","mapreduce frameworks","1230"
"807","parallel computation","##29747","1","mapreduce frameworks","64"
"808","computer science","computer science","0","mapreduce frameworks","1917"
"809","computer systems","##29295","1","mapreduce frameworks","2165"
"810","parallel processing","parallel processing","0","mapreduce frameworks","247"
"811","bioinformatics","bioinformatics","0","mapreduce frameworks","2963"
"812","map-reduce programming","map-reduce programming","0","mapreduce frameworks","0"
"813","program processors","program processors","0","mapreduce frameworks","1186"
"814","forestry","forestry","0","mapreduce frameworks","2734"
"815","learning systems","learning systems","0","mapreduce frameworks","5147"
"816","parallel programming model","parallel programming model","0","mapreduce frameworks","5"
"817","computer programming","computer programming","0","mapreduce frameworks","1320"
"818","artificial intelligence","artificial intelligence","0","mapreduce frameworks","6844"
"819","forecasting","forecasting","0","mapreduce frameworks","1835"
"820","data warehouses","##29272","1","mapreduce frameworks","298"
"821","data privacy","data privacy","0","mapreduce frameworks","837"
"822","cluster computing","cluster computing","0","mapreduce frameworks","135"
"823","search engines","##29189","1","mapreduce frameworks","1971"
"824","graph theory","graph theory","0","mapreduce frameworks","3157"
"825","parallel computing","parallel computing","0","mapreduce frameworks","350"
"826","data-intensive application","data-intensive application","0","mapreduce frameworks","5"
"827","internet","internet","0","mapreduce frameworks","6111"
"828","trees (mathematics)","##31109","1","mapreduce frameworks","1915"
"829","graphic methods","graphic methods","0","mapreduce frameworks","1184"
"830","information systems","##29011","1","mapreduce frameworks","5074"
"831","feature extraction","feature extraction","0","mapreduce frameworks","4544"
"832","world wide web","world wide web","0","mapreduce frameworks","2674"
"833","scheduling algorithms","##29263","1","mapreduce frameworks","896"
"834","cloud environments","cloud environments","0","mapreduce frameworks","0"
"835","iterative algorithm","##29500","1","mapreduce frameworks","132"
"836","multiprocessing systems","multiprocessing systems","0","mapreduce frameworks","311"
"837","k-means","k-means","0","mapreduce frameworks","90"
"838","cloud computing environments","cloud computing environments","0","mapreduce frameworks","0"
"839","large clusters","large clusters","0","mapreduce frameworks","8"
"840","frequent itemset mining","##30708","1","mapreduce frameworks","47"
"841","micro-blog","##29726","1","microblog","1"
"842","social networking (online)","social networking (online)","0","microblog","208"
"843","twitter","twitter","0","microblog","0"
"844","social network","##29010","1","microblog","392"
"845","social networks","##29010","1","microblog","392"
"846","world wide web","world wide web","0","microblog","2674"
"847","social media","social media","0","microblog","36"
"848","data mining","data mining","0","microblog","3411"
"849","forecasting","forecasting","0","microblog","1835"
"850","internet","internet","0","microblog","6111"
"851","behavioral research","behavioral research","0","microblog","885"
"852","microblogging","microblogging","0","microblog","2"
"853","information science","information science","0","microblog","1902"
"854","semantics","##29518","1","microblog","4884"
"855","sentiment analysis","sentiment analysis","0","microblog","26"
"856","algorithms","algorithms","0","microblog","22232"
"857","information systems","##29011","1","microblog","5074"
"858","information dissemination","information dissemination","0","microblog","1161"
"859","computer science","computer science","0","microblog","1917"
"860","data sets","data sets","0","microblog","0"
"861","information retrieval","information retrieval","0","microblog","4374"
"862","information diffusion","information diffusion","0","microblog","19"
"863","blogs","##31003","1","microblog","141"
"864","online social networks","##29207","1","microblog","13"
"865","communication","communication","0","microblog","2518"
"866","computational linguistics","computational linguistics","0","microblog","732"
"867","user behaviors","##29852","1","microblog","77"
"868","software engineering","software engineering","0","microblog","3276"
"869","user-generated content","user-generated content","0","microblog","18"
"870","data processing","data processing","0","microblog","2248"
"871","computer applications","##29296","1","microblog","684"
"872","classification (of information)","classification (of information)","0","microblog","3074"
"873","research","research","0","microblog","2668"
"874","search engines","##29189","1","microblog","1971"
"875","classification","classification","0","microblog","5850"
"876","hardware","hardware","0","microblog","532"
"877","hypertext systems","hypertext systems","0","microblog","133"
"878","systems engineering","systems engineering","0","microblog","777"
"879","mathematical models","mathematical models","0","microblog","17304"
"880","artificial intelligence","artificial intelligence","0","microblog","6844"
"881","social sciences computing","social sciences computing","0","microblog","61"
"882","recommender systems","##29083","1","microblog","200"
"883","social network analysis","social network analysis","0","microblog","94"
"884","opinion mining","opinion mining","0","microblog","9"
"885","user behavior","##29852","1","microblog","77"
"886","mobile devices","##29264","1","microblog","1397"
"887","learning algorithms","##29192","1","microblog","1943"
"888","natural language processing systems","natural language processing systems","0","microblog","1212"
"889","text mining","text mining","0","microblog","165"
"890","information theory","information theory","0","microblog","2890"
"891","sentiment classification","sentiment classification","0","microblog","5"
"892","online systems","##29012","1","microblog","2179"
"893","user experience","user experience","0","microblog","144"
"894","feature extraction","feature extraction","0","microblog","4544"
"895","intelligent systems","intelligent systems","0","microblog","2030"
"896","knowledge management","knowledge management","0","microblog","1553"
"897","websites","websites","0","microblog","1626"
"898","regression analysis","regression analysis","0","microblog","4547"
"899","optimization","optimization","0","microblog","10650"
"900","web searches","##29029","1","microblog","131"
"901","cloud computing","cloud computing","0","platform as a service (paas)","0"
"902","infrastructure as a service (iaas)","infrastructure as a service (iaas)","0","platform as a service (paas)","0"
"903","web services","##28995","1","platform as a service (paas)","3463"
"904","middleware","middleware","0","platform as a service (paas)","1258"
"905","software as a service","software as a service","0","platform as a service (paas)","4"
"906","quality of service","quality of service","0","platform as a service (paas)","2706"
"907","information technology","information technology","0","platform as a service (paas)","4170"
"908","computer systems","##29295","1","platform as a service (paas)","2165"
"909","resource allocation","resource allocation","0","platform as a service (paas)","2533"
"910","virtualizations","##29024","1","platform as a service (paas)","121"
"911","interoperability","interoperability","0","platform as a service (paas)","834"
"912","distributed computer systems","distributed computer systems","0","platform as a service (paas)","3387"
"913","information systems","##29011","1","platform as a service (paas)","5074"
"914","mobile devices","##29264","1","platform as a service (paas)","1397"
"915","internet","internet","0","platform as a service (paas)","6111"
"916","algorithms","algorithms","0","platform as a service (paas)","22232"
"917","virtualization","##29024","1","platform as a service (paas)","121"
"918","iaas","iaas","0","platform as a service (paas)","0"
"919","cloud services","##29109","1","platform as a service (paas)","0"
"920","virtual machines","##29066","1","platform as a service (paas)","142"
"921","service provider","##30491","1","platform as a service (paas)","238"
"922","windows operating system","windows operating system","0","platform as a service (paas)","103"
"923","industry","industry","0","platform as a service (paas)","947"
"924","virtual reality","virtual reality","0","platform as a service (paas)","3087"
"925","service level agreements","##29741","1","platform as a service (paas)","76"
"926","saas","saas","0","platform as a service (paas)","5"
"927","computer simulation","computer simulation","0","platform as a service (paas)","21296"
"928","information management","information management","0","platform as a service (paas)","3358"
"929","cloud computing services","cloud computing services","0","platform as a service (paas)","0"
"930","distributed database systems","distributed database systems","0","platform as a service (paas)","179"
"931","cloud environments","cloud environments","0","platform as a service (paas)","0"
"932","cloud providers","cloud providers","0","platform as a service (paas)","0"
"933","data processing","data processing","0","platform as a service (paas)","2248"
"934","map-reduce","##29341","1","platform as a service (paas)","4"
"935","web application","##29075","1","platform as a service (paas)","327"
"936","network security","network security","0","platform as a service (paas)","1410"
"937","software engineering","software engineering","0","platform as a service (paas)","3276"
"938","service oriented architecture (soa)","##29073","1","platform as a service (paas)","301"
"939","management","management","0","platform as a service (paas)","1703"
"940","information services","information services","0","platform as a service (paas)","2460"
"941","optimization","optimization","0","platform as a service (paas)","10650"
"942","computer programming","computer programming","0","platform as a service (paas)","1320"
"943","security","security","0","platform as a service (paas)","854"
"944","cloud computing environments","cloud computing environments","0","platform as a service (paas)","0"
"945","software design","software design","0","platform as a service (paas)","1223"
"946","access control","access control","0","platform as a service (paas)","1865"
"947","energy efficiency","energy efficiency","0","platform as a service (paas)","1120"
"948","commerce","commerce","0","platform as a service (paas)","907"
"949","experiments","experiments","0","platform as a service (paas)","883"
"950","hardware","hardware","0","platform as a service (paas)","532"
"951","websites","websites","0","platform as a service (paas)","1626"
"952","tools","tools","0","platform as a service (paas)","551"
"953","user interfaces","##29004","1","platform as a service (paas)","5237"
"954","multi agent systems","##29008","1","platform as a service (paas)","1970"
"955","communication systems","communication systems","0","platform as a service (paas)","1834"
"956","computing resource","computing resource","0","platform as a service (paas)","19"
"957","multi-tenancy","##30456","1","platform as a service (paas)","1"
"958","web-based applications","web-based applications","0","platform as a service (paas)","54"
"959","dynamic resource allocations","##29977","1","platform as a service (paas)","15"
"960","multi tenancies","##30456","1","platform as a service (paas)","1"
"961","cloud computing","cloud computing","0","private cloud","0"
"962","private clouds","##29355","1","private cloud","0"
"963","virtual machines","##29066","1","private cloud","142"
"964","computer systems","##29295","1","private cloud","2165"
"965","information technology","information technology","0","private cloud","4170"
"966","virtualizations","##29024","1","private cloud","121"
"967","virtualization","##29024","1","private cloud","121"
"968","computer science","computer science","0","private cloud","1917"
"969","cloud services","##29109","1","private cloud","0"
"970","industry","industry","0","private cloud","947"
"971","virtual reality","virtual reality","0","private cloud","3087"
"972","virtual machine","##29066","1","private cloud","142"
"973","iaas","iaas","0","private cloud","0"
"974","computing resource","computing resource","0","private cloud","19"
"975","computing environments","computing environments","0","private cloud","55"
"976","computer simulation","computer simulation","0","private cloud","21296"
"977","quality of service","quality of service","0","private cloud","2706"
"978","distributed computer systems","distributed computer systems","0","private cloud","3387"
"979","security issues","##29255","1","private cloud","132"
"980","grid computing","grid computing","0","private cloud","1718"
"981","computer operating systems","computer operating systems","0","private cloud","880"
"982","algorithms","algorithms","0","private cloud","22232"
"983","saas","saas","0","private cloud","5"
"984","distributed database systems","distributed database systems","0","private cloud","179"
"985","web services","##28995","1","private cloud","3463"
"986","scheduling","scheduling","0","private cloud","2219"
"987","internet","internet","0","private cloud","6111"
"988","cluster computing","cluster computing","0","private cloud","135"
"989","resource allocation","resource allocation","0","private cloud","2533"
"990","access control","access control","0","private cloud","1865"
"991","communication","communication","0","private cloud","2518"
"992","telecommunication networks","telecommunication networks","0","private cloud","2017"
"993","security of data","security of data","0","private cloud","3384"
"994","cloud storage","##29401","1","private cloud","0"
"995","security","security","0","private cloud","854"
"996","data privacy","data privacy","0","private cloud","837"
"997","metadata","metadata","0","private cloud","1104"
"998","data processing","data processing","0","private cloud","2248"
"999","hadoop","hadoop","0","private cloud","0"
"1000","parallel architectures","parallel architectures","0","private cloud","153"
"1001","computing infrastructures","computing infrastructures","0","private cloud","9"
"1002","cloud systems","cloud systems","0","private cloud","0"
"1003","virtualization technologies","virtualization technologies","0","private cloud","4"
"1004","information management","information management","0","private cloud","3358"
"1005","technology","technology","0","private cloud","4944"
"1006","computer software","computer software","0","private cloud","4615"
"1007","cloud storages","##29401","1","private cloud","0"
"1008","windows operating system","windows operating system","0","private cloud","103"
"1009","distributed file systems","##30530","1","private cloud","22"
"1010","benchmarking","benchmarking","0","private cloud","957"
"1011","computer hardware","computer hardware","0","private cloud","1084"
"1012","cloud security","##29328","1","private cloud","0"
"1013","soa","soa","0","private cloud","110"
"1014","automation","automation","0","private cloud","2840"
"1015","research","research","0","private cloud","2668"
"1016","middleware","middleware","0","private cloud","1258"
"1017","privacy","privacy","0","private cloud","385"
"1018","service provider","##30491","1","private cloud","238"
"1019","computing technology","computing technology","0","private cloud","27"
"1020","scheduling algorithms","##29263","1","private cloud","896"
