"1","cloud computing","cloud computing","0","cloud infrastructures","518"
"2","virtual machines","##29066","1","cloud infrastructures","427"
"3","quality of service","quality of service","0","cloud infrastructures","2785"
"4","web services","##28995","1","cloud infrastructures","3055"
"5","computer systems","##29295","1","cloud infrastructures","774"
"6","grid computing","grid computing","0","cloud infrastructures","1455"
"7","internet","internet","0","cloud infrastructures","9019"
"8","distributed computer systems","distributed computer systems","0","cloud infrastructures","2121"
"9","cloud services","##29109","1","cloud infrastructures","16"
"10","computer simulation","computer simulation","0","cloud infrastructures","15230"
"11","virtual reality","virtual reality","0","cloud infrastructures","3505"
"12","service level agreements","##29741","1","cloud infrastructures","191"
"13","algorithms","algorithms","0","cloud infrastructures","21960"
"14","distributed database systems","distributed database systems","0","cloud infrastructures","59"
"15","virtualizations","##29024","1","cloud infrastructures","467"
"16","resource allocation","resource allocation","0","cloud infrastructures","2340"
"17","energy utilization","energy utilization","0","cloud infrastructures","291"
"18","scheduling","scheduling","0","cloud infrastructures","2610"
"19","information management","information management","0","cloud infrastructures","3149"
"20","network architecture","network architecture","0","cloud infrastructures","1368"
"21","cloud providers","cloud providers","0","cloud infrastructures","4"
"22","information technology","information technology","0","cloud infrastructures","7358"
"23","cloud environments","cloud environments","0","cloud infrastructures","0"
"24","management","management","0","cloud infrastructures","3461"
"25","benchmarking","benchmarking","0","cloud infrastructures","1062"
"26","optimization","optimization","0","cloud infrastructures","12720"
"27","research","research","0","cloud infrastructures","5100"
"28","infrastructure as a service (iaas)","infrastructure as a service (iaas)","0","cloud infrastructures","1"
"29","cloud service providers","cloud service providers","0","cloud infrastructures","0"
"30","map-reduce","##29341","1","cloud infrastructures","54"
"31","mapreduce","##29341","1","cloud infrastructures","54"
"32","costs","costs","0","cloud infrastructures","2315"
"33","data processing","data processing","0","cloud infrastructures","4192"
"34","service provider","##30491","1","cloud infrastructures","763"
"35","industry","industry","0","cloud infrastructures","1437"
"36","interoperability","interoperability","0","cloud infrastructures","1546"
"37","information services","information services","0","cloud infrastructures","3552"
"38","scientific applications","scientific applications","0","cloud infrastructures","171"
"39","computing resource","computing resource","0","cloud infrastructures","240"
"40","ubiquitous computing","ubiquitous computing","0","cloud infrastructures","1757"
"41","energy efficiency","energy efficiency","0","cloud infrastructures","1768"
"42","cloud computing environments","cloud computing environments","0","cloud infrastructures","0"
"43","artificial intelligence","artificial intelligence","0","cloud infrastructures","9118"
"44","service oriented architecture (soa)","##29073","1","cloud infrastructures","1149"
"45","middleware","middleware","0","cloud infrastructures","1327"
"46","computer science","computer science","0","cloud infrastructures","15502"
"47","network security","network security","0","cloud infrastructures","5616"
"48","distributed applications","distributed applications","0","cloud infrastructures","272"
"49","resource management","##30445","1","cloud infrastructures","624"
"50","mobile devices","##29264","1","cloud infrastructures","2106"
"51","information science","information science","0","cloud infrastructures","2817"
"52","autonomic computing","autonomic computing","0","cloud infrastructures","151"
"53","high performance computing","##29475","1","cloud infrastructures","400"
"54","visualization","visualization","0","cloud infrastructures","2997"
"55","virtualization","##29024","1","cloud infrastructures","467"
"56","semantics","##29518","1","cloud infrastructures","6119"
"57","windows operating system","windows operating system","0","cloud infrastructures","222"
"58","computer programming","computer programming","0","cloud infrastructures","1031"
"59","computing paradigm","computing paradigm","0","cloud infrastructures","69"
"60","service level agreement","##29741","1","cloud infrastructures","191"
"61","cloud storage","##29401","1","cloud storages","8"
"62","cloud computing","cloud computing","0","cloud storages","518"
"63","cryptography","cryptography","0","cloud storages","3137"
"64","security of data","security of data","0","cloud storages","1894"
"65","access control","access control","0","cloud storages","2035"
"66","algorithms","algorithms","0","cloud storages","21960"
"67","information management","information management","0","cloud storages","3149"
"68","data privacy","data privacy","0","cloud storages","460"
"69","security","security","0","cloud storages","1409"
"70","optimization","optimization","0","cloud storages","12720"
"71","costs","costs","0","cloud storages","2315"
"72","internet","internet","0","cloud storages","9019"
"73","information technology","information technology","0","cloud storages","7358"
"74","network security","network security","0","cloud storages","5616"
"75","computer systems","##29295","1","cloud storages","774"
"76","mobile devices","##29264","1","cloud storages","2106"
"77","metadata","metadata","0","cloud storages","1212"
"78","distributed computer systems","distributed computer systems","0","cloud storages","2121"
"79","cloud providers","cloud providers","0","cloud storages","4"
"80","distributed database systems","distributed database systems","0","cloud storages","59"
"81","search engines","##29189","1","cloud storages","1373"
"82","public key cryptography","##29203","1","cloud storages","845"
"83","data security","data security","0","cloud storages","142"
"84","cloud data","cloud data","0","cloud storages","19"
"85","cloud services","##29109","1","cloud storages","16"
"86","communication","communication","0","cloud storages","4337"
"87","ciphertexts","##29117","1","cloud storages","182"
"88","technology","technology","0","cloud storages","4552"
"89","fault tolerance","##30717","1","cloud storages","1348"
"90","management","management","0","cloud storages","3461"
"91","privacy preserving","##29143","1","cloud storages","254"
"92","hash functions","##29133","1","cloud storages","410"
"93","cloud environments","cloud environments","0","cloud storages","0"
"94","proxy re encryptions","##29927","1","cloud storages","5"
"95","multiprocessing systems","multiprocessing systems","0","cloud storages","509"
"96","cloud service providers","cloud service providers","0","cloud storages","0"
"97","grid computing","grid computing","0","cloud storages","1455"
"98","virtual storage","virtual storage","0","cloud storages","38"
"99","web services","##28995","1","cloud storages","3055"
"100","key management","key management","0","cloud storages","244"
"101","information science","information science","0","cloud storages","2817"
"102","distributed storage system","distributed storage system","0","cloud storages","39"
"103","secret sharing","secret sharing","0","cloud storages","126"
"104","industry","industry","0","cloud storages","1437"
"105","peer to peer networks","##29126","1","cloud storages","897"
"106","artificial intelligence","artificial intelligence","0","cloud storages","9118"
"107","semantics","##29518","1","cloud storages","6119"
"108","file systems","##29775","1","cloud storages","237"
"109","computer science","computer science","0","cloud storages","15502"
"110","quality of service","quality of service","0","cloud storages","2785"
"111","authentication","authentication","0","cloud storages","1883"
"112","security analysis","security analysis","0","cloud storages","258"
"113","regenerating codes","regenerating codes","0","cloud storages","0"
"114","bandwidth","bandwidth","0","cloud storages","1405"
"115","service provider","##30491","1","cloud storages","763"
"116","software engineering","software engineering","0","cloud storages","1787"
"117","hadoop","hadoop","0","cloud storages","18"
"118","encrypted data","encrypted data","0","cloud storages","56"
"119","cryptographic primitives","cryptographic primitives","0","cloud storages","108"
"120","cloud securities","##29328","1","cloud storages","1"
"121","map-reduce","##29341","1","mapreduce frameworks","54"
"122","mapreduce","##29341","1","mapreduce frameworks","54"
"123","algorithms","algorithms","0","mapreduce frameworks","21960"
"124","cloud computing","cloud computing","0","mapreduce frameworks","518"
"125","data mining","data mining","0","mapreduce frameworks","3516"
"126","big datum","big datum","0","mapreduce frameworks","1"
"127","data handling","data handling","0","mapreduce frameworks","1057"
"128","data processing","data processing","0","mapreduce frameworks","4192"
"129","hadoop","hadoop","0","mapreduce frameworks","18"
"130","big data","big data","0","mapreduce frameworks","0"
"131","distributed computer systems","distributed computer systems","0","mapreduce frameworks","2121"
"132","optimization","optimization","0","mapreduce frameworks","12720"
"133","database systems","database systems","0","mapreduce frameworks","2619"
"134","fault tolerance","##30717","1","mapreduce frameworks","1348"
"135","scheduling","scheduling","0","mapreduce frameworks","2610"
"136","clustering algorithms","##29184","1","mapreduce frameworks","2842"
"137","iterative methods","iterative methods","0","mapreduce frameworks","596"
"138","programming models","##29197","1","mapreduce frameworks","261"
"139","distributed file systems","##30530","1","mapreduce frameworks","49"
"140","query processing","query processing","0","mapreduce frameworks","481"
"141","benchmarking","benchmarking","0","mapreduce frameworks","1062"
"142","software engineering","software engineering","0","mapreduce frameworks","1787"
"143","information management","information management","0","mapreduce frameworks","3149"
"144","parallel architectures","parallel architectures","0","mapreduce frameworks","1006"
"145","distributed computing","distributed computing","0","mapreduce frameworks","368"
"146","query languages","query languages","0","mapreduce frameworks","2253"
"147","parallel computation","##29747","1","mapreduce frameworks","165"
"148","computer science","computer science","0","mapreduce frameworks","15502"
"149","computer systems","##29295","1","mapreduce frameworks","774"
"150","parallel processing","parallel processing","0","mapreduce frameworks","430"
"151","bioinformatics","bioinformatics","0","mapreduce frameworks","5494"
"152","map-reduce programming","map-reduce programming","0","mapreduce frameworks","2"
"153","program processors","program processors","0","mapreduce frameworks","903"
"154","forestry","forestry","0","mapreduce frameworks","3159"
"155","learning systems","learning systems","0","mapreduce frameworks","2888"
"156","parallel programming model","parallel programming model","0","mapreduce frameworks","39"
"157","computer programming","computer programming","0","mapreduce frameworks","1031"
"158","artificial intelligence","artificial intelligence","0","mapreduce frameworks","9118"
"159","forecasting","forecasting","0","mapreduce frameworks","2826"
"160","data warehouses","##29272","1","mapreduce frameworks","461"
"161","data privacy","data privacy","0","mapreduce frameworks","460"
"162","cluster computing","cluster computing","0","mapreduce frameworks","362"
"163","search engines","##29189","1","mapreduce frameworks","1373"
"164","graph theory","graph theory","0","mapreduce frameworks","3189"
"165","parallel computing","parallel computing","0","mapreduce frameworks","427"
"166","data-intensive application","data-intensive application","0","mapreduce frameworks","86"
"167","internet","internet","0","mapreduce frameworks","9019"
"168","trees (mathematics)","##31109","1","mapreduce frameworks","765"
"169","graphic methods","graphic methods","0","mapreduce frameworks","1223"
"170","information systems","##29011","1","mapreduce frameworks","6384"
"171","feature extraction","feature extraction","0","mapreduce frameworks","4759"
"172","world wide web","world wide web","0","mapreduce frameworks","3846"
"173","scheduling algorithms","##29263","1","mapreduce frameworks","1638"
"174","cloud environments","cloud environments","0","mapreduce frameworks","0"
"175","iterative algorithm","##29500","1","mapreduce frameworks","393"
"176","multiprocessing systems","multiprocessing systems","0","mapreduce frameworks","509"
"177","k-means","k-means","0","mapreduce frameworks","397"
"178","cloud computing environments","cloud computing environments","0","mapreduce frameworks","0"
"179","large clusters","large clusters","0","mapreduce frameworks","32"
"180","frequent itemset mining","##30708","1","mapreduce frameworks","179"
"181","micro-blog","##29726","1","microblog","2"
"182","social networking (online)","social networking (online)","0","microblog","424"
"183","twitter","twitter","0","microblog","19"
"184","social network","##29010","1","microblog","1364"
"185","social networks","##29010","1","microblog","1364"
"186","world wide web","world wide web","0","microblog","3846"
"187","social media","social media","0","microblog","180"
"188","data mining","data mining","0","microblog","3516"
"189","forecasting","forecasting","0","microblog","2826"
"190","internet","internet","0","microblog","9019"
"191","behavioral research","behavioral research","0","microblog","1479"
"192","microblogging","microblogging","0","microblog","6"
"193","information science","information science","0","microblog","2817"
"194","semantics","##29518","1","microblog","6119"
"195","sentiment analysis","sentiment analysis","0","microblog","84"
"196","algorithms","algorithms","0","microblog","21960"
"197","information systems","##29011","1","microblog","6384"
"198","information dissemination","information dissemination","0","microblog","1273"
"199","computer science","computer science","0","microblog","15502"
"200","data sets","data sets","0","microblog","0"
"201","information retrieval","information retrieval","0","microblog","4198"
"202","information diffusion","information diffusion","0","microblog","30"
"203","blogs","##31003","1","microblog","235"
"204","online social networks","##29207","1","microblog","73"
"205","communication","communication","0","microblog","4337"
"206","computational linguistics","computational linguistics","0","microblog","1680"
"207","user behaviors","##29852","1","microblog","279"
"208","software engineering","software engineering","0","microblog","1787"
"209","user-generated content","user-generated content","0","microblog","131"
"210","data processing","data processing","0","microblog","4192"
"211","computer applications","##29296","1","microblog","1180"
"212","classification (of information)","classification (of information)","0","microblog","871"
"213","research","research","0","microblog","5100"
"214","search engines","##29189","1","microblog","1373"
"215","classification","classification","0","microblog","7750"
"216","hardware","hardware","0","microblog","1232"
"217","hypertext systems","hypertext systems","0","microblog","455"
"218","systems engineering","systems engineering","0","microblog","1964"
"219","mathematical models","mathematical models","0","microblog","6152"
"220","artificial intelligence","artificial intelligence","0","microblog","9118"
"221","social sciences computing","social sciences computing","0","microblog","63"
"222","recommender systems","##29083","1","microblog","482"
"223","social network analysis","social network analysis","0","microblog","256"
"224","opinion mining","opinion mining","0","microblog","90"
"225","user behavior","##29852","1","microblog","279"
"226","mobile devices","##29264","1","microblog","2106"
"227","learning algorithms","##29192","1","microblog","4842"
"228","natural language processing systems","natural language processing systems","0","microblog","1482"
"229","text mining","text mining","0","microblog","345"
"230","information theory","information theory","0","microblog","3214"
"231","sentiment classification","sentiment classification","0","microblog","39"
"232","online systems","##29012","1","microblog","1341"
"233","user experience","user experience","0","microblog","531"
"234","feature extraction","feature extraction","0","microblog","4759"
"235","intelligent systems","intelligent systems","0","microblog","3738"
"236","knowledge management","knowledge management","0","microblog","3827"
"237","websites","websites","0","microblog","1014"
"238","regression analysis","regression analysis","0","microblog","5722"
"239","optimization","optimization","0","microblog","12720"
"240","web searches","##29029","1","microblog","320"
"241","cloud computing","cloud computing","0","platform as a service (paas)","518"
"242","infrastructure as a service (iaas)","infrastructure as a service (iaas)","0","platform as a service (paas)","1"
"243","web services","##28995","1","platform as a service (paas)","3055"
"244","middleware","middleware","0","platform as a service (paas)","1327"
"245","software as a service","software as a service","0","platform as a service (paas)","88"
"246","quality of service","quality of service","0","platform as a service (paas)","2785"
"247","information technology","information technology","0","platform as a service (paas)","7358"
"248","computer systems","##29295","1","platform as a service (paas)","774"
"249","resource allocation","resource allocation","0","platform as a service (paas)","2340"
"250","virtualizations","##29024","1","platform as a service (paas)","467"
"251","interoperability","interoperability","0","platform as a service (paas)","1546"
"252","distributed computer systems","distributed computer systems","0","platform as a service (paas)","2121"
"253","information systems","##29011","1","platform as a service (paas)","6384"
"254","mobile devices","##29264","1","platform as a service (paas)","2106"
"255","internet","internet","0","platform as a service (paas)","9019"
"256","algorithms","algorithms","0","platform as a service (paas)","21960"
"257","virtualization","##29024","1","platform as a service (paas)","467"
"258","iaas","iaas","0","platform as a service (paas)","4"
"259","cloud services","##29109","1","platform as a service (paas)","16"
"260","virtual machines","##29066","1","platform as a service (paas)","427"
"261","service provider","##30491","1","platform as a service (paas)","763"
"262","windows operating system","windows operating system","0","platform as a service (paas)","222"
"263","industry","industry","0","platform as a service (paas)","1437"
"264","virtual reality","virtual reality","0","platform as a service (paas)","3505"
"265","service level agreements","##29741","1","platform as a service (paas)","191"
"266","saas","saas","0","platform as a service (paas)","41"
"267","computer simulation","computer simulation","0","platform as a service (paas)","15230"
"268","information management","information management","0","platform as a service (paas)","3149"
"269","cloud computing services","cloud computing services","0","platform as a service (paas)","1"
"270","distributed database systems","distributed database systems","0","platform as a service (paas)","59"
"271","cloud environments","cloud environments","0","platform as a service (paas)","0"
"272","cloud providers","cloud providers","0","platform as a service (paas)","4"
"273","data processing","data processing","0","platform as a service (paas)","4192"
"274","map-reduce","##29341","1","platform as a service (paas)","54"
"275","web application","##29075","1","platform as a service (paas)","707"
"276","network security","network security","0","platform as a service (paas)","5616"
"277","software engineering","software engineering","0","platform as a service (paas)","1787"
"278","service oriented architecture (soa)","##29073","1","platform as a service (paas)","1149"
"279","management","management","0","platform as a service (paas)","3461"
"280","information services","information services","0","platform as a service (paas)","3552"
"281","optimization","optimization","0","platform as a service (paas)","12720"
"282","computer programming","computer programming","0","platform as a service (paas)","1031"
"283","security","security","0","platform as a service (paas)","1409"
"284","cloud computing environments","cloud computing environments","0","platform as a service (paas)","0"
"285","software design","software design","0","platform as a service (paas)","1768"
"286","access control","access control","0","platform as a service (paas)","2035"
"287","energy efficiency","energy efficiency","0","platform as a service (paas)","1768"
"288","commerce","commerce","0","platform as a service (paas)","1806"
"289","experiments","experiments","0","platform as a service (paas)","3281"
"290","hardware","hardware","0","platform as a service (paas)","1232"
"291","websites","websites","0","platform as a service (paas)","1014"
"292","tools","tools","0","platform as a service (paas)","718"
"293","user interfaces","##29004","1","platform as a service (paas)","2032"
"294","multi agent systems","##29008","1","platform as a service (paas)","2895"
"295","communication systems","communication systems","0","platform as a service (paas)","2726"
"296","computing resource","computing resource","0","platform as a service (paas)","240"
"297","multi-tenancy","##30456","1","platform as a service (paas)","8"
"298","web-based applications","web-based applications","0","platform as a service (paas)","146"
"299","dynamic resource allocations","##29977","1","platform as a service (paas)","52"
"300","multi tenancies","##30456","1","platform as a service (paas)","8"
"301","cloud computing","cloud computing","0","private cloud","518"
"302","private clouds","##29355","1","private cloud","0"
"303","virtual machines","##29066","1","private cloud","427"
"304","computer systems","##29295","1","private cloud","774"
"305","information technology","information technology","0","private cloud","7358"
"306","virtualizations","##29024","1","private cloud","467"
"307","virtualization","##29024","1","private cloud","467"
"308","computer science","computer science","0","private cloud","15502"
"309","cloud services","##29109","1","private cloud","16"
"310","industry","industry","0","private cloud","1437"
"311","virtual reality","virtual reality","0","private cloud","3505"
"312","virtual machine","##29066","1","private cloud","427"
"313","iaas","iaas","0","private cloud","4"
"314","computing resource","computing resource","0","private cloud","240"
"315","computing environments","computing environments","0","private cloud","127"
"316","computer simulation","computer simulation","0","private cloud","15230"
"317","quality of service","quality of service","0","private cloud","2785"
"318","distributed computer systems","distributed computer systems","0","private cloud","2121"
"319","security issues","##29255","1","private cloud","433"
"320","grid computing","grid computing","0","private cloud","1455"
"321","computer operating systems","computer operating systems","0","private cloud","1548"
"322","algorithms","algorithms","0","private cloud","21960"
"323","saas","saas","0","private cloud","41"
"324","distributed database systems","distributed database systems","0","private cloud","59"
"325","web services","##28995","1","private cloud","3055"
"326","scheduling","scheduling","0","private cloud","2610"
"327","internet","internet","0","private cloud","9019"
"328","cluster computing","cluster computing","0","private cloud","362"
"329","resource allocation","resource allocation","0","private cloud","2340"
"330","access control","access control","0","private cloud","2035"
"331","communication","communication","0","private cloud","4337"
"332","telecommunication networks","telecommunication networks","0","private cloud","2455"
"333","security of data","security of data","0","private cloud","1894"
"334","cloud storage","##29401","1","private cloud","8"
"335","security","security","0","private cloud","1409"
"336","data privacy","data privacy","0","private cloud","460"
"337","metadata","metadata","0","private cloud","1212"
"338","data processing","data processing","0","private cloud","4192"
"339","hadoop","hadoop","0","private cloud","18"
"340","parallel architectures","parallel architectures","0","private cloud","1006"
"341","computing infrastructures","computing infrastructures","0","private cloud","56"
"342","cloud systems","cloud systems","0","private cloud","16"
"343","virtualization technologies","virtualization technologies","0","private cloud","1"
"344","information management","information management","0","private cloud","3149"
"345","technology","technology","0","private cloud","4552"
"346","computer software","computer software","0","private cloud","9799"
"347","cloud storages","##29401","1","private cloud","8"
"348","windows operating system","windows operating system","0","private cloud","222"
"349","distributed file systems","##30530","1","private cloud","49"
"350","benchmarking","benchmarking","0","private cloud","1062"
"351","computer hardware","computer hardware","0","private cloud","790"
"352","cloud security","##29328","1","private cloud","1"
"353","soa","soa","0","private cloud","390"
"354","automation","automation","0","private cloud","3087"
"355","research","research","0","private cloud","5100"
"356","middleware","middleware","0","private cloud","1327"
"357","privacy","privacy","0","private cloud","645"
"358","service provider","##30491","1","private cloud","763"
"359","computing technology","computing technology","0","private cloud","45"
"360","scheduling algorithms","##29263","1","private cloud","1638"
