"1","artificial bee colony","##30678","1","artificial bee colonies","1"
"2","evolutionary algorithms","##29148","1","artificial bee colonies","2642"
"3","algorithms","algorithms","0","artificial bee colonies","17542"
"4","artificial intelligence","artificial intelligence","0","artificial bee colonies","9657"
"5","optimization","optimization","0","artificial bee colonies","10537"
"6","artificial bee colony algorithms","##29766","1","artificial bee colonies","0"
"7","artificial bee colony algorithm","##29766","1","artificial bee colonies","0"
"8","swarm intelligence","##29791","1","artificial bee colonies","200"
"9","particle swarm optimization (pso)","particle swarm optimization (pso)","0","artificial bee colonies","1218"
"10","abc algorithms","abc algorithms","0","artificial bee colonies","0"
"11","genetic algorithms","##29021","1","artificial bee colonies","4497"
"12","cellular automata","cellular automata","0","artificial bee colonies","769"
"13","particle swarm optimization","##29857","1","artificial bee colonies","851"
"14","differential evolution","##29854","1","artificial bee colonies","181"
"15","problem solving","problem solving","0","artificial bee colonies","6008"
"16","foraging behaviors","foraging behaviors","0","artificial bee colonies","32"
"17","artificial bee colonies (abc)","##30678","1","artificial bee colonies","1"
"18","benchmarking","benchmarking","0","artificial bee colonies","1400"
"19","multiobjective optimization","##31879","1","artificial bee colonies","948"
"20","artificial bee colony algorithms (abc)","##29766","1","artificial bee colonies","0"
"21","clustering algorithms","##29184","1","artificial bee colonies","2325"
"22","global optimization","global optimization","0","artificial bee colonies","785"
"23","heuristic algorithms","##29281","1","artificial bee colonies","1045"
"24","constrained optimization","constrained optimization","0","artificial bee colonies","768"
"25","intelligent systems","intelligent systems","0","artificial bee colonies","2828"
"26","neural networks","##29022","1","artificial bee colonies","8638"
"27","scheduling","scheduling","0","artificial bee colonies","2920"
"28","computational complexity","computational complexity","0","artificial bee colonies","2885"
"29","particle swarm optimization algorithm","##29857","1","artificial bee colonies","851"
"30","genetic algorithm","##29021","1","artificial bee colonies","4497"
"31","simulation result","simulation result","0","artificial bee colonies","1283"
"32","numerical optimizations","##29397","1","artificial bee colonies","86"
"33","parameter estimation","parameter estimation","0","artificial bee colonies","3844"
"34","heuristic methods","heuristic methods","0","artificial bee colonies","1323"
"35","convergence of numerical methods","convergence of numerical methods","0","artificial bee colonies","1521"
"36","design","design","0","artificial bee colonies","5058"
"37","learning algorithms","##29192","1","artificial bee colonies","3871"
"38","information technology","information technology","0","artificial bee colonies","6152"
"39","particle swarm","##29857","1","artificial bee colonies","851"
"40","combinatorial optimization","##31831","1","artificial bee colonies","589"
"41","exploration and exploitation","exploration and exploitation","0","artificial bee colonies","13"
"42","hybrid algorithms","##29435","1","artificial bee colonies","194"
"43","metaheuristic","##29678","1","artificial bee colonies","138"
"44","computer simulation","computer simulation","0","artificial bee colonies","12878"
"45","objective functions","##29593","1","artificial bee colonies","715"
"46","computation theory","computation theory","0","artificial bee colonies","837"
"47","meta heuristics","##29678","1","artificial bee colonies","138"
"48","mathematical models","mathematical models","0","artificial bee colonies","9365"
"49","local optima","local optima","0","artificial bee colonies","27"
"50","scheduling algorithms","##29263","1","artificial bee colonies","1414"
"51","bioinformatics","bioinformatics","0","artificial bee colonies","4415"
"52","data sets","data sets","0","artificial bee colonies","0"
"53","optimal solutions","optimal solutions","0","artificial bee colonies","799"
"54","image segmentation","image segmentation","0","artificial bee colonies","3313"
"55","computational results","##30763","1","artificial bee colonies","371"
"56","search spaces","##31830","1","artificial bee colonies","500"
"57","iterative methods","iterative methods","0","artificial bee colonies","1237"
"58","support vector machines","##29298","1","artificial bee colonies","3020"
"59","information science","information science","0","artificial bee colonies","4001"
"60","feature extraction","feature extraction","0","artificial bee colonies","5895"
"61","cloud computing","cloud computing","0","cloud infrastructures","36"
"62","virtual machines","##29066","1","cloud infrastructures","245"
"63","quality of service","quality of service","0","cloud infrastructures","2379"
"64","web services","##28995","1","cloud infrastructures","3016"
"65","computer systems","##29295","1","cloud infrastructures","3857"
"66","grid computing","grid computing","0","cloud infrastructures","1542"
"67","internet","internet","0","cloud infrastructures","9324"
"68","distributed computer systems","distributed computer systems","0","cloud infrastructures","2687"
"69","cloud services","##29109","1","cloud infrastructures","0"
"70","computer simulation","computer simulation","0","cloud infrastructures","12878"
"71","virtual reality","virtual reality","0","cloud infrastructures","3183"
"72","service level agreements","##29741","1","cloud infrastructures","99"
"73","algorithms","algorithms","0","cloud infrastructures","17542"
"74","distributed database systems","distributed database systems","0","cloud infrastructures","62"
"75","virtualizations","##29024","1","cloud infrastructures","294"
"76","resource allocation","resource allocation","0","cloud infrastructures","2400"
"77","energy utilization","energy utilization","0","cloud infrastructures","284"
"78","scheduling","scheduling","0","cloud infrastructures","2920"
"79","information management","information management","0","cloud infrastructures","5813"
"80","network architecture","network architecture","0","cloud infrastructures","1313"
"81","cloud providers","cloud providers","0","cloud infrastructures","0"
"82","information technology","information technology","0","cloud infrastructures","6152"
"83","cloud environments","cloud environments","0","cloud infrastructures","0"
"84","management","management","0","cloud infrastructures","3612"
"85","benchmarking","benchmarking","0","cloud infrastructures","1400"
"86","optimization","optimization","0","cloud infrastructures","10537"
"87","research","research","0","cloud infrastructures","3193"
"88","infrastructure as a service (iaas)","infrastructure as a service (iaas)","0","cloud infrastructures","0"
"89","cloud service providers","cloud service providers","0","cloud infrastructures","0"
"90","map-reduce","##29341","1","cloud infrastructures","24"
"91","mapreduce","##29341","1","cloud infrastructures","24"
"92","costs","costs","0","cloud infrastructures","1435"
"93","data processing","data processing","0","cloud infrastructures","2554"
"94","service provider","##30491","1","cloud infrastructures","472"
"95","industry","industry","0","cloud infrastructures","1181"
"96","interoperability","interoperability","0","cloud infrastructures","1121"
"97","information services","information services","0","cloud infrastructures","3941"
"98","scientific applications","scientific applications","0","cloud infrastructures","160"
"99","computing resource","computing resource","0","cloud infrastructures","39"
"100","ubiquitous computing","ubiquitous computing","0","cloud infrastructures","2105"
"101","energy efficiency","energy efficiency","0","cloud infrastructures","1485"
"102","cloud computing environments","cloud computing environments","0","cloud infrastructures","0"
"103","artificial intelligence","artificial intelligence","0","cloud infrastructures","9657"
"104","service oriented architecture (soa)","##29073","1","cloud infrastructures","409"
"105","middleware","middleware","0","cloud infrastructures","1279"
"106","computer science","computer science","0","cloud infrastructures","3430"
"107","network security","network security","0","cloud infrastructures","1133"
"108","distributed applications","distributed applications","0","cloud infrastructures","229"
"109","resource management","##30445","1","cloud infrastructures","500"
"110","mobile devices","##29264","1","cloud infrastructures","1654"
"111","information science","information science","0","cloud infrastructures","4001"
"112","autonomic computing","autonomic computing","0","cloud infrastructures","124"
"113","high performance computing","##29475","1","cloud infrastructures","287"
"114","visualization","visualization","0","cloud infrastructures","2525"
"115","virtualization","##29024","1","cloud infrastructures","294"
"116","semantics","##29518","1","cloud infrastructures","5698"
"117","windows operating system","windows operating system","0","cloud infrastructures","217"
"118","computer programming","computer programming","0","cloud infrastructures","1489"
"119","computing paradigm","computing paradigm","0","cloud infrastructures","8"
"120","service level agreement","##29741","1","cloud infrastructures","99"
"121","cloud computing","cloud computing","0","cloud providers","36"
"122","computer systems","##29295","1","cloud providers","3857"
"123","cloud services","##29109","1","cloud providers","0"
"124","virtual machines","##29066","1","cloud providers","245"
"125","virtualizations","##29024","1","cloud providers","294"
"126","quality of service","quality of service","0","cloud providers","2379"
"127","service level agreements","##29741","1","cloud providers","99"
"128","computer simulation","computer simulation","0","cloud providers","12878"
"129","web services","##28995","1","cloud providers","3016"
"130","costs","costs","0","cloud providers","1435"
"131","distributed database systems","distributed database systems","0","cloud providers","62"
"132","computing resource","computing resource","0","cloud providers","39"
"133","grid computing","grid computing","0","cloud providers","1542"
"134","commerce","commerce","0","cloud providers","1691"
"135","resource allocation","resource allocation","0","cloud providers","2400"
"136","internet","internet","0","cloud providers","9324"
"137","algorithms","algorithms","0","cloud providers","17542"
"138","security","security","0","cloud providers","1030"
"139","optimization","optimization","0","cloud providers","10537"
"140","cryptography","cryptography","0","cloud providers","2964"
"141","information technology","information technology","0","cloud providers","6152"
"142","information management","information management","0","cloud providers","5813"
"143","computing environments","computing environments","0","cloud providers","124"
"144","virtualization","##29024","1","cloud providers","294"
"145","cloud systems","cloud systems","0","cloud providers","0"
"146","security of data","security of data","0","cloud providers","2546"
"147","industry","industry","0","cloud providers","1181"
"148","amazon ec2","amazon ec2","0","cloud providers","0"
"149","computing paradigm","computing paradigm","0","cloud providers","8"
"150","virtual reality","virtual reality","0","cloud providers","3183"
"151","resource provisioning","resource provisioning","0","cloud providers","20"
"152","data privacy","data privacy","0","cloud providers","391"
"153","service provider","##30491","1","cloud providers","472"
"154","resource management","##30445","1","cloud providers","500"
"155","network security","network security","0","cloud providers","1133"
"156","scheduling","scheduling","0","cloud providers","2920"
"157","information systems","##29011","1","cloud providers","6305"
"158","interoperability","interoperability","0","cloud providers","1121"
"159","network architecture","network architecture","0","cloud providers","1313"
"160","software as a service","software as a service","0","cloud providers","15"
"161","communication","communication","0","cloud providers","4473"
"162","computing infrastructures","computing infrastructures","0","cloud providers","35"
"163","access control","access control","0","cloud providers","2545"
"164","security and privacy","security and privacy","0","cloud providers","75"
"165","business models","##29698","1","cloud providers","218"
"166","middleware","middleware","0","cloud providers","1279"
"167","semantics","##29518","1","cloud providers","5698"
"168","cloud environments","cloud environments","0","cloud providers","0"
"169","map-reduce","##29341","1","cloud providers","24"
"170","distributed computer systems","distributed computer systems","0","cloud providers","2687"
"171","fault tolerance","##30717","1","cloud providers","1184"
"172","third parties","third parties","0","cloud providers","155"
"173","energy efficiency","energy efficiency","0","cloud providers","1485"
"174","extensive simulations","extensive simulations","0","cloud providers","364"
"175","management","management","0","cloud providers","3612"
"176","security issues","##29255","1","cloud providers","328"
"177","runtimes","runtimes","0","cloud providers","0"
"178","scheduling algorithms","##29263","1","cloud providers","1414"
"179","computing system","computing system","0","cloud providers","34"
"180","security systems","security systems","0","cloud providers","1992"
"181","cloud computing","cloud computing","0","cloud security","36"
"182","cloud securities","##29328","1","cloud security","0"
"183","computer systems","##29295","1","cloud security","3857"
"184","network security","network security","0","cloud security","1133"
"185","cloud services","##29109","1","cloud security","0"
"186","security of data","security of data","0","cloud security","2546"
"187","cryptography","cryptography","0","cloud security","2964"
"188","data privacy","data privacy","0","cloud security","391"
"189","information technology","information technology","0","cloud security","6152"
"190","web services","##28995","1","cloud security","3016"
"191","internet","internet","0","cloud security","9324"
"192","security issues","##29255","1","cloud security","328"
"193","virtualizations","##29024","1","cloud security","294"
"194","information science","information science","0","cloud security","4001"
"195","access control","access control","0","cloud security","2545"
"196","authentication","authentication","0","cloud security","1471"
"197","virtual machines","##29066","1","cloud security","245"
"198","distributed database systems","distributed database systems","0","cloud security","62"
"199","cloud providers","cloud providers","0","cloud security","0"
"200","grid computing","grid computing","0","cloud security","1542"
"201","cloud service providers","cloud service providers","0","cloud security","0"
"202","computer crime","computer crime","0","cloud security","1374"
"203","service level agreements","##29741","1","cloud security","99"
"204","security challenges","security challenges","0","cloud security","35"
"205","computing environments","computing environments","0","cloud security","124"
"206","iaas","iaas","0","cloud security","0"
"207","quality of service","quality of service","0","cloud security","2379"
"208","forestry","forestry","0","cloud security","2813"
"209","network architecture","network architecture","0","cloud security","1313"
"210","security requirements","security requirements","0","cloud security","258"
"211","computer simulation","computer simulation","0","cloud security","12878"
"212","computer viruses","computer viruses","0","cloud security","205"
"213","industry","industry","0","cloud security","1181"
"214","virtual reality","virtual reality","0","cloud security","3183"
"215","computing paradigm","computing paradigm","0","cloud security","8"
"216","security and privacy","security and privacy","0","cloud security","75"
"217","virtualization","##29024","1","cloud security","294"
"218","information systems","##29011","1","cloud security","6305"
"219","ubiquitous computing","ubiquitous computing","0","cloud security","2105"
"220","security systems","security systems","0","cloud security","1992"
"221","third parties","third parties","0","cloud security","155"
"222","intrusion detection","##29325","1","cloud security","956"
"223","management","management","0","cloud security","3612"
"224","security problems","##29255","1","cloud security","328"
"225","computing system","computing system","0","cloud security","34"
"226","cloud systems","cloud systems","0","cloud security","0"
"227","software engineering","software engineering","0","cloud security","4802"
"228","computing resource","computing resource","0","cloud security","39"
"229","computer science","computer science","0","cloud security","3430"
"230","service provider","##30491","1","cloud security","472"
"231","algorithms","algorithms","0","cloud security","17542"
"232","privacy","privacy","0","cloud security","446"
"233","hardware","hardware","0","cloud security","912"
"234","interoperability","interoperability","0","cloud security","1121"
"235","computing infrastructures","computing infrastructures","0","cloud security","35"
"236","computer privacy","computer privacy","0","cloud security","97"
"237","intelligent computing","intelligent computing","0","cloud security","173"
"238","distributed computer systems","distributed computer systems","0","cloud security","2687"
"239","data handling","data handling","0","cloud security","457"
"240","mobile devices","##29264","1","cloud security","1654"
"241","cloud computing","cloud computing","0","cloud services","36"
"242","distributed database systems","distributed database systems","0","cloud services","62"
"243","web services","##28995","1","cloud services","3016"
"244","computer systems","##29295","1","cloud services","3857"
"245","information technology","information technology","0","cloud services","6152"
"246","quality of service","quality of service","0","cloud services","2379"
"247","cloud providers","cloud providers","0","cloud services","0"
"248","cloud service","##29109","1","cloud services","0"
"249","service provider","##30491","1","cloud services","472"
"250","internet","internet","0","cloud services","9324"
"251","virtualizations","##29024","1","cloud services","294"
"252","grid computing","grid computing","0","cloud services","1542"
"253","mobile devices","##29264","1","cloud services","1654"
"254","industry","industry","0","cloud services","1181"
"255","virtual machines","##29066","1","cloud services","245"
"256","costs","costs","0","cloud services","1435"
"257","service level agreements","##29741","1","cloud services","99"
"258","security of data","security of data","0","cloud services","2546"
"259","algorithms","algorithms","0","cloud services","17542"
"260","computing environments","computing environments","0","cloud services","124"
"261","network architecture","network architecture","0","cloud services","1313"
"262","computer simulation","computer simulation","0","cloud services","12878"
"263","optimization","optimization","0","cloud services","10537"
"264","communication","communication","0","cloud services","4473"
"265","computing resource","computing resource","0","cloud services","39"
"266","middleware","middleware","0","cloud services","1279"
"267","security","security","0","cloud services","1030"
"268","data privacy","data privacy","0","cloud services","391"
"269","information management","information management","0","cloud services","5813"
"270","virtual reality","virtual reality","0","cloud services","3183"
"271","information systems","##29011","1","cloud services","6305"
"272","access control","access control","0","cloud services","2545"
"273","cryptography","cryptography","0","cloud services","2964"
"274","computing services","computing services","0","cloud services","16"
"275","virtualization","##29024","1","cloud services","294"
"276","semantics","##29518","1","cloud services","5698"
"277","software as a service","software as a service","0","cloud services","15"
"278","user interfaces","##29004","1","cloud services","2398"
"279","commerce","commerce","0","cloud services","1691"
"280","cloud systems","cloud systems","0","cloud services","0"
"281","management","management","0","cloud services","3612"
"282","information services","information services","0","cloud services","3941"
"283","ubiquitous computing","ubiquitous computing","0","cloud services","2105"
"284","computing paradigm","computing paradigm","0","cloud services","8"
"285","resource allocation","resource allocation","0","cloud services","2400"
"286","service oriented architecture (soa)","##29073","1","cloud services","409"
"287","distributed computer systems","distributed computer systems","0","cloud services","2687"
"288","scheduling","scheduling","0","cloud services","2920"
"289","ontology","##29013","1","cloud services","3366"
"290","network security","network security","0","cloud services","1133"
"291","computer science","computer science","0","cloud services","3430"
"292","interoperability","interoperability","0","cloud services","1121"
"293","internet protocols","##30532","1","cloud services","3431"
"294","map-reduce","##29341","1","cloud services","24"
"295","saas","saas","0","cloud services","17"
"296","research","research","0","cloud services","3193"
"297","cloud service providers","cloud service providers","0","cloud services","0"
"298","privacy","privacy","0","cloud services","446"
"299","information science","information science","0","cloud services","4001"
"300","mobile applications","##29612","1","cloud services","241"
"361","cloud storage","##29401","1","cloud storages","0"
"362","cloud computing","cloud computing","0","cloud storages","36"
"363","cryptography","cryptography","0","cloud storages","2964"
"364","security of data","security of data","0","cloud storages","2546"
"365","access control","access control","0","cloud storages","2545"
"366","algorithms","algorithms","0","cloud storages","17542"
"367","information management","information management","0","cloud storages","5813"
"368","data privacy","data privacy","0","cloud storages","391"
"369","security","security","0","cloud storages","1030"
"370","optimization","optimization","0","cloud storages","10537"
"371","costs","costs","0","cloud storages","1435"
"372","internet","internet","0","cloud storages","9324"
"373","information technology","information technology","0","cloud storages","6152"
"374","network security","network security","0","cloud storages","1133"
"375","computer systems","##29295","1","cloud storages","3857"
"376","mobile devices","##29264","1","cloud storages","1654"
"377","metadata","metadata","0","cloud storages","1144"
"378","distributed computer systems","distributed computer systems","0","cloud storages","2687"
"379","cloud providers","cloud providers","0","cloud storages","0"
"380","distributed database systems","distributed database systems","0","cloud storages","62"
"381","search engines","##29189","1","cloud storages","2093"
"382","public key cryptography","##29203","1","cloud storages","896"
"383","data security","data security","0","cloud storages","62"
"384","cloud data","cloud data","0","cloud storages","2"
"385","cloud services","##29109","1","cloud storages","0"
"386","communication","communication","0","cloud storages","4473"
"387","ciphertexts","##29117","1","cloud storages","57"
"388","technology","technology","0","cloud storages","11107"
"389","fault tolerance","##30717","1","cloud storages","1184"
"390","management","management","0","cloud storages","3612"
"391","privacy preserving","##29143","1","cloud storages","141"
"392","hash functions","##29133","1","cloud storages","262"
"393","cloud environments","cloud environments","0","cloud storages","0"
"394","proxy re encryptions","##29927","1","cloud storages","5"
"395","multiprocessing systems","multiprocessing systems","0","cloud storages","385"
"396","cloud service providers","cloud service providers","0","cloud storages","0"
"397","grid computing","grid computing","0","cloud storages","1542"
"398","virtual storage","virtual storage","0","cloud storages","34"
"399","web services","##28995","1","cloud storages","3016"
"400","key management","key management","0","cloud storages","107"
"401","information science","information science","0","cloud storages","4001"
"402","distributed storage system","distributed storage system","0","cloud storages","6"
"403","secret sharing","secret sharing","0","cloud storages","108"
"404","industry","industry","0","cloud storages","1181"
"405","peer to peer networks","##29126","1","cloud storages","418"
"406","artificial intelligence","artificial intelligence","0","cloud storages","9657"
"407","semantics","##29518","1","cloud storages","5698"
"408","file systems","##29775","1","cloud storages","175"
"409","computer science","computer science","0","cloud storages","3430"
"410","quality of service","quality of service","0","cloud storages","2379"
"411","authentication","authentication","0","cloud storages","1471"
"412","security analysis","security analysis","0","cloud storages","115"
"413","regenerating codes","regenerating codes","0","cloud storages","0"
"414","bandwidth","bandwidth","0","cloud storages","1497"
"415","service provider","##30491","1","cloud storages","472"
"416","software engineering","software engineering","0","cloud storages","4802"
"417","hadoop","hadoop","0","cloud storages","4"
"418","encrypted data","encrypted data","0","cloud storages","19"
"419","cryptographic primitives","cryptographic primitives","0","cloud storages","67"
"420","cloud securities","##29328","1","cloud storages","0"
"421","internet","internet","0","iot","9324"
"422","internet of things (iot)","internet of things (iot)","0","iot","3"
"423","internet of things","internet of things","0","iot","15"
"424","rfid","rfid","0","iot","395"
"425","sensors","sensors","0","iot","7483"
"426","wireless sensor networks","##29304","1","iot","4393"
"427","internet protocols","##30532","1","iot","3431"
"428","wsn","wsn","0","iot","110"
"429","ubiquitous computing","ubiquitous computing","0","iot","2105"
"430","communication","communication","0","iot","4473"
"431","network architecture","network architecture","0","iot","1313"
"432","information technology","information technology","0","iot","6152"
"433","algorithms","algorithms","0","iot","17542"
"434","cloud computing","cloud computing","0","iot","36"
"435","sensor networks","##29277","1","iot","6913"
"436","web services","##28995","1","iot","3016"
"437","security","security","0","iot","1030"
"438","electronic commerce","electronic commerce","0","iot","2297"
"439","cryptography","cryptography","0","iot","2964"
"440","artificial intelligence","artificial intelligence","0","iot","9657"
"441","intelligent buildings","intelligent buildings","0","iot","116"
"442","telecommunication networks","telecommunication networks","0","iot","3736"
"443","automation","automation","0","iot","4007"
"444","information services","information services","0","iot","3941"
"445","middleware","middleware","0","iot","1279"
"446","mobile devices","##29264","1","iot","1654"
"447","sensor nodes","##29279","1","iot","1174"
"448","wireless telecommunication systems","wireless telecommunication systems","0","iot","9899"
"449","6lowpan","6lowpan","0","iot","4"
"450","computer science","computer science","0","iot","3430"
"451","security of data","security of data","0","iot","2546"
"452","technology","technology","0","iot","11107"
"453","information management","information management","0","iot","5813"
"454","standards","standards","0","iot","4306"
"455","quality of service","quality of service","0","iot","2379"
"456","authentication","authentication","0","iot","1471"
"457","ipv6","ipv6","0","iot","58"
"458","management","management","0","iot","3612"
"459","research","research","0","iot","3193"
"460","data processing","data processing","0","iot","2554"
"461","semantics","##29518","1","iot","5698"
"462","privacy","privacy","0","iot","446"
"463","soa","soa","0","iot","211"
"464","gateways (computer networks)","gateways (computer networks)","0","iot","437"
"465","network security","network security","0","iot","1133"
"466","energy utilization","energy utilization","0","iot","284"
"467","intelligent systems","intelligent systems","0","iot","2828"
"468","service oriented architecture (soa)","##29073","1","iot","409"
"469","information science","information science","0","iot","4001"
"470","sensor","sensor","0","iot","674"
"471","rfid technology","rfid technology","0","iot","89"
"472","wireless sensor","##29639","1","iot","567"
"473","smart objects","smart objects","0","iot","23"
"474","heterogeneous networks","##30444","1","iot","369"
"475","industry","industry","0","iot","1181"
"476","zigbee","##29354","1","iot","131"
"477","data privacy","data privacy","0","iot","391"
"478","mobile computing","mobile computing","0","iot","4684"
"479","smart power grids","smart power grids","0","iot","0"
"480","mobile telecommunication systems","mobile telecommunication systems","0","iot","2348"
"481","map-reduce","##29341","1","mapreduce frameworks","24"
"482","mapreduce","##29341","1","mapreduce frameworks","24"
"483","algorithms","algorithms","0","mapreduce frameworks","17542"
"484","cloud computing","cloud computing","0","mapreduce frameworks","36"
"485","data mining","data mining","0","mapreduce frameworks","3288"
"486","big datum","big datum","0","mapreduce frameworks","0"
"487","data handling","data handling","0","mapreduce frameworks","457"
"488","data processing","data processing","0","mapreduce frameworks","2554"
"489","hadoop","hadoop","0","mapreduce frameworks","4"
"490","big data","big data","0","mapreduce frameworks","0"
"491","distributed computer systems","distributed computer systems","0","mapreduce frameworks","2687"
"492","optimization","optimization","0","mapreduce frameworks","10537"
"493","database systems","database systems","0","mapreduce frameworks","3516"
"494","fault tolerance","##30717","1","mapreduce frameworks","1184"
"495","scheduling","scheduling","0","mapreduce frameworks","2920"
"496","clustering algorithms","##29184","1","mapreduce frameworks","2325"
"497","iterative methods","iterative methods","0","mapreduce frameworks","1237"
"498","programming models","##29197","1","mapreduce frameworks","226"
"499","distributed file systems","##30530","1","mapreduce frameworks","26"
"500","query processing","query processing","0","mapreduce frameworks","1011"
"501","benchmarking","benchmarking","0","mapreduce frameworks","1400"
"502","software engineering","software engineering","0","mapreduce frameworks","4802"
"503","information management","information management","0","mapreduce frameworks","5813"
"504","parallel architectures","parallel architectures","0","mapreduce frameworks","353"
"505","distributed computing","distributed computing","0","mapreduce frameworks","409"
"506","query languages","query languages","0","mapreduce frameworks","1877"
"507","parallel computation","##29747","1","mapreduce frameworks","136"
"508","computer science","computer science","0","mapreduce frameworks","3430"
"509","computer systems","##29295","1","mapreduce frameworks","3857"
"510","parallel processing","parallel processing","0","mapreduce frameworks","608"
"511","bioinformatics","bioinformatics","0","mapreduce frameworks","4415"
"512","map-reduce programming","map-reduce programming","0","mapreduce frameworks","0"
"513","program processors","program processors","0","mapreduce frameworks","525"
"514","forestry","forestry","0","mapreduce frameworks","2813"
"515","learning systems","learning systems","0","mapreduce frameworks","7252"
"516","parallel programming model","parallel programming model","0","mapreduce frameworks","6"
"517","computer programming","computer programming","0","mapreduce frameworks","1489"
"518","artificial intelligence","artificial intelligence","0","mapreduce frameworks","9657"
"519","forecasting","forecasting","0","mapreduce frameworks","3568"
"520","data warehouses","##29272","1","mapreduce frameworks","388"
"521","data privacy","data privacy","0","mapreduce frameworks","391"
"522","cluster computing","cluster computing","0","mapreduce frameworks","154"
"523","search engines","##29189","1","mapreduce frameworks","2093"
"524","graph theory","graph theory","0","mapreduce frameworks","3831"
"525","parallel computing","parallel computing","0","mapreduce frameworks","279"
"526","data-intensive application","data-intensive application","0","mapreduce frameworks","16"
"527","internet","internet","0","mapreduce frameworks","9324"
"528","trees (mathematics)","##31109","1","mapreduce frameworks","2499"
"529","graphic methods","graphic methods","0","mapreduce frameworks","902"
"530","information systems","##29011","1","mapreduce frameworks","6305"
"531","feature extraction","feature extraction","0","mapreduce frameworks","5895"
"532","world wide web","world wide web","0","mapreduce frameworks","4347"
"533","scheduling algorithms","##29263","1","mapreduce frameworks","1414"
"534","cloud environments","cloud environments","0","mapreduce frameworks","0"
"535","iterative algorithm","##29500","1","mapreduce frameworks","273"
"536","multiprocessing systems","multiprocessing systems","0","mapreduce frameworks","385"
"537","k-means","k-means","0","mapreduce frameworks","251"
"538","cloud computing environments","cloud computing environments","0","mapreduce frameworks","0"
"539","large clusters","large clusters","0","mapreduce frameworks","13"
"540","frequent itemset mining","##30708","1","mapreduce frameworks","85"
"541","micro-blog","##29726","1","microblog","0"
"542","social networking (online)","social networking (online)","0","microblog","251"
"543","twitter","twitter","0","microblog","1"
"544","social network","##29010","1","microblog","745"
"545","social networks","##29010","1","microblog","745"
"546","world wide web","world wide web","0","microblog","4347"
"547","social media","social media","0","microblog","51"
"548","data mining","data mining","0","microblog","3288"
"549","forecasting","forecasting","0","microblog","3568"
"550","internet","internet","0","microblog","9324"
"551","behavioral research","behavioral research","0","microblog","868"
"552","microblogging","microblogging","0","microblog","3"
"553","information science","information science","0","microblog","4001"
"554","semantics","##29518","1","microblog","5698"
"555","sentiment analysis","sentiment analysis","0","microblog","35"
"556","algorithms","algorithms","0","microblog","17542"
"557","information systems","##29011","1","microblog","6305"
"558","information dissemination","information dissemination","0","microblog","894"
"559","computer science","computer science","0","microblog","3430"
"560","data sets","data sets","0","microblog","0"
"561","information retrieval","information retrieval","0","microblog","4274"
"562","information diffusion","information diffusion","0","microblog","9"
"563","blogs","##31003","1","microblog","105"
"564","online social networks","##29207","1","microblog","25"
"565","communication","communication","0","microblog","4473"
"566","computational linguistics","computational linguistics","0","microblog","1713"
"567","user behaviors","##29852","1","microblog","182"
"568","software engineering","software engineering","0","microblog","4802"
"569","user-generated content","user-generated content","0","microblog","44"
"570","data processing","data processing","0","microblog","2554"
"571","computer applications","##29296","1","microblog","958"
"572","classification (of information)","classification (of information)","0","microblog","2158"
"573","research","research","0","microblog","3193"
"574","search engines","##29189","1","microblog","2093"
"575","classification","classification","0","microblog","7153"
"576","hardware","hardware","0","microblog","912"
"577","hypertext systems","hypertext systems","0","microblog","361"
"578","systems engineering","systems engineering","0","microblog","2141"
"579","mathematical models","mathematical models","0","microblog","9365"
"580","artificial intelligence","artificial intelligence","0","microblog","9657"
"581","social sciences computing","social sciences computing","0","microblog","68"
"582","recommender systems","##29083","1","microblog","346"
"583","social network analysis","social network analysis","0","microblog","143"
"584","opinion mining","opinion mining","0","microblog","24"
"585","user behavior","##29852","1","microblog","182"
"586","mobile devices","##29264","1","microblog","1654"
"587","learning algorithms","##29192","1","microblog","3871"
"588","natural language processing systems","natural language processing systems","0","microblog","1220"
"589","text mining","text mining","0","microblog","188"
"590","information theory","information theory","0","microblog","7755"
"591","sentiment classification","sentiment classification","0","microblog","18"
"592","online systems","##29012","1","microblog","1353"
"593","user experience","user experience","0","microblog","219"
"594","feature extraction","feature extraction","0","microblog","5895"
"595","intelligent systems","intelligent systems","0","microblog","2828"
"596","knowledge management","knowledge management","0","microblog","2740"
"597","websites","websites","0","microblog","966"
"598","regression analysis","regression analysis","0","microblog","4870"
"599","optimization","optimization","0","microblog","10537"
"600","web searches","##29029","1","microblog","216"
"601","cloud computing","cloud computing","0","platform as a service (paas)","36"
"602","infrastructure as a service (iaas)","infrastructure as a service (iaas)","0","platform as a service (paas)","0"
"603","web services","##28995","1","platform as a service (paas)","3016"
"604","middleware","middleware","0","platform as a service (paas)","1279"
"605","software as a service","software as a service","0","platform as a service (paas)","15"
"606","quality of service","quality of service","0","platform as a service (paas)","2379"
"607","information technology","information technology","0","platform as a service (paas)","6152"
"608","computer systems","##29295","1","platform as a service (paas)","3857"
"609","resource allocation","resource allocation","0","platform as a service (paas)","2400"
"610","virtualizations","##29024","1","platform as a service (paas)","294"
"611","interoperability","interoperability","0","platform as a service (paas)","1121"
"612","distributed computer systems","distributed computer systems","0","platform as a service (paas)","2687"
"613","information systems","##29011","1","platform as a service (paas)","6305"
"614","mobile devices","##29264","1","platform as a service (paas)","1654"
"615","internet","internet","0","platform as a service (paas)","9324"
"616","algorithms","algorithms","0","platform as a service (paas)","17542"
"617","virtualization","##29024","1","platform as a service (paas)","294"
"618","iaas","iaas","0","platform as a service (paas)","0"
"619","cloud services","##29109","1","platform as a service (paas)","0"
"620","virtual machines","##29066","1","platform as a service (paas)","245"
"621","service provider","##30491","1","platform as a service (paas)","472"
"622","windows operating system","windows operating system","0","platform as a service (paas)","217"
"623","industry","industry","0","platform as a service (paas)","1181"
"624","virtual reality","virtual reality","0","platform as a service (paas)","3183"
"625","service level agreements","##29741","1","platform as a service (paas)","99"
"626","saas","saas","0","platform as a service (paas)","17"
"627","computer simulation","computer simulation","0","platform as a service (paas)","12878"
"628","information management","information management","0","platform as a service (paas)","5813"
"629","cloud computing services","cloud computing services","0","platform as a service (paas)","0"
"630","distributed database systems","distributed database systems","0","platform as a service (paas)","62"
"631","cloud environments","cloud environments","0","platform as a service (paas)","0"
"632","cloud providers","cloud providers","0","platform as a service (paas)","0"
"633","data processing","data processing","0","platform as a service (paas)","2554"
"634","map-reduce","##29341","1","platform as a service (paas)","24"
"635","web application","##29075","1","platform as a service (paas)","569"
"636","network security","network security","0","platform as a service (paas)","1133"
"637","software engineering","software engineering","0","platform as a service (paas)","4802"
"638","service oriented architecture (soa)","##29073","1","platform as a service (paas)","409"
"639","management","management","0","platform as a service (paas)","3612"
"640","information services","information services","0","platform as a service (paas)","3941"
"641","optimization","optimization","0","platform as a service (paas)","10537"
"642","computer programming","computer programming","0","platform as a service (paas)","1489"
"643","security","security","0","platform as a service (paas)","1030"
"644","cloud computing environments","cloud computing environments","0","platform as a service (paas)","0"
"645","software design","software design","0","platform as a service (paas)","1678"
"646","access control","access control","0","platform as a service (paas)","2545"
"647","energy efficiency","energy efficiency","0","platform as a service (paas)","1485"
"648","commerce","commerce","0","platform as a service (paas)","1691"
"649","experiments","experiments","0","platform as a service (paas)","2569"
"650","hardware","hardware","0","platform as a service (paas)","912"
"651","websites","websites","0","platform as a service (paas)","966"
"652","tools","tools","0","platform as a service (paas)","868"
"653","user interfaces","##29004","1","platform as a service (paas)","2398"
"654","multi agent systems","##29008","1","platform as a service (paas)","2580"
"655","communication systems","communication systems","0","platform as a service (paas)","2564"
"656","computing resource","computing resource","0","platform as a service (paas)","39"
"657","multi-tenancy","##30456","1","platform as a service (paas)","1"
"658","web-based applications","web-based applications","0","platform as a service (paas)","169"
"659","dynamic resource allocations","##29977","1","platform as a service (paas)","41"
"660","multi tenancies","##30456","1","platform as a service (paas)","1"
"661","cloud computing","cloud computing","0","private cloud","36"
"662","private clouds","##29355","1","private cloud","0"
"663","virtual machines","##29066","1","private cloud","245"
"664","computer systems","##29295","1","private cloud","3857"
"665","information technology","information technology","0","private cloud","6152"
"666","virtualizations","##29024","1","private cloud","294"
"667","virtualization","##29024","1","private cloud","294"
"668","computer science","computer science","0","private cloud","3430"
"669","cloud services","##29109","1","private cloud","0"
"670","industry","industry","0","private cloud","1181"
"671","virtual reality","virtual reality","0","private cloud","3183"
"672","virtual machine","##29066","1","private cloud","245"
"673","iaas","iaas","0","private cloud","0"
"674","computing resource","computing resource","0","private cloud","39"
"675","computing environments","computing environments","0","private cloud","124"
"676","computer simulation","computer simulation","0","private cloud","12878"
"677","quality of service","quality of service","0","private cloud","2379"
"678","distributed computer systems","distributed computer systems","0","private cloud","2687"
"679","security issues","##29255","1","private cloud","328"
"680","grid computing","grid computing","0","private cloud","1542"
"681","computer operating systems","computer operating systems","0","private cloud","879"
"682","algorithms","algorithms","0","private cloud","17542"
"683","saas","saas","0","private cloud","17"
"684","distributed database systems","distributed database systems","0","private cloud","62"
"685","web services","##28995","1","private cloud","3016"
"686","scheduling","scheduling","0","private cloud","2920"
"687","internet","internet","0","private cloud","9324"
"688","cluster computing","cluster computing","0","private cloud","154"
"689","resource allocation","resource allocation","0","private cloud","2400"
"690","access control","access control","0","private cloud","2545"
"691","communication","communication","0","private cloud","4473"
"692","telecommunication networks","telecommunication networks","0","private cloud","3736"
"693","security of data","security of data","0","private cloud","2546"
"694","cloud storage","##29401","1","private cloud","0"
"695","security","security","0","private cloud","1030"
"696","data privacy","data privacy","0","private cloud","391"
"697","metadata","metadata","0","private cloud","1144"
"698","data processing","data processing","0","private cloud","2554"
"699","hadoop","hadoop","0","private cloud","4"
"700","parallel architectures","parallel architectures","0","private cloud","353"
"701","computing infrastructures","computing infrastructures","0","private cloud","35"
"702","cloud systems","cloud systems","0","private cloud","0"
"703","virtualization technologies","virtualization technologies","0","private cloud","23"
"704","information management","information management","0","private cloud","5813"
"705","technology","technology","0","private cloud","11107"
"706","computer software","computer software","0","private cloud","5734"
"707","cloud storages","##29401","1","private cloud","0"
"708","windows operating system","windows operating system","0","private cloud","217"
"709","distributed file systems","##30530","1","private cloud","26"
"710","benchmarking","benchmarking","0","private cloud","1400"
"711","computer hardware","computer hardware","0","private cloud","542"
"712","cloud security","##29328","1","private cloud","0"
"713","soa","soa","0","private cloud","211"
"714","automation","automation","0","private cloud","4007"
"715","research","research","0","private cloud","3193"
"716","middleware","middleware","0","private cloud","1279"
"717","privacy","privacy","0","private cloud","446"
"718","service provider","##30491","1","private cloud","472"
"719","computing technology","computing technology","0","private cloud","13"
"720","scheduling algorithms","##29263","1","private cloud","1414"
