"1","artificial bee colony","##30678","1","artificial bee colonies","0"
"2","evolutionary algorithms","##29148","1","artificial bee colonies","1270"
"3","algorithms","algorithms","0","artificial bee colonies","23341"
"4","artificial intelligence","artificial intelligence","0","artificial bee colonies","5559"
"5","optimization","optimization","0","artificial bee colonies","9254"
"6","artificial bee colony algorithms","##29766","1","artificial bee colonies","0"
"7","artificial bee colony algorithm","##29766","1","artificial bee colonies","0"
"8","swarm intelligence","##29791","1","artificial bee colonies","74"
"9","particle swarm optimization (pso)","particle swarm optimization (pso)","0","artificial bee colonies","220"
"10","abc algorithms","abc algorithms","0","artificial bee colonies","0"
"11","genetic algorithms","##29021","1","artificial bee colonies","2920"
"12","cellular automata","cellular automata","0","artificial bee colonies","213"
"13","particle swarm optimization","##29857","1","artificial bee colonies","251"
"14","differential evolution","##29854","1","artificial bee colonies","65"
"15","problem solving","problem solving","0","artificial bee colonies","12148"
"16","foraging behaviors","foraging behaviors","0","artificial bee colonies","2"
"17","artificial bee colonies (abc)","##30678","1","artificial bee colonies","0"
"18","benchmarking","benchmarking","0","artificial bee colonies","870"
"19","multiobjective optimization","##31879","1","artificial bee colonies","231"
"20","artificial bee colony algorithms (abc)","##29766","1","artificial bee colonies","0"
"21","clustering algorithms","##29184","1","artificial bee colonies","685"
"22","global optimization","global optimization","0","artificial bee colonies","423"
"23","heuristic algorithms","##29281","1","artificial bee colonies","284"
"24","constrained optimization","constrained optimization","0","artificial bee colonies","205"
"25","intelligent systems","intelligent systems","0","artificial bee colonies","717"
"26","neural networks","##29022","1","artificial bee colonies","5323"
"27","scheduling","scheduling","0","artificial bee colonies","1864"
"28","computational complexity","computational complexity","0","artificial bee colonies","4590"
"29","particle swarm optimization algorithm","##29857","1","artificial bee colonies","251"
"30","genetic algorithm","##29021","1","artificial bee colonies","2920"
"31","simulation result","simulation result","0","artificial bee colonies","232"
"32","numerical optimizations","##29397","1","artificial bee colonies","22"
"33","parameter estimation","parameter estimation","0","artificial bee colonies","4397"
"34","heuristic methods","heuristic methods","0","artificial bee colonies","1208"
"35","convergence of numerical methods","convergence of numerical methods","0","artificial bee colonies","1214"
"36","design","design","0","artificial bee colonies","1747"
"37","learning algorithms","##29192","1","artificial bee colonies","1280"
"38","information technology","information technology","0","artificial bee colonies","3472"
"39","particle swarm","##29857","1","artificial bee colonies","251"
"40","combinatorial optimization","##31831","1","artificial bee colonies","138"
"41","exploration and exploitation","exploration and exploitation","0","artificial bee colonies","9"
"42","hybrid algorithms","##29435","1","artificial bee colonies","51"
"43","metaheuristic","##29678","1","artificial bee colonies","42"
"44","computer simulation","computer simulation","0","artificial bee colonies","19927"
"45","objective functions","##29593","1","artificial bee colonies","128"
"46","computation theory","computation theory","0","artificial bee colonies","2958"
"47","meta heuristics","##29678","1","artificial bee colonies","42"
"48","mathematical models","mathematical models","0","artificial bee colonies","18575"
"49","local optima","local optima","0","artificial bee colonies","14"
"50","scheduling algorithms","##29263","1","artificial bee colonies","435"
"51","bioinformatics","bioinformatics","0","artificial bee colonies","2255"
"52","data sets","data sets","0","artificial bee colonies","0"
"53","optimal solutions","optimal solutions","0","artificial bee colonies","108"
"54","image segmentation","image segmentation","0","artificial bee colonies","1988"
"55","computational results","##30763","1","artificial bee colonies","41"
"56","search spaces","##31830","1","artificial bee colonies","98"
"57","iterative methods","iterative methods","0","artificial bee colonies","1698"
"58","support vector machines","##29298","1","artificial bee colonies","1195"
"59","information science","information science","0","artificial bee colonies","2105"
"60","feature extraction","feature extraction","0","artificial bee colonies","3499"
"61","cloud computing","cloud computing","0","cloud infrastructures","1"
"62","virtual machines","##29066","1","cloud infrastructures","96"
"63","quality of service","quality of service","0","cloud infrastructures","2332"
"64","web services","##28995","1","cloud infrastructures","1871"
"65","computer systems","##29295","1","cloud infrastructures","1672"
"66","grid computing","grid computing","0","cloud infrastructures","977"
"67","internet","internet","0","cloud infrastructures","5506"
"68","distributed computer systems","distributed computer systems","0","cloud infrastructures","3369"
"69","cloud services","##29109","1","cloud infrastructures","0"
"70","computer simulation","computer simulation","0","cloud infrastructures","19927"
"71","virtual reality","virtual reality","0","cloud infrastructures","2676"
"72","service level agreements","##29741","1","cloud infrastructures","66"
"73","algorithms","algorithms","0","cloud infrastructures","23341"
"74","distributed database systems","distributed database systems","0","cloud infrastructures","251"
"75","virtualizations","##29024","1","cloud infrastructures","65"
"76","resource allocation","resource allocation","0","cloud infrastructures","2117"
"77","energy utilization","energy utilization","0","cloud infrastructures","568"
"78","scheduling","scheduling","0","cloud infrastructures","1864"
"79","information management","information management","0","cloud infrastructures","2076"
"80","network architecture","network architecture","0","cloud infrastructures","720"
"81","cloud providers","cloud providers","0","cloud infrastructures","0"
"82","information technology","information technology","0","cloud infrastructures","3472"
"83","cloud environments","cloud environments","0","cloud infrastructures","0"
"84","management","management","0","cloud infrastructures","1164"
"85","benchmarking","benchmarking","0","cloud infrastructures","870"
"86","optimization","optimization","0","cloud infrastructures","9254"
"87","research","research","0","cloud infrastructures","2339"
"88","infrastructure as a service (iaas)","infrastructure as a service (iaas)","0","cloud infrastructures","0"
"89","cloud service providers","cloud service providers","0","cloud infrastructures","0"
"90","map-reduce","##29341","1","cloud infrastructures","0"
"91","mapreduce","##29341","1","cloud infrastructures","0"
"92","costs","costs","0","cloud infrastructures","1301"
"93","data processing","data processing","0","cloud infrastructures","2347"
"94","service provider","##30491","1","cloud infrastructures","185"
"95","industry","industry","0","cloud infrastructures","815"
"96","interoperability","interoperability","0","cloud infrastructures","734"
"97","information services","information services","0","cloud infrastructures","1555"
"98","scientific applications","scientific applications","0","cloud infrastructures","20"
"99","computing resource","computing resource","0","cloud infrastructures","21"
"100","ubiquitous computing","ubiquitous computing","0","cloud infrastructures","709"
"101","energy efficiency","energy efficiency","0","cloud infrastructures","643"
"102","cloud computing environments","cloud computing environments","0","cloud infrastructures","0"
"103","artificial intelligence","artificial intelligence","0","cloud infrastructures","5559"
"104","service oriented architecture (soa)","##29073","1","cloud infrastructures","185"
"105","middleware","middleware","0","cloud infrastructures","874"
"106","computer science","computer science","0","cloud infrastructures","4768"
"107","network security","network security","0","cloud infrastructures","718"
"108","distributed applications","distributed applications","0","cloud infrastructures","75"
"109","resource management","##30445","1","cloud infrastructures","346"
"110","mobile devices","##29264","1","cloud infrastructures","702"
"111","information science","information science","0","cloud infrastructures","2105"
"112","autonomic computing","autonomic computing","0","cloud infrastructures","66"
"113","high performance computing","##29475","1","cloud infrastructures","89"
"114","visualization","visualization","0","cloud infrastructures","1507"
"115","virtualization","##29024","1","cloud infrastructures","65"
"116","semantics","##29518","1","cloud infrastructures","4981"
"117","windows operating system","windows operating system","0","cloud infrastructures","55"
"118","computer programming","computer programming","0","cloud infrastructures","1428"
"119","computing paradigm","computing paradigm","0","cloud infrastructures","11"
"120","service level agreement","##29741","1","cloud infrastructures","66"
"121","cloud computing","cloud computing","0","cloud providers","1"
"122","computer systems","##29295","1","cloud providers","1672"
"123","cloud services","##29109","1","cloud providers","0"
"124","virtual machines","##29066","1","cloud providers","96"
"125","virtualizations","##29024","1","cloud providers","65"
"126","quality of service","quality of service","0","cloud providers","2332"
"127","service level agreements","##29741","1","cloud providers","66"
"128","computer simulation","computer simulation","0","cloud providers","19927"
"129","web services","##28995","1","cloud providers","1871"
"130","costs","costs","0","cloud providers","1301"
"131","distributed database systems","distributed database systems","0","cloud providers","251"
"132","computing resource","computing resource","0","cloud providers","21"
"133","grid computing","grid computing","0","cloud providers","977"
"134","commerce","commerce","0","cloud providers","465"
"135","resource allocation","resource allocation","0","cloud providers","2117"
"136","internet","internet","0","cloud providers","5506"
"137","algorithms","algorithms","0","cloud providers","23341"
"138","security","security","0","cloud providers","570"
"139","optimization","optimization","0","cloud providers","9254"
"140","cryptography","cryptography","0","cloud providers","1757"
"141","information technology","information technology","0","cloud providers","3472"
"142","information management","information management","0","cloud providers","2076"
"143","computing environments","computing environments","0","cloud providers","24"
"144","virtualization","##29024","1","cloud providers","65"
"145","cloud systems","cloud systems","0","cloud providers","2"
"146","security of data","security of data","0","cloud providers","3689"
"147","industry","industry","0","cloud providers","815"
"148","amazon ec2","amazon ec2","0","cloud providers","0"
"149","computing paradigm","computing paradigm","0","cloud providers","11"
"150","virtual reality","virtual reality","0","cloud providers","2676"
"151","resource provisioning","resource provisioning","0","cloud providers","3"
"152","data privacy","data privacy","0","cloud providers","912"
"153","service provider","##30491","1","cloud providers","185"
"154","resource management","##30445","1","cloud providers","346"
"155","network security","network security","0","cloud providers","718"
"156","scheduling","scheduling","0","cloud providers","1864"
"157","information systems","##29011","1","cloud providers","3724"
"158","interoperability","interoperability","0","cloud providers","734"
"159","network architecture","network architecture","0","cloud providers","720"
"160","software as a service","software as a service","0","cloud providers","6"
"161","communication","communication","0","cloud providers","1701"
"162","computing infrastructures","computing infrastructures","0","cloud providers","4"
"163","access control","access control","0","cloud providers","728"
"164","security and privacy","security and privacy","0","cloud providers","26"
"165","business models","##29698","1","cloud providers","104"
"166","middleware","middleware","0","cloud providers","874"
"167","semantics","##29518","1","cloud providers","4981"
"168","cloud environments","cloud environments","0","cloud providers","0"
"169","map-reduce","##29341","1","cloud providers","0"
"170","distributed computer systems","distributed computer systems","0","cloud providers","3369"
"171","fault tolerance","##30717","1","cloud providers","503"
"172","third parties","third parties","0","cloud providers","32"
"173","energy efficiency","energy efficiency","0","cloud providers","643"
"174","extensive simulations","extensive simulations","0","cloud providers","56"
"175","management","management","0","cloud providers","1164"
"176","security issues","##29255","1","cloud providers","65"
"177","runtimes","runtimes","0","cloud providers","0"
"178","scheduling algorithms","##29263","1","cloud providers","435"
"179","computing system","computing system","0","cloud providers","18"
"180","security systems","security systems","0","cloud providers","1083"
"181","cloud computing","cloud computing","0","cloud security","1"
"182","cloud securities","##29328","1","cloud security","0"
"183","computer systems","##29295","1","cloud security","1672"
"184","network security","network security","0","cloud security","718"
"185","cloud services","##29109","1","cloud security","0"
"186","security of data","security of data","0","cloud security","3689"
"187","cryptography","cryptography","0","cloud security","1757"
"188","data privacy","data privacy","0","cloud security","912"
"189","information technology","information technology","0","cloud security","3472"
"190","web services","##28995","1","cloud security","1871"
"191","internet","internet","0","cloud security","5506"
"192","security issues","##29255","1","cloud security","65"
"193","virtualizations","##29024","1","cloud security","65"
"194","information science","information science","0","cloud security","2105"
"195","access control","access control","0","cloud security","728"
"196","authentication","authentication","0","cloud security","620"
"197","virtual machines","##29066","1","cloud security","96"
"198","distributed database systems","distributed database systems","0","cloud security","251"
"199","cloud providers","cloud providers","0","cloud security","0"
"200","grid computing","grid computing","0","cloud security","977"
"201","cloud service providers","cloud service providers","0","cloud security","0"
"202","computer crime","computer crime","0","cloud security","1021"
"203","service level agreements","##29741","1","cloud security","66"
"204","security challenges","security challenges","0","cloud security","4"
"205","computing environments","computing environments","0","cloud security","24"
"206","iaas","iaas","0","cloud security","0"
"207","quality of service","quality of service","0","cloud security","2332"
"208","forestry","forestry","0","cloud security","2758"
"209","network architecture","network architecture","0","cloud security","720"
"210","security requirements","security requirements","0","cloud security","55"
"211","computer simulation","computer simulation","0","cloud security","19927"
"212","computer viruses","computer viruses","0","cloud security","202"
"213","industry","industry","0","cloud security","815"
"214","virtual reality","virtual reality","0","cloud security","2676"
"215","computing paradigm","computing paradigm","0","cloud security","11"
"216","security and privacy","security and privacy","0","cloud security","26"
"217","virtualization","##29024","1","cloud security","65"
"218","information systems","##29011","1","cloud security","3724"
"219","ubiquitous computing","ubiquitous computing","0","cloud security","709"
"220","security systems","security systems","0","cloud security","1083"
"221","third parties","third parties","0","cloud security","32"
"222","intrusion detection","##29325","1","cloud security","487"
"223","management","management","0","cloud security","1164"
"224","security problems","##29255","1","cloud security","65"
"225","computing system","computing system","0","cloud security","18"
"226","cloud systems","cloud systems","0","cloud security","2"
"227","software engineering","software engineering","0","cloud security","2799"
"228","computing resource","computing resource","0","cloud security","21"
"229","computer science","computer science","0","cloud security","4768"
"230","service provider","##30491","1","cloud security","185"
"231","algorithms","algorithms","0","cloud security","23341"
"232","privacy","privacy","0","cloud security","313"
"233","hardware","hardware","0","cloud security","379"
"234","interoperability","interoperability","0","cloud security","734"
"235","computing infrastructures","computing infrastructures","0","cloud security","4"
"236","computer privacy","computer privacy","0","cloud security","95"
"237","intelligent computing","intelligent computing","0","cloud security","9"
"238","distributed computer systems","distributed computer systems","0","cloud security","3369"
"239","data handling","data handling","0","cloud security","456"
"240","mobile devices","##29264","1","cloud security","702"
"241","cloud computing","cloud computing","0","cloud services","1"
"242","distributed database systems","distributed database systems","0","cloud services","251"
"243","web services","##28995","1","cloud services","1871"
"244","computer systems","##29295","1","cloud services","1672"
"245","information technology","information technology","0","cloud services","3472"
"246","quality of service","quality of service","0","cloud services","2332"
"247","cloud providers","cloud providers","0","cloud services","0"
"248","cloud service","##29109","1","cloud services","0"
"249","service provider","##30491","1","cloud services","185"
"250","internet","internet","0","cloud services","5506"
"251","virtualizations","##29024","1","cloud services","65"
"252","grid computing","grid computing","0","cloud services","977"
"253","mobile devices","##29264","1","cloud services","702"
"254","industry","industry","0","cloud services","815"
"255","virtual machines","##29066","1","cloud services","96"
"256","costs","costs","0","cloud services","1301"
"257","service level agreements","##29741","1","cloud services","66"
"258","security of data","security of data","0","cloud services","3689"
"259","algorithms","algorithms","0","cloud services","23341"
"260","computing environments","computing environments","0","cloud services","24"
"261","network architecture","network architecture","0","cloud services","720"
"262","computer simulation","computer simulation","0","cloud services","19927"
"263","optimization","optimization","0","cloud services","9254"
"264","communication","communication","0","cloud services","1701"
"265","computing resource","computing resource","0","cloud services","21"
"266","middleware","middleware","0","cloud services","874"
"267","security","security","0","cloud services","570"
"268","data privacy","data privacy","0","cloud services","912"
"269","information management","information management","0","cloud services","2076"
"270","virtual reality","virtual reality","0","cloud services","2676"
"271","information systems","##29011","1","cloud services","3724"
"272","access control","access control","0","cloud services","728"
"273","cryptography","cryptography","0","cloud services","1757"
"274","computing services","computing services","0","cloud services","6"
"275","virtualization","##29024","1","cloud services","65"
"276","semantics","##29518","1","cloud services","4981"
"277","software as a service","software as a service","0","cloud services","6"
"278","user interfaces","##29004","1","cloud services","3290"
"279","commerce","commerce","0","cloud services","465"
"280","cloud systems","cloud systems","0","cloud services","2"
"281","management","management","0","cloud services","1164"
"282","information services","information services","0","cloud services","1555"
"283","ubiquitous computing","ubiquitous computing","0","cloud services","709"
"284","computing paradigm","computing paradigm","0","cloud services","11"
"285","resource allocation","resource allocation","0","cloud services","2117"
"286","service oriented architecture (soa)","##29073","1","cloud services","185"
"287","distributed computer systems","distributed computer systems","0","cloud services","3369"
"288","scheduling","scheduling","0","cloud services","1864"
"289","ontology","##29013","1","cloud services","1376"
"290","network security","network security","0","cloud services","718"
"291","computer science","computer science","0","cloud services","4768"
"292","interoperability","interoperability","0","cloud services","734"
"293","internet protocols","##30532","1","cloud services","989"
"294","map-reduce","##29341","1","cloud services","0"
"295","saas","saas","0","cloud services","0"
"296","research","research","0","cloud services","2339"
"297","cloud service providers","cloud service providers","0","cloud services","0"
"298","privacy","privacy","0","cloud services","313"
"299","information science","information science","0","cloud services","2105"
"300","mobile applications","##29612","1","cloud services","88"
"361","cloud storage","##29401","1","cloud storages","0"
"362","cloud computing","cloud computing","0","cloud storages","1"
"363","cryptography","cryptography","0","cloud storages","1757"
"364","security of data","security of data","0","cloud storages","3689"
"365","access control","access control","0","cloud storages","728"
"366","algorithms","algorithms","0","cloud storages","23341"
"367","information management","information management","0","cloud storages","2076"
"368","data privacy","data privacy","0","cloud storages","912"
"369","security","security","0","cloud storages","570"
"370","optimization","optimization","0","cloud storages","9254"
"371","costs","costs","0","cloud storages","1301"
"372","internet","internet","0","cloud storages","5506"
"373","information technology","information technology","0","cloud storages","3472"
"374","network security","network security","0","cloud storages","718"
"375","computer systems","##29295","1","cloud storages","1672"
"376","mobile devices","##29264","1","cloud storages","702"
"377","metadata","metadata","0","cloud storages","1017"
"378","distributed computer systems","distributed computer systems","0","cloud storages","3369"
"379","cloud providers","cloud providers","0","cloud storages","0"
"380","distributed database systems","distributed database systems","0","cloud storages","251"
"381","search engines","##29189","1","cloud storages","1377"
"382","public key cryptography","##29203","1","cloud storages","653"
"383","data security","data security","0","cloud storages","45"
"384","cloud data","cloud data","0","cloud storages","1"
"385","cloud services","##29109","1","cloud storages","0"
"386","communication","communication","0","cloud storages","1701"
"387","ciphertexts","##29117","1","cloud storages","28"
"388","technology","technology","0","cloud storages","2520"
"389","fault tolerance","##30717","1","cloud storages","503"
"390","management","management","0","cloud storages","1164"
"391","privacy preserving","##29143","1","cloud storages","22"
"392","hash functions","##29133","1","cloud storages","119"
"393","cloud environments","cloud environments","0","cloud storages","0"
"394","proxy re encryptions","##29927","1","cloud storages","1"
"395","multiprocessing systems","multiprocessing systems","0","cloud storages","298"
"396","cloud service providers","cloud service providers","0","cloud storages","0"
"397","grid computing","grid computing","0","cloud storages","977"
"398","virtual storage","virtual storage","0","cloud storages","54"
"399","web services","##28995","1","cloud storages","1871"
"400","key management","key management","0","cloud storages","66"
"401","information science","information science","0","cloud storages","2105"
"402","distributed storage system","distributed storage system","0","cloud storages","2"
"403","secret sharing","secret sharing","0","cloud storages","50"
"404","industry","industry","0","cloud storages","815"
"405","peer to peer networks","##29126","1","cloud storages","203"
"406","artificial intelligence","artificial intelligence","0","cloud storages","5559"
"407","semantics","##29518","1","cloud storages","4981"
"408","file systems","##29775","1","cloud storages","57"
"409","computer science","computer science","0","cloud storages","4768"
"410","quality of service","quality of service","0","cloud storages","2332"
"411","authentication","authentication","0","cloud storages","620"
"412","security analysis","security analysis","0","cloud storages","55"
"413","regenerating codes","regenerating codes","0","cloud storages","0"
"414","bandwidth","bandwidth","0","cloud storages","1963"
"415","service provider","##30491","1","cloud storages","185"
"416","software engineering","software engineering","0","cloud storages","2799"
"417","hadoop","hadoop","0","cloud storages","0"
"418","encrypted data","encrypted data","0","cloud storages","4"
"419","cryptographic primitives","cryptographic primitives","0","cloud storages","15"
"420","cloud securities","##29328","1","cloud storages","0"
"421","embedded systems","##29262","1","cyber physical systems (cpss)","1763"
"422","cyber-physical systems","##31505","1","cyber physical systems (cpss)","0"
"423","models","models","0","cyber physical systems (cpss)","456"
"424","cyber-physical systems (cps)","##31505","1","cyber physical systems (cpss)","0"
"425","cyber-physical system","##31505","1","cyber physical systems (cpss)","0"
"426","algorithms","algorithms","0","cyber physical systems (cpss)","23341"
"427","design","design","0","cyber physical systems (cpss)","1747"
"428","sensors","sensors","0","cyber physical systems (cpss)","2555"
"429","computer simulation","computer simulation","0","cyber physical systems (cpss)","19927"
"430","smart power grids","smart power grids","0","cyber physical systems (cpss)","0"
"431","semantics","##29518","1","cyber physical systems (cpss)","4981"
"432","smart grid","##28996","1","cyber physical systems (cpss)","0"
"433","internet","internet","0","cyber physical systems (cpss)","5506"
"434","cyber physical systems","##31505","1","cyber physical systems (cpss)","0"
"435","communication","communication","0","cyber physical systems (cpss)","1701"
"436","information technology","information technology","0","cyber physical systems (cpss)","3472"
"437","security of data","security of data","0","cyber physical systems (cpss)","3689"
"438","wireless sensor networks","##29304","1","cyber physical systems (cpss)","1225"
"439","internet of things (iot)","internet of things (iot)","0","cyber physical systems (cpss)","2"
"440","scheduling","scheduling","0","cyber physical systems (cpss)","1864"
"441","optimization","optimization","0","cyber physical systems (cpss)","9254"
"442","sensor networks","##29277","1","cyber physical systems (cpss)","1265"
"443","sensor nodes","##29279","1","cyber physical systems (cpss)","240"
"444","middleware","middleware","0","cyber physical systems (cpss)","874"
"445","wireless telecommunication systems","wireless telecommunication systems","0","cyber physical systems (cpss)","3620"
"446","security","security","0","cyber physical systems (cpss)","570"
"447","real time systems","##29005","1","cyber physical systems (cpss)","3160"
"448","cps","cps","0","cyber physical systems (cpss)","6"
"449","network security","network security","0","cyber physical systems (cpss)","718"
"450","automata theory","automata theory","0","cyber physical systems (cpss)","657"
"451","energy utilization","energy utilization","0","cyber physical systems (cpss)","568"
"452","information science","information science","0","cyber physical systems (cpss)","2105"
"453","research","research","0","cyber physical systems (cpss)","2339"
"454","software engineering","software engineering","0","cyber physical systems (cpss)","2799"
"455","model checking","##29186","1","cyber physical systems (cpss)","436"
"456","ubiquitous computing","ubiquitous computing","0","cyber physical systems (cpss)","709"
"457","hardware","hardware","0","cyber physical systems (cpss)","379"
"458","specifications","##29196","1","cyber physical systems (cpss)","749"
"459","artificial intelligence","artificial intelligence","0","cyber physical systems (cpss)","5559"
"460","internet of things","internet of things","0","cyber physical systems (cpss)","1"
"461","fault tolerance","##30717","1","cyber physical systems (cpss)","503"
"462","information management","information management","0","cyber physical systems (cpss)","2076"
"463","data processing","data processing","0","cyber physical systems (cpss)","2347"
"464","network architecture","network architecture","0","cyber physical systems (cpss)","720"
"465","automation","automation","0","cyber physical systems (cpss)","2941"
"466","networked control systems","##29841","1","cyber physical systems (cpss)","37"
"467","distributed computer systems","distributed computer systems","0","cyber physical systems (cpss)","3369"
"468","intelligent systems","intelligent systems","0","cyber physical systems (cpss)","717"
"469","information services","information services","0","cyber physical systems (cpss)","1555"
"470","verification","verification","0","cyber physical systems (cpss)","367"
"471","computer science","computer science","0","cyber physical systems (cpss)","4768"
"472","systems analysis","systems analysis","0","cyber physical systems (cpss)","1967"
"473","quality of service","quality of service","0","cyber physical systems (cpss)","2332"
"474","systems engineering","systems engineering","0","cyber physical systems (cpss)","383"
"475","computer crime","computer crime","0","cyber physical systems (cpss)","1021"
"476","information systems","##29011","1","cyber physical systems (cpss)","3724"
"477","intelligent buildings","intelligent buildings","0","cyber physical systems (cpss)","75"
"478","wireless sensor network (wsns)","##29304","1","cyber physical systems (cpss)","1225"
"479","hybrid automatons","hybrid automatons","0","cyber physical systems (cpss)","4"
"480","embedded software","embedded software","0","cyber physical systems (cpss)","71"
"481","embedded systems","##29262","1","cyber-physical systems","1763"
"482","cyber physical systems (cpss)","##31505","1","cyber-physical systems","0"
"483","models","models","0","cyber-physical systems","456"
"484","real time systems","##29005","1","cyber-physical systems","3160"
"485","sensors","sensors","0","cyber-physical systems","2555"
"486","sensor networks","##29277","1","cyber-physical systems","1265"
"487","computer simulation","computer simulation","0","cyber-physical systems","19927"
"488","algorithms","algorithms","0","cyber-physical systems","23341"
"489","wireless sensor networks","##29304","1","cyber-physical systems","1225"
"490","internet","internet","0","cyber-physical systems","5506"
"491","ubiquitous computing","ubiquitous computing","0","cyber-physical systems","709"
"492","cyber-physical system","##31505","1","cyber-physical systems","0"
"493","security","security","0","cyber-physical systems","570"
"494","design","design","0","cyber-physical systems","1747"
"495","smart grid","##28996","1","cyber-physical systems","0"
"496","communication","communication","0","cyber-physical systems","1701"
"497","optimization","optimization","0","cyber-physical systems","9254"
"498","cyber-physical systems (cps)","##31505","1","cyber-physical systems","0"
"499","network security","network security","0","cyber-physical systems","718"
"500","wireless telecommunication systems","wireless telecommunication systems","0","cyber-physical systems","3620"
"501","security of data","security of data","0","cyber-physical systems","3689"
"502","embedded software","embedded software","0","cyber-physical systems","71"
"503","smart power grids","smart power grids","0","cyber-physical systems","0"
"504","information technology","information technology","0","cyber-physical systems","3472"
"505","semantics","##29518","1","cyber-physical systems","4981"
"506","internet of things","internet of things","0","cyber-physical systems","1"
"507","model checking","##29186","1","cyber-physical systems","436"
"508","quality of service","quality of service","0","cyber-physical systems","2332"
"509","cyber physical systems","##31505","1","cyber-physical systems","0"
"510","intelligent systems","intelligent systems","0","cyber-physical systems","717"
"511","distributed computer systems","distributed computer systems","0","cyber-physical systems","3369"
"512","scheduling","scheduling","0","cyber-physical systems","1864"
"513","cloud computing","cloud computing","0","cyber-physical systems","1"
"514","formal methods","##29204","1","cyber-physical systems","196"
"515","sensor nodes","##29279","1","cyber-physical systems","240"
"516","software engineering","software engineering","0","cyber-physical systems","2799"
"517","wireless networks","##29280","1","cyber-physical systems","1401"
"518","network architecture","network architecture","0","cyber-physical systems","720"
"519","abstracting","abstracting","0","cyber-physical systems","729"
"520","user interfaces","##29004","1","cyber-physical systems","3290"
"521","telecommunication networks","telecommunication networks","0","cyber-physical systems","2235"
"522","middleware","middleware","0","cyber-physical systems","874"
"523","systems analysis","systems analysis","0","cyber-physical systems","1967"
"524","artificial intelligence","artificial intelligence","0","cyber-physical systems","5559"
"525","runtimes","runtimes","0","cyber-physical systems","0"
"526","specifications","##29196","1","cyber-physical systems","749"
"527","real-time systems","##29005","1","cyber-physical systems","3160"
"528","computer software","computer software","0","cyber-physical systems","4088"
"529","robotics","robotics","0","cyber-physical systems","2585"
"530","cps","cps","0","cyber-physical systems","6"
"531","systems engineering","systems engineering","0","cyber-physical systems","383"
"532","automation","automation","0","cyber-physical systems","2941"
"533","simulation","simulation","0","cyber-physical systems","3815"
"534","internet of things (iot)","internet of things (iot)","0","cyber-physical systems","2"
"535","scheduling algorithms","##29263","1","cyber-physical systems","435"
"536","mathematical models","mathematical models","0","cyber-physical systems","18575"
"537","quality control","quality control","0","cyber-physical systems","3234"
"538","mobile computing","mobile computing","0","cyber-physical systems","1243"
"539","fault tolerance","##30717","1","cyber-physical systems","503"
"540","energy utilization","energy utilization","0","cyber-physical systems","568"
"541","differential privacy","##29426","1","differential privacies","1"
"542","data privacy","data privacy","0","differential privacies","912"
"543","privacy preserving","##29143","1","differential privacies","22"
"544","algorithms","algorithms","0","differential privacies","23341"
"545","query processing","query processing","0","differential privacies","554"
"546","privacy","privacy","0","differential privacies","313"
"547","sensitive informations","sensitive informations","0","differential privacies","17"
"548","data sets","data sets","0","differential privacies","0"
"549","data mining","data mining","0","differential privacies","2426"
"550","private data","private data","0","differential privacies","11"
"551","computer science","computer science","0","differential privacies","4768"
"552","database systems","database systems","0","differential privacies","4932"
"553","sensitive datas","sensitive datas","0","differential privacies","8"
"554","optimization","optimization","0","differential privacies","9254"
"555","cryptography","cryptography","0","differential privacies","1757"
"556","query languages","query languages","0","differential privacies","2015"
"557","lower bounds","##29283","1","differential privacies","177"
"558","graphic methods","graphic methods","0","differential privacies","658"
"559","security of data","security of data","0","differential privacies","3689"
"560","k-anonymity","k-anonymity","0","differential privacies","17"
"561","communication","communication","0","differential privacies","1701"
"562","information theory","information theory","0","differential privacies","1689"
"563","anonymization","anonymization","0","differential privacies","9"
"564","data handling","data handling","0","differential privacies","456"
"565","computation theory","computation theory","0","differential privacies","2958"
"566","social networking (online)","social networking (online)","0","differential privacies","89"
"567","machine design","machine design","0","differential privacies","441"
"568","personal information","personal information","0","differential privacies","55"
"569","data processing","data processing","0","differential privacies","2347"
"570","estimation","estimation","0","differential privacies","1741"
"571","social networks","##29010","1","differential privacies","257"
"572","data publishing","data publishing","0","differential privacies","8"
"573","real data sets","real data sets","0","differential privacies","10"
"574","approximation algorithms","##29103","1","differential privacies","492"
"575","mechanism design","mechanism design","0","differential privacies","33"
"576","secure multi-party computation","##30273","1","differential privacies","17"
"577","private information","private information","0","differential privacies","19"
"578","graph theory","graph theory","0","differential privacies","2762"
"579","data reduction","data reduction","0","differential privacies","3921"
"580","statistical methods","statistical methods","0","differential privacies","3183"
"581","learning algorithms","##29192","1","differential privacies","1280"
"582","privacy preserving data mining","##29346","1","differential privacies","12"
"583","security","security","0","differential privacies","570"
"584","privacy protection","privacy protection","0","differential privacies","41"
"585","learning systems","learning systems","0","differential privacies","4970"
"586","individual privacy","individual privacy","0","differential privacies","3"
"587","artificial intelligence","artificial intelligence","0","differential privacies","5559"
"588","differentiation (calculus)","differentiation (calculus)","0","differential privacies","253"
"589","data utilities","data utilities","0","differential privacies","0"
"590","trees (mathematics)","##31109","1","differential privacies","1846"
"591","research","research","0","differential privacies","2339"
"592","random processes","random processes","0","differential privacies","1699"
"593","information dissemination","information dissemination","0","differential privacies","1173"
"594","upper bound","##29712","1","differential privacies","130"
"595","electronic commerce","electronic commerce","0","differential privacies","1298"
"596","privacy preservation","privacy preservation","0","differential privacies","18"
"597","privacy requirements","privacy requirements","0","differential privacies","4"
"598","information management","information management","0","differential privacies","2076"
"599","decision trees","##29090","1","differential privacies","525"
"600","functional programming","functional programming","0","differential privacies","79"
"695","signal processing","signal processing","0","ieee signal processing society","4156"
"696","robot learning","robot learning","0","ieee signal processing society","68"
"697","machine-learning","##29015","1","ieee signal processing society","446"
"698","artificial intelligence","artificial intelligence","0","ieee signal processing society","5559"
"699","learning systems","learning systems","0","ieee signal processing society","4970"
"700","education","education","0","ieee signal processing society","2651"
"701","classification (of information)","classification (of information)","0","ieee signal processing society","2463"
"702","classifiers","##29191","1","ieee signal processing society","219"
"703","support vector machines","##29298","1","ieee signal processing society","1195"
"704","optimization","optimization","0","ieee signal processing society","9254"
"705","statistical methods","statistical methods","0","ieee signal processing society","3183"
"706","imaging techniques","imaging techniques","0","ieee signal processing society","609"
"707","estimation","estimation","0","ieee signal processing society","1741"
"708","neural networks","##29022","1","ieee signal processing society","5323"
"709","independent component analysis","independent component analysis","0","ieee signal processing society","507"
"710","information theory","information theory","0","ieee signal processing society","1689"
"711","data sets","data sets","0","ieee signal processing society","0"
"712","vectors","vectors","0","ieee signal processing society","1691"
"713","image segmentation","image segmentation","0","ieee signal processing society","1988"
"714","feature selection","##30709","1","ieee signal processing society","263"
"715","standards","standards","0","ieee signal processing society","1612"
"716","learning algorithms","##29192","1","ieee signal processing society","1280"
"717","feature extraction","feature extraction","0","ieee signal processing society","3499"
"718","error analysis","error analysis","0","ieee signal processing society","2809"
"719","sensors","sensors","0","ieee signal processing society","2555"
"720","object recognition","object recognition","0","ieee signal processing society","1321"
"721","markov processes","##29290","1","ieee signal processing society","1415"
"722","image enhancement","image enhancement","0","ieee signal processing society","1642"
"723","bayesian networks","##29016","1","ieee signal processing society","648"
"724","image retrieval","image retrieval","0","ieee signal processing society","673"
"725","source separation","source separation","0","ieee signal processing society","35"
"726","blind source separation","blind source separation","0","ieee signal processing society","440"
"727","matrix algebra","matrix algebra","0","ieee signal processing society","1869"
"728","correlation methods","correlation methods","0","ieee signal processing society","1513"
"729","regression analysis","regression analysis","0","ieee signal processing society","4253"
"730","speech recognition","speech recognition","0","ieee signal processing society","1584"
"731","set theory","set theory","0","ieee signal processing society","1885"
"732","bayesian","##29900","1","ieee signal processing society","159"
"733","feedforward neural networks","##29199","1","ieee signal processing society","222"
"734","kernel functions","##29626","1","ieee signal processing society","84"
"735","independent component analysis (ica)","independent component analysis (ica)","0","ieee signal processing society","74"
"736","face recognition","face recognition","0","ieee signal processing society","1144"
"737","random processes","random processes","0","ieee signal processing society","1699"
"738","iterative methods","iterative methods","0","ieee signal processing society","1698"
"739","independent components","independent components","0","ieee signal processing society","26"
"740","probability","probability","0","ieee signal processing society","4051"
"741","parameter estimation","parameter estimation","0","ieee signal processing society","4397"
"742","multi-layer perceptron","##30691","1","ieee signal processing society","77"
"743","non-negativity","non-negativity","0","ieee signal processing society","3"
"744","banach spaces","##29704","1","ieee signal processing society","17"
"745","flow of solids","flow of solids","0","ieee signal processing society","134"
"746","adaptive algorithms","##29816","1","ieee signal processing society","823"
"747","three dimensional","three dimensional","0","ieee signal processing society","1604"
"748","mean square error","mean square error","0","ieee signal processing society","176"
"749","approximation algorithms","##29103","1","ieee signal processing society","492"
"750","wavelet transforms","##29091","1","ieee signal processing society","1278"
"751","cluster analysis","cluster analysis","0","ieee signal processing society","2920"
"752","non-gaussian","non-gaussian","0","ieee signal processing society","32"
"753","apartment houses","apartment houses","0","ieee signal processing society","17"
"754","kernel methods","##29788","1","ieee signal processing society","96"
"755","search engines","##29189","1","information retrieval technology","1377"
"756","computer networks","computer networks","0","information retrieval technology","4223"
"757","information technology","information technology","0","information retrieval technology","3472"
"758","information services","information services","0","information retrieval technology","1555"
"759","technology","technology","0","information retrieval technology","2520"
"760","information analysis","information analysis","0","information retrieval technology","2673"
"761","information retrieval","information retrieval","0","information retrieval technology","4631"
"762","retrieval (mir)","retrieval (mir)","0","information retrieval technology","63"
"763","information science","information science","0","information retrieval technology","2105"
"764","heidelberg (co)","heidelberg (co)","0","information retrieval technology","103"
"765","natural language processing systems","natural language processing systems","0","information retrieval technology","843"
"766","information theory","information theory","0","information retrieval technology","1689"
"767","mathematical models","mathematical models","0","information retrieval technology","18575"
"768","semantics","##29518","1","information retrieval technology","4981"
"769","algorithms","algorithms","0","information retrieval technology","23341"
"770","scheduling algorithms","##29263","1","information retrieval technology","435"
"771","evolutionary algorithms","##29148","1","information retrieval technology","1270"
"772","world wide web","world wide web","0","information retrieval technology","3138"
"773","boolean functions","boolean functions","0","information retrieval technology","1097"
"774","computational linguistics","computational linguistics","0","information retrieval technology","504"
"775","learning systems","learning systems","0","information retrieval technology","4970"
"776","internet","internet","0","information retrieval technology","5506"
"777","flow of solids","flow of solids","0","information retrieval technology","134"
"778","content based retrieval","##29175","1","information retrieval technology","449"
"779","multitasking","multitasking","0","information retrieval technology","195"
"780","information retrieval systems","information retrieval systems","0","information retrieval technology","986"
"781","linguistics","linguistics","0","information retrieval technology","2109"
"782","integer programming","integer programming","0","information retrieval technology","671"
"783","computer software","computer software","0","information retrieval technology","4088"
"784","numerical methods","##29303","1","information retrieval technology","3605"
"785","web pages","web pages","0","information retrieval technology","48"
"786","metropolitan area networks","metropolitan area networks","0","information retrieval technology","256"
"787","aerospace applications","aerospace applications","0","information retrieval technology","66"
"788","network protocols","network protocols","0","information retrieval technology","4232"
"789","image retrieval","image retrieval","0","information retrieval technology","673"
"790","feature extraction","feature extraction","0","information retrieval technology","3499"
"791","fuzzy logic","##29288","1","information retrieval technology","1143"
"792","number theory","number theory","0","information retrieval technology","493"
"793","ontology","##29013","1","information retrieval technology","1376"
"794","text processing","text processing","0","information retrieval technology","868"
"795","clustering algorithms","##29184","1","information retrieval technology","685"
"796","set theory","set theory","0","information retrieval technology","1885"
"797","computational methods","computational methods","0","information retrieval technology","4812"
"798","data sets","data sets","0","information retrieval technology","0"
"799","classification (of information)","classification (of information)","0","information retrieval technology","2463"
"800","information systems","##29011","1","information retrieval technology","3724"
"801","artificial intelligence","artificial intelligence","0","information retrieval technology","5559"
"802","graph theory","graph theory","0","information retrieval technology","2762"
"803","probability distributions","##29294","1","information retrieval technology","744"
"804","industrial economics","industrial economics","0","information retrieval technology","461"
"805","standards","standards","0","information retrieval technology","1612"
"806","video streaming","video streaming","0","information retrieval technology","368"
"807","retrieval performance","retrieval performance","0","information retrieval technology","32"
"808","hypertext systems","hypertext systems","0","information retrieval technology","76"
"809","semantic information","##29913","1","information retrieval technology","163"
"810","support vector machines","##29298","1","information retrieval technology","1195"
"811","language modelling","language modelling","0","information retrieval technology","32"
"812","probability","probability","0","information retrieval technology","4051"
"813","markup languages","markup languages","0","information retrieval technology","199"
"814","spamming","spamming","0","information retrieval technology","86"
"815","international conferences","international conferences","0","intelligent servicing","5940"
"816","intelligent systems","intelligent systems","0","intelligent servicing","717"
"817","grey systems","##29173","1","intelligent servicing","6"
"818","decision making","decision making","0","intelligent servicing","4023"
"819","problem solving","problem solving","0","intelligent servicing","12148"
"820","forecasting","forecasting","0","intelligent servicing","1414"
"821","technology","technology","0","intelligent servicing","2520"
"822","grey system theory","grey system theory","0","intelligent servicing","16"
"823","management","management","0","intelligent servicing","1164"
"824","neural networks","##29022","1","intelligent servicing","5323"
"825","decision theory","decision theory","0","intelligent servicing","1022"
"826","mathematical models","mathematical models","0","intelligent servicing","18575"
"827","learning systems","learning systems","0","intelligent servicing","4970"
"828","optimization","optimization","0","intelligent servicing","9254"
"829","competition","competition","0","intelligent servicing","915"
"830","fuzzy sets","##29287","1","intelligent servicing","2158"
"831","research","research","0","intelligent servicing","2339"
"832","standards","standards","0","intelligent servicing","1612"
"833","administrative data processing","administrative data processing","0","intelligent servicing","638"
"834","industrial economics","industrial economics","0","intelligent servicing","461"
"835","index systems","##29776","1","intelligent servicing","13"
"836","information management","information management","0","intelligent servicing","2076"
"837","artificial intelligence","artificial intelligence","0","intelligent servicing","5559"
"838","management information systems","management information systems","0","intelligent servicing","1160"
"839","set theory","set theory","0","intelligent servicing","1885"
"840","image classification","image classification","0","intelligent servicing","481"
"841","matrix algebra","matrix algebra","0","intelligent servicing","1869"
"842","error analysis","error analysis","0","intelligent servicing","2809"
"843","project management","project management","0","intelligent servicing","1414"
"844","decision support systems","##29291","1","intelligent servicing","1148"
"845","industrial management","industrial management","0","intelligent servicing","840"
"846","commerce","commerce","0","intelligent servicing","465"
"847","genetic algorithms","##29021","1","intelligent servicing","2920"
"848","game theory","game theory","0","intelligent servicing","851"
"849","flow of solids","flow of solids","0","intelligent servicing","134"
"850","linear programming","linear programming","0","intelligent servicing","633"
"851","rough sets","##29356","1","intelligent servicing","343"
"852","ubiquitous computing","ubiquitous computing","0","intelligent servicing","709"
"853","management science","management science","0","intelligent servicing","149"
"854","learning algorithms","##29192","1","intelligent servicing","1280"
"855","quality control","quality control","0","intelligent servicing","3234"
"856","backpropagation","##29866","1","intelligent servicing","474"
"857","process engineering","process engineering","0","intelligent servicing","353"
"858","education","education","0","intelligent servicing","2651"
"859","decision makers","##29916","1","intelligent servicing","139"
"860","electric load forecasting","electric load forecasting","0","intelligent servicing","81"
"861","simulation results","simulation results","0","intelligent servicing","567"
"862","computer software","computer software","0","intelligent servicing","4088"
"863","adaptive algorithms","##29816","1","intelligent servicing","823"
"864","control theory","control theory","0","intelligent servicing","686"
"865","markov processes","##29290","1","intelligent servicing","1415"
"866","least squares approximations","least squares approximations","0","intelligent servicing","737"
"867","estimation","estimation","0","intelligent servicing","1741"
"868","numerical examples","##30447","1","intelligent servicing","95"
"869","rough set theory","##29356","1","intelligent servicing","343"
"870","forecasting models","##31118","1","intelligent servicing","19"
"871","regression analysis","regression analysis","0","intelligent servicing","4253"
"872","differential equations","differential equations","0","intelligent servicing","603"
"873","vectors","vectors","0","intelligent servicing","1691"
"874","new approaches","new approaches","0","intelligent servicing","283"
"875","internet","internet","0","iot","5506"
"876","internet of things (iot)","internet of things (iot)","0","iot","2"
"877","internet of things","internet of things","0","iot","1"
"878","rfid","rfid","0","iot","148"
"879","sensors","sensors","0","iot","2555"
"880","wireless sensor networks","##29304","1","iot","1225"
"881","internet protocols","##30532","1","iot","989"
"882","wsn","wsn","0","iot","9"
"883","ubiquitous computing","ubiquitous computing","0","iot","709"
"884","communication","communication","0","iot","1701"
"885","network architecture","network architecture","0","iot","720"
"886","information technology","information technology","0","iot","3472"
"887","algorithms","algorithms","0","iot","23341"
"888","cloud computing","cloud computing","0","iot","1"
"889","sensor networks","##29277","1","iot","1265"
"890","web services","##28995","1","iot","1871"
"891","security","security","0","iot","570"
"892","electronic commerce","electronic commerce","0","iot","1298"
"893","cryptography","cryptography","0","iot","1757"
"894","artificial intelligence","artificial intelligence","0","iot","5559"
"895","intelligent buildings","intelligent buildings","0","iot","75"
"896","telecommunication networks","telecommunication networks","0","iot","2235"
"897","automation","automation","0","iot","2941"
"898","information services","information services","0","iot","1555"
"899","middleware","middleware","0","iot","874"
"900","mobile devices","##29264","1","iot","702"
"901","sensor nodes","##29279","1","iot","240"
"902","wireless telecommunication systems","wireless telecommunication systems","0","iot","3620"
"903","6lowpan","6lowpan","0","iot","0"
"904","computer science","computer science","0","iot","4768"
"905","security of data","security of data","0","iot","3689"
"906","technology","technology","0","iot","2520"
"907","information management","information management","0","iot","2076"
"908","standards","standards","0","iot","1612"
"909","quality of service","quality of service","0","iot","2332"
"910","authentication","authentication","0","iot","620"
"911","ipv6","ipv6","0","iot","90"
"912","management","management","0","iot","1164"
"913","research","research","0","iot","2339"
"914","data processing","data processing","0","iot","2347"
"915","semantics","##29518","1","iot","4981"
"916","privacy","privacy","0","iot","313"
"917","soa","soa","0","iot","51"
"918","gateways (computer networks)","gateways (computer networks)","0","iot","207"
"919","network security","network security","0","iot","718"
"920","energy utilization","energy utilization","0","iot","568"
"921","intelligent systems","intelligent systems","0","iot","717"
"922","service oriented architecture (soa)","##29073","1","iot","185"
"923","information science","information science","0","iot","2105"
"924","sensor","sensor","0","iot","607"
"925","rfid technology","rfid technology","0","iot","28"
"926","wireless sensor","##29639","1","iot","142"
"927","smart objects","smart objects","0","iot","4"
"928","heterogeneous networks","##30444","1","iot","98"
"929","industry","industry","0","iot","815"
"930","zigbee","##29354","1","iot","32"
"931","data privacy","data privacy","0","iot","912"
"932","mobile computing","mobile computing","0","iot","1243"
"933","smart power grids","smart power grids","0","iot","0"
"934","mobile telecommunication systems","mobile telecommunication systems","0","iot","1988"
"935","linked open datum","linked open datum","0","linked open data","0"
"936","semantic web","##31848","1","linked open data","771"
"937","semantics","##29518","1","linked open data","4981"
"938","ontology","##29013","1","linked open data","1376"
"939","world wide web","world wide web","0","linked open data","3138"
"940","data handling","data handling","0","linked open data","456"
"941","linked datum","##29214","1","linked open data","2"
"942","metadata","metadata","0","linked open data","1017"
"943","rdf","rdf","0","linked open data","67"
"944","knowledge based systems","##29006","1","linked open data","1527"
"945","visualization","visualization","0","linked open data","1507"
"946","data sets","data sets","0","linked open data","0"
"947","user interfaces","##29004","1","linked open data","3290"
"948","knowledge base","##29170","1","linked open data","197"
"949","ontologies","##29013","1","linked open data","1376"
"950","data integration","data integration","0","linked open data","180"
"951","dbpedia","dbpedia","0","linked open data","0"
"952","semantic technologies","##29052","1","linked open data","20"
"953","resource description framework","resource description framework","0","linked open data","8"
"954","information management","information management","0","linked open data","2076"
"955","digital libraries","##29150","1","linked open data","608"
"956","flow visualization","flow visualization","0","linked open data","122"
"957","sparql","sparql","0","linked open data","6"
"958","semantic web technology","##31848","1","linked open data","771"
"959","research","research","0","linked open data","2339"
"960","information retrieval","information retrieval","0","linked open data","4631"
"961","computer applications","##29296","1","linked open data","683"
"962","natural language processing systems","natural language processing systems","0","linked open data","843"
"963","data mining","data mining","0","linked open data","2426"
"964","information science","information science","0","linked open data","2105"
"965","social networking (online)","social networking (online)","0","linked open data","89"
"966","information systems","##29011","1","linked open data","3724"
"967","websites","websites","0","linked open data","1332"
"968","knowledge management","knowledge management","0","linked open data","790"
"969","linked data","##29214","1","linked open data","2"
"970","web services","##28995","1","linked open data","1871"
"971","social networks","##29010","1","linked open data","257"
"972","personalizations","##29406","1","linked open data","150"
"973","tools","tools","0","linked open data","442"
"974","integration","integration","0","linked open data","956"
"975","personalization","##29406","1","linked open data","150"
"976","semantic data","semantic data","0","linked open data","15"
"977","government data processing","government data processing","0","linked open data","174"
"978","semantic search","semantic search","0","linked open data","19"
"979","wordnet","wordnet","0","linked open data","64"
"980","web application","##29075","1","linked open data","203"
"981","search engines","##29189","1","linked open data","1377"
"982","owl","owl","0","linked open data","106"
"983","multimedia systems","multimedia systems","0","linked open data","1893"
"984","algorithms","algorithms","0","linked open data","23341"
"985","information technology","information technology","0","linked open data","3472"
"986","semantic relationships","##29913","1","linked open data","163"
"987","electronic document exchange","electronic document exchange","0","linked open data","173"
"988","virtual reality","virtual reality","0","linked open data","2676"
"989","artificial intelligence","artificial intelligence","0","linked open data","5559"
"990","query processing","query processing","0","linked open data","554"
"991","management","management","0","linked open data","1164"
"992","bioinformatics","bioinformatics","0","linked open data","2255"
"993","dublin core","dublin core","0","linked open data","29"
"994","learning systems","learning systems","0","linked open data","4970"
"995","linked open data","linked open data","0","linked open datum","0"
"996","semantic web","##31848","1","linked open datum","771"
"997","linked datum","##29214","1","linked open datum","2"
"998","semantics","##29518","1","linked open datum","4981"
"999","data handling","data handling","0","linked open datum","456"
"1000","world wide web","world wide web","0","linked open datum","3138"
"1001","ontology","##29013","1","linked open datum","1376"
"1002","metadata","metadata","0","linked open datum","1017"
"1003","linked data","##29214","1","linked open datum","2"
"1004","rdf","rdf","0","linked open datum","67"
"1005","knowledge based systems","##29006","1","linked open datum","1527"
"1006","artificial intelligence","artificial intelligence","0","linked open datum","5559"
"1007","computer science","computer science","0","linked open datum","4768"
"1008","semantic web technology","##31848","1","linked open datum","771"
"1009","research","research","0","linked open datum","2339"
"1010","information retrieval","information retrieval","0","linked open datum","4631"
"1011","tools","tools","0","linked open datum","442"
"1012","search engines","##29189","1","linked open datum","1377"
"1013","knowledge management","knowledge management","0","linked open datum","790"
"1014","visualization","visualization","0","linked open datum","1507"
"1015","web of datum","web of datum","0","linked open datum","0"
"1016","natural language processing systems","natural language processing systems","0","linked open datum","843"
"1017","websites","websites","0","linked open datum","1332"
"1018","information management","information management","0","linked open datum","2076"
"1019","digital libraries","##29150","1","linked open datum","608"
"1020","database systems","database systems","0","linked open datum","4932"
"1021","knowledge engineering","knowledge engineering","0","linked open datum","708"
"1022","data integration","data integration","0","linked open datum","180"
"1023","query processing","query processing","0","linked open datum","554"
"1024","data sets","data sets","0","linked open datum","0"
"1025","algorithms","algorithms","0","linked open datum","23341"
"1026","data processing","data processing","0","linked open datum","2347"
"1027","semantic technologies","##29052","1","linked open datum","20"
"1028","web services","##28995","1","linked open datum","1871"
"1029","semantic annotations","##29030","1","linked open datum","83"
"1030","dbpedia","dbpedia","0","linked open datum","0"
"1031","computer applications","##29296","1","linked open datum","683"
"1032","sparql","sparql","0","linked open datum","6"
"1033","knowledge base","##29170","1","linked open datum","197"
"1034","management","management","0","linked open datum","1164"
"1035","ontologies","##29013","1","linked open datum","1376"
"1036","internet","internet","0","linked open datum","5506"
"1037","recommender systems","##29083","1","linked open datum","91"
"1038","user interfaces","##29004","1","linked open datum","3290"
"1039","semantic web applications","semantic web applications","0","linked open datum","18"
"1040","rdf data","rdf data","0","linked open datum","9"
"1041","flow visualization","flow visualization","0","linked open datum","122"
"1042","information science","information science","0","linked open datum","2105"
"1043","semantic relationships","##29913","1","linked open datum","163"
"1044","information systems","##29011","1","linked open datum","3724"
"1045","information technology","information technology","0","linked open datum","3472"
"1046","industry","industry","0","linked open datum","815"
"1047","computer programming","computer programming","0","linked open datum","1428"
"1048","knowledge basis","knowledge basis","0","linked open datum","32"
"1049","web application","##29075","1","linked open datum","203"
"1050","social networking (online)","social networking (online)","0","linked open datum","89"
"1051","query languages","query languages","0","linked open datum","2015"
"1052","computers","computers","0","linked open datum","596"
"1053","mash-up","##30145","1","linked open datum","4"
"1054","sensor networks","##29277","1","linked open datum","1265"
"1055","computer architecture","computer architecture","0","many-core architecture","2694"
"1056","many-core","many-core","0","many-core architecture","0"
"1057","multi core","##29151","1","many-core architecture","8"
"1058","program processors","program processors","0","many-core architecture","1026"
"1059","algorithms","algorithms","0","many-core architecture","23341"
"1060","parallel architectures","parallel architectures","0","many-core architecture","167"
"1061","microprocessor chips","microprocessor chips","0","many-core architecture","993"
"1062","optimization","optimization","0","many-core architecture","9254"
"1063","network architecture","network architecture","0","many-core architecture","720"
"1064","embedded systems","##29262","1","many-core architecture","1763"
"1065","parallel programming","parallel programming","0","many-core architecture","90"
"1066","runtimes","runtimes","0","many-core architecture","0"
"1067","parallel processing systems","parallel processing systems","0","many-core architecture","1292"
"1068","design","design","0","many-core architecture","1747"
"1069","multicore architectures","##31506","1","many-core architecture","1"
"1070","memory architecture","memory architecture","0","many-core architecture","22"
"1071","program compilers","program compilers","0","many-core architecture","585"
"1072","multicore programming","multicore programming","0","many-core architecture","2"
"1073","hardware","hardware","0","many-core architecture","379"
"1074","programming models","##29197","1","many-core architecture","49"
"1075","cache memory","cache memory","0","many-core architecture","304"
"1076","distributed parameter networks","distributed parameter networks","0","many-core architecture","81"
"1077","data structures","data structures","0","many-core architecture","3278"
"1078","vlsi circuits","##30419","1","many-core architecture","358"
"1079","multi-core processor","##29812","1","many-core architecture","15"
"1080","shared memories","##29760","1","many-core architecture","47"
"1081","software architecture","##29202","1","many-core architecture","619"
"1082","communication","communication","0","many-core architecture","1701"
"1083","field programmable gate arrays (fpga)","##31878","1","many-core architecture","843"
"1084","benchmarking","benchmarking","0","many-core architecture","870"
"1085","computer simulation","computer simulation","0","many-core architecture","19927"
"1086","parallelizations","##29631","1","many-core architecture","68"
"1087","programmability","programmability","0","many-core architecture","22"
"1088","gpu","gpu","0","many-core architecture","44"
"1089","embedded software","embedded software","0","many-core architecture","71"
"1090","routers","##29205","1","many-core architecture","1239"
"1091","network on chip","##29839","1","many-core architecture","47"
"1092","application programming interfaces (api)","application programming interfaces (api)","0","many-core architecture","70"
"1093","parallel application","parallel application","0","many-core architecture","18"
"1094","processing elements","processing elements","0","many-core architecture","19"
"1095","energy efficiency","energy efficiency","0","many-core architecture","643"
"1096","memory bandwidths","##30600","1","many-core architecture","14"
"1097","on-chip networks","on-chip networks","0","many-core architecture","7"
"1098","application specific integrated circuits","application specific integrated circuits","0","many-core architecture","187"
"1099","multi-core","##29151","1","many-core architecture","8"
"1100","multithreaded","multithreaded","0","many-core architecture","13"
"1101","multitasking","multitasking","0","many-core architecture","195"
"1102","memory hierarchy","memory hierarchy","0","many-core architecture","25"
"1103","computer graphics equipment","computer graphics equipment","0","many-core architecture","19"
"1104","multi-threading","##30306","1","many-core architecture","62"
"1105","multi-core systems","multi-core systems","0","many-core architecture","2"
"1106","energy utilization","energy utilization","0","many-core architecture","568"
"1107","interconnection networks","##29166","1","many-core architecture","381"
"1108","single-chip","single-chip","0","many-core architecture","3"
"1109","multiprocessing systems","multiprocessing systems","0","many-core architecture","298"
"1110","processor cores","processor cores","0","many-core architecture","11"
"1111","high-performance computing","##29475","1","many-core architecture","89"
"1112","synchronization","synchronization","0","many-core architecture","984"
"1113","cache coherence","cache coherence","0","many-core architecture","7"
"1114","distributed computer systems","distributed computer systems","0","many-core architecture","3369"
"1115","map-reduce","##29341","1","mapreduce frameworks","0"
"1116","mapreduce","##29341","1","mapreduce frameworks","0"
"1117","algorithms","algorithms","0","mapreduce frameworks","23341"
"1118","cloud computing","cloud computing","0","mapreduce frameworks","1"
"1119","data mining","data mining","0","mapreduce frameworks","2426"
"1120","big datum","big datum","0","mapreduce frameworks","1"
"1121","data handling","data handling","0","mapreduce frameworks","456"
"1122","data processing","data processing","0","mapreduce frameworks","2347"
"1123","hadoop","hadoop","0","mapreduce frameworks","0"
"1124","big data","big data","0","mapreduce frameworks","0"
"1125","distributed computer systems","distributed computer systems","0","mapreduce frameworks","3369"
"1126","optimization","optimization","0","mapreduce frameworks","9254"
"1127","database systems","database systems","0","mapreduce frameworks","4932"
"1128","fault tolerance","##30717","1","mapreduce frameworks","503"
"1129","scheduling","scheduling","0","mapreduce frameworks","1864"
"1130","clustering algorithms","##29184","1","mapreduce frameworks","685"
"1131","iterative methods","iterative methods","0","mapreduce frameworks","1698"
"1132","programming models","##29197","1","mapreduce frameworks","49"
"1133","distributed file systems","##30530","1","mapreduce frameworks","12"
"1134","query processing","query processing","0","mapreduce frameworks","554"
"1135","benchmarking","benchmarking","0","mapreduce frameworks","870"
"1136","software engineering","software engineering","0","mapreduce frameworks","2799"
"1137","information management","information management","0","mapreduce frameworks","2076"
"1138","parallel architectures","parallel architectures","0","mapreduce frameworks","167"
"1139","distributed computing","distributed computing","0","mapreduce frameworks","131"
"1140","query languages","query languages","0","mapreduce frameworks","2015"
"1141","parallel computation","##29747","1","mapreduce frameworks","64"
"1142","computer science","computer science","0","mapreduce frameworks","4768"
"1143","computer systems","##29295","1","mapreduce frameworks","1672"
"1144","parallel processing","parallel processing","0","mapreduce frameworks","111"
"1145","bioinformatics","bioinformatics","0","mapreduce frameworks","2255"
"1146","map-reduce programming","map-reduce programming","0","mapreduce frameworks","0"
"1147","program processors","program processors","0","mapreduce frameworks","1026"
"1148","forestry","forestry","0","mapreduce frameworks","2758"
"1149","learning systems","learning systems","0","mapreduce frameworks","4970"
"1150","parallel programming model","parallel programming model","0","mapreduce frameworks","1"
"1151","computer programming","computer programming","0","mapreduce frameworks","1428"
"1152","artificial intelligence","artificial intelligence","0","mapreduce frameworks","5559"
"1153","forecasting","forecasting","0","mapreduce frameworks","1414"
"1154","data warehouses","##29272","1","mapreduce frameworks","273"
"1155","data privacy","data privacy","0","mapreduce frameworks","912"
"1156","cluster computing","cluster computing","0","mapreduce frameworks","70"
"1157","search engines","##29189","1","mapreduce frameworks","1377"
"1158","graph theory","graph theory","0","mapreduce frameworks","2762"
"1159","parallel computing","parallel computing","0","mapreduce frameworks","108"
"1160","data-intensive application","data-intensive application","0","mapreduce frameworks","8"
"1161","internet","internet","0","mapreduce frameworks","5506"
"1162","trees (mathematics)","##31109","1","mapreduce frameworks","1846"
"1163","graphic methods","graphic methods","0","mapreduce frameworks","658"
"1164","information systems","##29011","1","mapreduce frameworks","3724"
"1165","feature extraction","feature extraction","0","mapreduce frameworks","3499"
"1166","world wide web","world wide web","0","mapreduce frameworks","3138"
"1167","scheduling algorithms","##29263","1","mapreduce frameworks","435"
"1168","cloud environments","cloud environments","0","mapreduce frameworks","0"
"1169","iterative algorithm","##29500","1","mapreduce frameworks","92"
"1170","multiprocessing systems","multiprocessing systems","0","mapreduce frameworks","298"
"1171","k-means","k-means","0","mapreduce frameworks","50"
"1172","cloud computing environments","cloud computing environments","0","mapreduce frameworks","0"
"1173","large clusters","large clusters","0","mapreduce frameworks","5"
"1174","frequent itemset mining","##30708","1","mapreduce frameworks","41"
"1175","micro-blog","##29726","1","microblog","0"
"1176","social networking (online)","social networking (online)","0","microblog","89"
"1177","twitter","twitter","0","microblog","0"
"1178","social network","##29010","1","microblog","257"
"1179","social networks","##29010","1","microblog","257"
"1180","world wide web","world wide web","0","microblog","3138"
"1181","social media","social media","0","microblog","2"
"1182","data mining","data mining","0","microblog","2426"
"1183","forecasting","forecasting","0","microblog","1414"
"1184","internet","internet","0","microblog","5506"
"1185","behavioral research","behavioral research","0","microblog","916"
"1186","microblogging","microblogging","0","microblog","0"
"1187","information science","information science","0","microblog","2105"
"1188","semantics","##29518","1","microblog","4981"
"1189","sentiment analysis","sentiment analysis","0","microblog","8"
"1190","algorithms","algorithms","0","microblog","23341"
"1191","information systems","##29011","1","microblog","3724"
"1192","information dissemination","information dissemination","0","microblog","1173"
"1193","computer science","computer science","0","microblog","4768"
"1194","data sets","data sets","0","microblog","0"
"1195","information retrieval","information retrieval","0","microblog","4631"
"1196","information diffusion","information diffusion","0","microblog","8"
"1197","blogs","##31003","1","microblog","67"
"1198","online social networks","##29207","1","microblog","4"
"1199","communication","communication","0","microblog","1701"
"1200","computational linguistics","computational linguistics","0","microblog","504"
"1201","user behaviors","##29852","1","microblog","64"
"1202","software engineering","software engineering","0","microblog","2799"
"1203","user-generated content","user-generated content","0","microblog","2"
"1204","data processing","data processing","0","microblog","2347"
"1205","computer applications","##29296","1","microblog","683"
"1206","classification (of information)","classification (of information)","0","microblog","2463"
"1207","research","research","0","microblog","2339"
"1208","search engines","##29189","1","microblog","1377"
"1209","classification","classification","0","microblog","5185"
"1210","hardware","hardware","0","microblog","379"
"1211","hypertext systems","hypertext systems","0","microblog","76"
"1212","systems engineering","systems engineering","0","microblog","383"
"1213","mathematical models","mathematical models","0","microblog","18575"
"1214","artificial intelligence","artificial intelligence","0","microblog","5559"
"1215","social sciences computing","social sciences computing","0","microblog","47"
"1216","recommender systems","##29083","1","microblog","91"
"1217","social network analysis","social network analysis","0","microblog","41"
"1218","opinion mining","opinion mining","0","microblog","4"
"1219","user behavior","##29852","1","microblog","64"
"1220","mobile devices","##29264","1","microblog","702"
"1221","learning algorithms","##29192","1","microblog","1280"
"1222","natural language processing systems","natural language processing systems","0","microblog","843"
"1223","text mining","text mining","0","microblog","112"
"1224","information theory","information theory","0","microblog","1689"
"1225","sentiment classification","sentiment classification","0","microblog","4"
"1226","online systems","##29012","1","microblog","1987"
"1227","user experience","user experience","0","microblog","94"
"1228","feature extraction","feature extraction","0","microblog","3499"
"1229","intelligent systems","intelligent systems","0","microblog","717"
"1230","knowledge management","knowledge management","0","microblog","790"
"1231","websites","websites","0","microblog","1332"
"1232","regression analysis","regression analysis","0","microblog","4253"
"1233","optimization","optimization","0","microblog","9254"
"1234","web searches","##29029","1","microblog","71"
"1235","cloud computing","cloud computing","0","platform as a service (paas)","1"
"1236","infrastructure as a service (iaas)","infrastructure as a service (iaas)","0","platform as a service (paas)","0"
"1237","web services","##28995","1","platform as a service (paas)","1871"
"1238","middleware","middleware","0","platform as a service (paas)","874"
"1239","software as a service","software as a service","0","platform as a service (paas)","6"
"1240","quality of service","quality of service","0","platform as a service (paas)","2332"
"1241","information technology","information technology","0","platform as a service (paas)","3472"
"1242","computer systems","##29295","1","platform as a service (paas)","1672"
"1243","resource allocation","resource allocation","0","platform as a service (paas)","2117"
"1244","virtualizations","##29024","1","platform as a service (paas)","65"
"1245","interoperability","interoperability","0","platform as a service (paas)","734"
"1246","distributed computer systems","distributed computer systems","0","platform as a service (paas)","3369"
"1247","information systems","##29011","1","platform as a service (paas)","3724"
"1248","mobile devices","##29264","1","platform as a service (paas)","702"
"1249","internet","internet","0","platform as a service (paas)","5506"
"1250","algorithms","algorithms","0","platform as a service (paas)","23341"
"1251","virtualization","##29024","1","platform as a service (paas)","65"
"1252","iaas","iaas","0","platform as a service (paas)","0"
"1253","cloud services","##29109","1","platform as a service (paas)","0"
"1254","virtual machines","##29066","1","platform as a service (paas)","96"
"1255","service provider","##30491","1","platform as a service (paas)","185"
"1256","windows operating system","windows operating system","0","platform as a service (paas)","55"
"1257","industry","industry","0","platform as a service (paas)","815"
"1258","virtual reality","virtual reality","0","platform as a service (paas)","2676"
"1259","service level agreements","##29741","1","platform as a service (paas)","66"
"1260","saas","saas","0","platform as a service (paas)","0"
"1261","computer simulation","computer simulation","0","platform as a service (paas)","19927"
"1262","information management","information management","0","platform as a service (paas)","2076"
"1263","cloud computing services","cloud computing services","0","platform as a service (paas)","0"
"1264","distributed database systems","distributed database systems","0","platform as a service (paas)","251"
"1265","cloud environments","cloud environments","0","platform as a service (paas)","0"
"1266","cloud providers","cloud providers","0","platform as a service (paas)","0"
"1267","data processing","data processing","0","platform as a service (paas)","2347"
"1268","map-reduce","##29341","1","platform as a service (paas)","0"
"1269","web application","##29075","1","platform as a service (paas)","203"
"1270","network security","network security","0","platform as a service (paas)","718"
"1271","software engineering","software engineering","0","platform as a service (paas)","2799"
"1272","service oriented architecture (soa)","##29073","1","platform as a service (paas)","185"
"1273","management","management","0","platform as a service (paas)","1164"
"1274","information services","information services","0","platform as a service (paas)","1555"
"1275","optimization","optimization","0","platform as a service (paas)","9254"
"1276","computer programming","computer programming","0","platform as a service (paas)","1428"
"1277","security","security","0","platform as a service (paas)","570"
"1278","cloud computing environments","cloud computing environments","0","platform as a service (paas)","0"
"1279","software design","software design","0","platform as a service (paas)","739"
"1280","access control","access control","0","platform as a service (paas)","728"
"1281","energy efficiency","energy efficiency","0","platform as a service (paas)","643"
"1282","commerce","commerce","0","platform as a service (paas)","465"
"1283","experiments","experiments","0","platform as a service (paas)","527"
"1284","hardware","hardware","0","platform as a service (paas)","379"
"1285","websites","websites","0","platform as a service (paas)","1332"
"1286","tools","tools","0","platform as a service (paas)","442"
"1287","user interfaces","##29004","1","platform as a service (paas)","3290"
"1288","multi agent systems","##29008","1","platform as a service (paas)","1503"
"1289","communication systems","communication systems","0","platform as a service (paas)","1519"
"1290","computing resource","computing resource","0","platform as a service (paas)","21"
"1291","multi-tenancy","##30456","1","platform as a service (paas)","0"
"1292","web-based applications","web-based applications","0","platform as a service (paas)","44"
"1293","dynamic resource allocations","##29977","1","platform as a service (paas)","21"
"1294","multi tenancies","##30456","1","platform as a service (paas)","0"
"1295","cloud computing","cloud computing","0","private cloud","1"
"1296","private clouds","##29355","1","private cloud","0"
"1297","virtual machines","##29066","1","private cloud","96"
"1298","computer systems","##29295","1","private cloud","1672"
"1299","information technology","information technology","0","private cloud","3472"
"1300","virtualizations","##29024","1","private cloud","65"
"1301","virtualization","##29024","1","private cloud","65"
"1302","computer science","computer science","0","private cloud","4768"
"1303","cloud services","##29109","1","private cloud","0"
"1304","industry","industry","0","private cloud","815"
"1305","virtual reality","virtual reality","0","private cloud","2676"
"1306","virtual machine","##29066","1","private cloud","96"
"1307","iaas","iaas","0","private cloud","0"
"1308","computing resource","computing resource","0","private cloud","21"
"1309","computing environments","computing environments","0","private cloud","24"
"1310","computer simulation","computer simulation","0","private cloud","19927"
"1311","quality of service","quality of service","0","private cloud","2332"
"1312","distributed computer systems","distributed computer systems","0","private cloud","3369"
"1313","security issues","##29255","1","private cloud","65"
"1314","grid computing","grid computing","0","private cloud","977"
"1315","computer operating systems","computer operating systems","0","private cloud","791"
"1316","algorithms","algorithms","0","private cloud","23341"
"1317","saas","saas","0","private cloud","0"
"1318","distributed database systems","distributed database systems","0","private cloud","251"
"1319","web services","##28995","1","private cloud","1871"
"1320","scheduling","scheduling","0","private cloud","1864"
"1321","internet","internet","0","private cloud","5506"
"1322","cluster computing","cluster computing","0","private cloud","70"
"1323","resource allocation","resource allocation","0","private cloud","2117"
"1324","access control","access control","0","private cloud","728"
"1325","communication","communication","0","private cloud","1701"
"1326","telecommunication networks","telecommunication networks","0","private cloud","2235"
"1327","security of data","security of data","0","private cloud","3689"
"1328","cloud storage","##29401","1","private cloud","0"
"1329","security","security","0","private cloud","570"
"1330","data privacy","data privacy","0","private cloud","912"
"1331","metadata","metadata","0","private cloud","1017"
"1332","data processing","data processing","0","private cloud","2347"
"1333","hadoop","hadoop","0","private cloud","0"
"1334","parallel architectures","parallel architectures","0","private cloud","167"
"1335","computing infrastructures","computing infrastructures","0","private cloud","4"
"1336","cloud systems","cloud systems","0","private cloud","2"
"1337","virtualization technologies","virtualization technologies","0","private cloud","2"
"1338","information management","information management","0","private cloud","2076"
"1339","technology","technology","0","private cloud","2520"
"1340","computer software","computer software","0","private cloud","4088"
"1341","cloud storages","##29401","1","private cloud","0"
"1342","windows operating system","windows operating system","0","private cloud","55"
"1343","distributed file systems","##30530","1","private cloud","12"
"1344","benchmarking","benchmarking","0","private cloud","870"
"1345","computer hardware","computer hardware","0","private cloud","1209"
"1346","cloud security","##29328","1","private cloud","0"
"1347","soa","soa","0","private cloud","51"
"1348","automation","automation","0","private cloud","2941"
"1349","research","research","0","private cloud","2339"
"1350","middleware","middleware","0","private cloud","874"
"1351","privacy","privacy","0","private cloud","313"
"1352","service provider","##30491","1","private cloud","185"
"1353","computing technology","computing technology","0","private cloud","20"
"1354","scheduling algorithms","##29263","1","private cloud","435"
"1415","linked datum","##29214","1","web of datum","2"
"1416","world wide web","world wide web","0","web of datum","3138"
"1417","semantic web","##31848","1","web of datum","771"
"1418","data handling","data handling","0","web of datum","456"
"1419","linked data","##29214","1","web of datum","2"
"1420","web of data","web of data","0","web of datum","0"
"1421","semantics","##29518","1","web of datum","4981"
"1422","ontology","##29013","1","web of datum","1376"
"1423","data sets","data sets","0","web of datum","0"
"1424","artificial intelligence","artificial intelligence","0","web of datum","5559"
"1425","rdf data","rdf data","0","web of datum","9"
"1426","metadata","metadata","0","web of datum","1017"
"1427","information retrieval","information retrieval","0","web of datum","4631"
"1428","websites","websites","0","web of datum","1332"
"1429","semantic web technology","##31848","1","web of datum","771"
"1430","web services","##28995","1","web of datum","1871"
"1431","query processing","query processing","0","web of datum","554"
"1432","knowledge management","knowledge management","0","web of datum","790"
"1433","algorithms","algorithms","0","web of datum","23341"
"1434","data-sources","data-sources","0","web of datum","17"
"1435","semantic data","semantic data","0","web of datum","15"
"1436","search engines","##29189","1","web of datum","1377"
"1437","information management","information management","0","web of datum","2076"
"1438","rdf","rdf","0","web of datum","67"
"1439","internet","internet","0","web of datum","5506"
"1440","linked open datum","linked open datum","0","web of datum","0"
"1441","hypertext systems","hypertext systems","0","web of datum","76"
"1442","knowledge based systems","##29006","1","web of datum","1527"
"1443","knowledge base","##29170","1","web of datum","197"
"1444","social networking (online)","social networking (online)","0","web of datum","89"
"1445","interoperability","interoperability","0","web of datum","734"
"1446","knowledge engineering","knowledge engineering","0","web of datum","708"
"1447","semantic search","semantic search","0","web of datum","19"
"1448","data integration","data integration","0","web of datum","180"
"1449","recommender systems","##29083","1","web of datum","91"
"1450","computer science","computer science","0","web of datum","4768"
"1451","personal information","personal information","0","web of datum","55"
"1452","web application","##29075","1","web of datum","203"
"1453","research","research","0","web of datum","2339"
"1454","data mining","data mining","0","web of datum","2426"
"1455","semantic information","##29913","1","web of datum","163"
"1456","database systems","database systems","0","web of datum","4932"
"1457","user profile","##29177","1","web of datum","63"
"1458","user interfaces","##29004","1","web of datum","3290"
"1459","web resources","web resources","0","web of datum","31"
"1460","semantic annotations","##29030","1","web of datum","83"
"1461","ontology mapping","ontology mapping","0","web of datum","43"
"1462","http","http","0","web of datum","90"
"1463","web 2.0","web 2.0","0","web of datum","24"
"1464","tools","tools","0","web of datum","442"
"1465","web technologies","##31614","1","web of datum","46"
"1466","access control","access control","0","web of datum","728"
"1467","relational database","##29105","1","web of datum","102"
"1468","information technology","information technology","0","web of datum","3472"
"1469","semantic web applications","semantic web applications","0","web of datum","18"
"1470","specifications","##29196","1","web of datum","749"
"1471","digital libraries","##29150","1","web of datum","608"
"1472","experiments","experiments","0","web of datum","527"
"1473","social web","##30220","1","web of datum","1"
"1474","structured information","structured information","0","web of datum","15"
